cycle_id,stage,status,strategy_name,timeframe,updated_at,version
cycle_1791211106362,pick_target,completed,,1h,1791211106.4593656,1
cycle_1791211106764,pick_target,completed,,1h,1791211106.8175538,1
cycle_1791211107154,pick_target,completed,,1h,1791211107.2075486,1
cycle_1791211107483,pick_target,completed,,1h,1791211107.5480573,1
cycle_1791211107857,pick_target,completed,,1h,1791211107.9184391,1
cycle_1791211108184,pick_target,completed,,1h,1791211108.236931,1
cycle_1791211108554,pick_target,completed,,1h,1791211108.6082685,1
cycle_1791211108974,pick_target,completed,,1h,1791211109.0261283,1
cycle_1791211109314,pick_target,completed,,1h,1791211109.366653,1
cycle_1791211109646,pick_target,completed,,1h,1791211109.6965573,1
cycle_1791211109974,pick_target,completed,,1h,1791211110.027292,1
cycle_1791211110307,pick_target,completed,,1h,1791211110.3675165,1
cycle_1791211110663,pick_target,completed,,1h,1791211110.7159295,1
cycle_1791211111034,pick_target,completed,,1h,1791211111.0957887,1
cycle_1791211111382,pick_target,completed,,1h,1791211111.4372284,1
cycle_1791211111704,pick_target,completed,,1h,1791211111.756514,1
cycle_1791211112054,pick_target,completed,,1h,1791211112.1064432,1
cycle_1791211112425,pick_target,completed,,1h,1791211112.4777553,1
cycle_1791211112764,pick_target,completed,,1h,1791211112.8173878,1
cycle_1791211113130,pick_target,completed,,1h,1791211113.177928,1
cycle_1791211113464,pick_target,completed,,1h,1791211113.517521,1
cycle_1791211113804,pick_target,completed,,1h,1791211113.86265,1
cycle_1791211114134,pick_target,completed,,1h,1791211114.1863952,1
cycle_1791211114474,pick_target,completed,,1h,1791211114.5269907,1
cycle_1791211114829,pick_target,completed,,1h,1791211114.9714346,1
cycle_1791211115255,pick_target,completed,,1h,1791211115.3098922,1
cycle_1791211115576,pick_target,completed,,1h,1791211115.627261,1
cycle_1791211115924,pick_target,completed,,1h,1791211115.982728,1
cycle_1791211116255,pick_target,completed,,1h,1791211116.3085814,1
cycle_1791211116598,pick_target,completed,,1h,1791211116.6711946,1
cycle_1791211116976,pick_target,completed,,1h,1791211117.0277174,1
cycle_1791211117303,pick_target,completed,,1h,1791211117.3577242,1
cycle_1791211117662,pick_target,completed,,1h,1791211117.721419,1
cycle_1791211118087,pick_target,completed,,1h,1791211118.148911,1
cycle_1791211118435,pick_target,completed,,1h,1791211118.4866502,1
cycle_1791211118744,pick_target,completed,,1h,1791211118.7979114,1
cycle_1791211119084,pick_target,completed,,1h,1791211119.1459424,1
cycle_1791211119419,pick_target,completed,,1h,1791211119.4807646,1
cycle_1791211119766,pick_target,completed,,1h,1791211119.8201325,1
cycle_1791211120135,pick_target,completed,,1h,1791211120.2105014,1
cycle_1791211120515,pick_target,completed,,1h,1791211120.5537636,1
cycle_1791211120863,pick_target,completed,,1h,1791211120.9255855,1
cycle_1791211121214,pick_target,completed,,1h,1791211121.2673907,1
cycle_1791211121535,pick_target,completed,,1h,1791211121.5875468,1
cycle_1791211121874,pick_target,completed,,1h,1791211121.927771,1
cycle_1791211122215,pick_target,completed,,1h,1791211122.2848675,1
cycle_1791211122565,pick_target,completed,,1h,1791211122.6179159,1
cycle_1791211122920,pick_target,completed,,1h,1791211122.966631,1
cycle_1791211123273,pick_target,completed,,1h,1791211123.328968,1
cycle_1791211123602,pick_target,completed,,1h,1791211123.6574502,1
cycle_1791211123944,pick_target,completed,,1h,1791211123.9978964,1
cycle_1791211124393,pick_target,completed,,1h,1791211124.4483054,1
cycle_1791211124766,pick_target,completed,,1h,1791211124.8313878,1
cycle_1791211125105,pick_target,completed,,1h,1791211125.1579857,1
cycle_1791211125445,pick_target,completed,,1h,1791211125.5055242,1
cycle_1791211125782,pick_target,completed,,1h,1791211125.8499718,1
cycle_1791211126123,pick_target,completed,,1h,1791211126.1866915,1
cycle_1791211126465,pick_target,completed,,1h,1791211126.5257628,1
cycle_1791211126823,pick_target,completed,,1h,1791211126.877441,1
cycle_1791211127152,pick_target,completed,,1h,1791211127.208708,1
cycle_1791211127493,pick_target,completed,,1h,1791211127.5488343,1
cycle_1791211127854,pick_target,completed,,1h,1791211127.9183328,1
cycle_1791211128211,pick_target,completed,,1h,1791211128.2685714,1
cycle_1791211128563,pick_target,completed,,1h,1791211128.627711,1
cycle_1791211128926,pick_target,completed,,1h,1791211128.9777956,1
cycle_1791211129265,pick_target,completed,,1h,1791211129.3173888,1
cycle_1791211129614,pick_target,completed,,1h,1791211129.6682522,1
cycle_1791211129955,pick_target,completed,,1h,1791211130.0080655,1
cycle_1791211130276,pick_target,completed,,1h,1791211130.3380706,1
cycle_1791211130613,pick_target,completed,,1h,1791211130.6730661,1
cycle_1791211130964,pick_target,completed,,1h,1791211131.0217261,1
cycle_1791211131296,pick_target,completed,,1h,1791211131.3488593,1
cycle_1791211131637,pick_target,completed,,1h,1791211131.6960955,1
cycle_1791211132044,pick_target,completed,,1h,1791211132.0967817,1
cycle_1791211132384,pick_target,completed,,1h,1791211132.4367113,1
cycle_1791211132728,pick_target,completed,,1h,1791211132.7862282,1
cycle_1791211133105,pick_target,completed,,1h,1791211133.1589756,1
cycle_1791211133424,pick_target,completed,,1h,1791211133.4776464,1
cycle_1791211133765,pick_target,completed,,1h,1791211133.8177135,1
cycle_1791211134095,pick_target,completed,,1h,1791211134.1490047,1
cycle_1791211134444,pick_target,completed,,1h,1791211134.5042694,1
cycle_1791211134785,pick_target,completed,,1h,1791211134.8475778,1
cycle_1791211135340,pick_target,completed,,1h,1791211135.3972325,1
cycle_1791211135694,pick_target,completed,,1h,1791211135.7471564,1
cycle_1791211136045,pick_target,completed,,1h,1791211136.1005602,1
cycle_1791211136413,pick_target,completed,,1h,1791211136.4709132,1
cycle_1791211136775,pick_target,completed,,1h,1791211136.8269453,1
cycle_1791211137115,pick_target,completed,,1h,1791211137.1668677,1
cycle_1791211137444,pick_target,completed,,1h,1791211137.4969437,1
cycle_1791211137774,pick_target,completed,,1h,1791211137.8271236,1
cycle_1791211138125,pick_target,completed,,1h,1791211138.1767297,1
cycle_1791211138454,pick_target,completed,,1h,1791211138.5063634,1
cycle_1791211138783,pick_target,completed,,1h,1791211138.8479314,1
cycle_1791211139138,pick_target,completed,,1h,1791211139.1912928,1
cycle_1791211139484,pick_target,completed,,1h,1791211139.5382125,1
cycle_1791211139826,pick_target,completed,,1h,1791211139.892748,1
cycle_1791211140197,pick_target,completed,,1h,1791211140.2559595,1
cycle_1791211140524,pick_target,completed,,1h,1791211140.5764053,1
cycle_1791211140854,pick_target,completed,,1h,1791211140.9112248,1
cycle_1791211141287,pick_target,completed,,1h,1791211141.357366,1
cycle_1791211141634,pick_target,completed,,1h,1791211141.6879287,1
cycle_1791211141982,pick_target,completed,,1h,1791211142.0378845,1
cycle_1791211142318,pick_target,completed,,1h,1791211142.3842547,1
cycle_1791211142654,pick_target,completed,,1h,1791211142.7063162,1
cycle_1791211143019,pick_target,completed,,1h,1791211143.0773814,1
cycle_1791211143373,pick_target,completed,,1h,1791211143.4345088,1
cycle_1791211143714,pick_target,completed,,1h,1791211143.776544,1
cycle_1791211144064,pick_target,completed,,1h,1791211144.118332,1
cycle_1791211144393,pick_target,completed,,1h,1791211144.4481702,1
cycle_1791211144715,pick_target,completed,,1h,1791211144.7711687,1
cycle_1791211145052,pick_target,completed,,1h,1791211145.1076188,1
cycle_1791211145404,pick_target,completed,,1h,1791211145.4636676,1
cycle_1791211145759,pick_target,completed,,1h,1791211145.809916,1
cycle_1791211146095,pick_target,completed,,1h,1791211146.1483808,1
cycle_1791211146439,pick_target,completed,,1h,1791211146.4891365,1
cycle_1791211146762,pick_target,completed,,1h,1791211146.8179903,1
cycle_1791211147085,pick_target,completed,,1h,1791211147.1472325,1
cycle_1791211147419,pick_target,completed,,1h,1791211147.476433,1
cycle_1791211147745,pick_target,completed,,1h,1791211147.798788,1
cycle_1791211148102,pick_target,completed,,1h,1791211148.1671126,1
cycle_1791211148436,pick_target,completed,,1h,1791211148.4960322,1
cycle_1791211148764,pick_target,completed,,1h,1791211148.8167412,1
cycle_1791211149095,pick_target,completed,,1h,1791211149.148878,1
cycle_1791211149443,pick_target,completed,,1h,1791211149.4983919,1
cycle_1791211149757,pick_target,completed,,1h,1791211150.149117,1
cycle_1791211150415,pick_target,completed,,1h,1791211150.4691997,1
cycle_1791211150757,pick_target,completed,,1h,1791211150.8086646,1
cycle_1791211151151,pick_target,completed,,1h,1791211151.2087183,1
cycle_1791211151497,pick_target,completed,,1h,1791211151.5659647,1
cycle_1791211151848,pick_target,completed,,1h,1791211151.9054012,1
cycle_1791211152176,pick_target,completed,,1h,1791211152.2278395,1
cycle_1791211152515,pick_target,completed,,1h,1791211152.5689087,1
cycle_1791211152850,pick_target,completed,,1h,1791211152.9082625,1
cycle_1791211153214,pick_target,completed,,1h,1791211153.268057,1
cycle_1791211153567,pick_target,completed,,1h,1791211153.625207,1
cycle_1791211153937,pick_target,completed,,1h,1791211153.9999754,1
cycle_1791211154367,pick_target,completed,,1h,1791211154.4284089,1
cycle_1791211154713,pick_target,completed,,1h,1791211154.7673206,1
cycle_1791211155055,pick_target,completed,,1h,1791211155.1099198,1
cycle_1791211155395,pick_target,completed,,1h,1791211155.4480586,1
cycle_1791211155735,pick_target,completed,,1h,1791211155.787935,1
cycle_1791211156096,pick_target,completed,,1h,1791211156.1556976,1
cycle_1791211156458,pick_target,completed,,1h,1791211156.5194004,1
cycle_1791211156796,pick_target,completed,,1h,1791211156.860334,1
cycle_1791211157126,pick_target,completed,,1h,1791211157.1781824,1
cycle_1791211157466,pick_target,completed,,1h,1791211157.5178173,1
cycle_1791211157803,pick_target,completed,,1h,1791211157.8661332,1
cycle_1791211158154,pick_target,completed,,1h,1791211158.2077603,1
cycle_1791211158475,pick_target,completed,,1h,1791211158.5277586,1
cycle_1791211158815,pick_target,completed,,1h,1791211158.8675866,1
cycle_1791211159154,pick_target,completed,,1h,1791211159.2099984,1
cycle_1791211159503,pick_target,completed,,1h,1791211159.5581741,1
cycle_1791211159859,pick_target,completed,,1h,1791211159.9190497,1
cycle_1791211160196,pick_target,completed,,1h,1791211160.2497764,1
cycle_1791211160566,pick_target,completed,,1h,1791211160.6188786,1
cycle_1791211160915,pick_target,completed,,1h,1791211160.975429,1
cycle_1791211161255,pick_target,completed,,1h,1791211161.3085413,1
cycle_1791211161595,pick_target,completed,,1h,1791211161.6478086,1
cycle_1791211161925,pick_target,completed,,1h,1791211161.977819,1
cycle_1791211162258,pick_target,completed,,1h,1791211162.3189085,1
cycle_1791211162605,pick_target,completed,,1h,1791211162.6618178,1
cycle_1791211162981,pick_target,completed,,1h,1791211163.0391977,1
cycle_1791211163324,pick_target,completed,,1h,1791211163.3783453,1
cycle_1791211163676,pick_target,completed,,1h,1791211163.728398,1
cycle_1791211164005,pick_target,completed,,1h,1791211164.057639,1
cycle_1791211164346,pick_target,completed,,1h,1791211164.3965623,1
cycle_1791211164660,pick_target,completed,,1h,1791211164.7070034,1
cycle_1791211165007,pick_target,completed,,1h,1791211165.0582836,1
cycle_1791211165353,pick_target,completed,,1h,1791211165.4076247,1
cycle_1791211165705,pick_target,completed,,1h,1791211165.7578251,1
cycle_1791211166034,pick_target,completed,,1h,1791211166.0999732,1
cycle_1791211166365,pick_target,completed,,1h,1791211166.417816,1
cycle_1791211166696,pick_target,completed,,1h,1791211166.7472897,1
cycle_1791211167015,pick_target,completed,,1h,1791211167.0667968,1
cycle_1791211167345,pick_target,completed,,1h,1791211167.3984327,1
cycle_1791211167685,pick_target,completed,,1h,1791211167.7502067,1
cycle_1791211168026,pick_target,completed,,1h,1791211168.0792897,1
cycle_1791211168345,pick_target,completed,,1h,1791211168.405547,1
cycle_1791211168694,pick_target,completed,,1h,1791211168.7484562,1
cycle_1791211169116,pick_target,completed,,1h,1791211169.1696622,1
cycle_1791211169446,pick_target,completed,,1h,1791211169.4992285,1
cycle_1791211169764,pick_target,completed,,1h,1791211169.819651,1
cycle_1791211170116,pick_target,completed,,1h,1791211170.1839125,1
cycle_1791211170456,pick_target,completed,,1h,1791211170.509227,1
cycle_1791211170784,pick_target,completed,,1h,1791211170.8502154,1
cycle_1791211171116,pick_target,completed,,1h,1791211171.1688213,1
cycle_1791211171445,pick_target,completed,,1h,1791211171.4999216,1
cycle_1791211171785,pick_target,completed,,1h,1791211171.8506267,1
cycle_1791211172116,pick_target,completed,,1h,1791211172.167364,1
cycle_1791211172445,pick_target,completed,,1h,1791211172.497863,1
cycle_1791211172776,pick_target,completed,,1h,1791211172.8288925,1
cycle_1791211173144,pick_target,completed,,1h,1791211173.2065556,1
cycle_1791211173485,pick_target,completed,,1h,1791211173.5472782,1
cycle_1791211173825,pick_target,completed,,1h,1791211173.8791056,1
cycle_1791211174166,pick_target,completed,,1h,1791211174.2190268,1
cycle_1791211174513,pick_target,completed,,1h,1791211174.5762043,1
cycle_1791211174876,pick_target,completed,,1h,1791211174.9277415,1
cycle_1791211175213,pick_target,completed,,1h,1791211175.2631524,1
cycle_1791211175581,pick_target,completed,,1h,1791211175.6387205,1
cycle_1791211175955,pick_target,completed,,1h,1791211176.0080981,1
cycle_1791211176285,pick_target,completed,,1h,1791211176.3328867,1
cycle_1791211176625,pick_target,completed,,1h,1791211176.6774347,1
cycle_1791211176956,pick_target,completed,,1h,1791211177.0174243,1
cycle_1791211177304,pick_target,completed,,1h,1791211177.3576903,1
cycle_1791211177652,pick_target,completed,,1h,1791211177.7075915,1
cycle_1791211177993,pick_target,completed,,1h,1791211178.0469437,1
cycle_1791211178325,pick_target,completed,,1h,1791211178.3895316,1
cycle_1791211178677,pick_target,completed,,1h,1791211178.7461782,1
cycle_1791211179015,pick_target,completed,,1h,1791211179.0695448,1
cycle_1791211179345,pick_target,completed,,1h,1791211179.3969643,1
cycle_1791211179666,pick_target,completed,,1h,1791211179.7179837,1
cycle_1791211179975,pick_target,completed,,1h,1791211180.029117,1
cycle_1791211180304,pick_target,completed,,1h,1791211180.3607092,1
cycle_1791211180648,pick_target,completed,,1h,1791211180.699215,1
cycle_1791211180984,pick_target,completed,,1h,1791211181.0383723,1
cycle_1791211181326,pick_target,completed,,1h,1791211181.3900447,1
cycle_1791211181681,pick_target,completed,,1h,1791211181.7373633,1
cycle_1791211182024,pick_target,completed,,1h,1791211182.0790107,1
cycle_1791211182364,pick_target,completed,,1h,1791211182.4173877,1
cycle_1791211182705,pick_target,completed,,1h,1791211182.7578921,1
cycle_1791211183055,pick_target,completed,,1h,1791211183.1075675,1
cycle_1791211183376,pick_target,completed,,1h,1791211183.4376621,1
cycle_1791211183706,pick_target,completed,,1h,1791211183.7589028,1
cycle_1791211184075,pick_target,completed,,1h,1791211184.1279867,1
cycle_1791211184416,pick_target,completed,,1h,1791211184.4683127,1
cycle_1791211184736,pick_target,completed,,1h,1791211184.7898564,1
cycle_1791211185103,pick_target,completed,,1h,1791211185.1680105,1
cycle_1791211185440,pick_target,completed,,1h,1791211185.499692,1
cycle_1791211185785,pick_target,completed,,1h,1791211185.8470144,1
cycle_1791211186133,pick_target,completed,,1h,1791211186.1962678,1
cycle_1791211186476,pick_target,completed,,1h,1791211186.5281453,1
cycle_1791211186866,pick_target,completed,,1h,1791211186.918412,1
cycle_1791211187215,pick_target,completed,,1h,1791211187.2680817,1
cycle_1791211187546,pick_target,completed,,1h,1791211187.6085997,1
cycle_1791211187899,pick_target,completed,,1h,1791211187.962002,1
cycle_1791211188265,pick_target,completed,,1h,1791211188.3203566,1
cycle_1791211188596,pick_target,completed,,1h,1791211188.6898685,1
cycle_1791211189024,pick_target,completed,,1h,1791211189.0775924,1
cycle_1791211189355,pick_target,completed,,1h,1791211189.4072192,1
cycle_1791211189725,pick_target,completed,,1h,1791211189.7793756,1
cycle_1791211190106,pick_target,completed,,1h,1791211190.164413,1
cycle_1791211190453,pick_target,completed,,1h,1791211190.508351,1
cycle_1791211190848,pick_target,completed,,1h,1791211190.8976197,1
cycle_1791211191175,pick_target,completed,,1h,1791211191.2586691,1
cycle_1791211191577,pick_target,completed,,1h,1791211191.6407866,1
cycle_1791211191943,pick_target,completed,,1h,1791211192.005621,1
cycle_1791211192325,pick_target,completed,,1h,1791211192.408258,1
cycle_1791211192697,pick_target,completed,,1h,1791211192.7600465,1
cycle_1791211193044,pick_target,completed,,1h,1791211193.1064808,1
cycle_1791211193430,pick_target,completed,,1h,1791211193.493742,1
cycle_1791211193796,pick_target,completed,,1h,1791211193.861602,1
cycle_1791211194145,pick_target,completed,,1h,1791211194.2002368,1
cycle_1791211194466,pick_target,completed,,1h,1791211194.51873,1
cycle_1791211194806,pick_target,completed,,1h,1791211194.8625846,1
cycle_1791211195137,pick_target,completed,,1h,1791211195.1894412,1
cycle_1791211195533,pick_target,completed,,1h,1791211195.594008,1
cycle_1791211195880,pick_target,completed,,1h,1791211195.9382172,1
cycle_1791211196216,pick_target,completed,,1h,1791211196.2694411,1
cycle_1791211196554,pick_target,completed,,1h,1791211196.6077979,1
cycle_1791211196870,pick_target,completed,,1h,1791211196.9187155,1
cycle_1791211197178,pick_target,completed,,1h,1791211197.2377803,1
cycle_1791211197535,pick_target,completed,,1h,1791211197.589108,1
cycle_1791211197866,pick_target,completed,,1h,1791211197.9226327,1
cycle_1791211198189,pick_target,completed,,1h,1791211198.247647,1
cycle_1791211198525,pick_target,completed,,1h,1791211198.5787444,1
cycle_1791211198916,pick_target,completed,,1h,1791211198.9680138,1
cycle_1791211199253,pick_target,completed,,1h,1791211199.3238144,1
cycle_1791211199638,pick_target,completed,,1h,1791211199.6977448,1
cycle_1791211199966,pick_target,completed,,1h,1791211200.019985,1
cycle_1791211200295,pick_target,completed,,1h,1791211200.3470323,1
cycle_1791211200617,pick_target,completed,,1h,1791211200.6859272,1
cycle_1791211200965,pick_target,completed,,1h,1791211201.0288148,1
cycle_1791211201305,pick_target,completed,,1h,1791211201.3591862,1
cycle_1791211201645,pick_target,completed,,1h,1791211201.697206,1
cycle_1791211201975,pick_target,completed,,1h,1791211202.028736,1
cycle_1791211202304,pick_target,completed,,1h,1791211202.3570805,1
cycle_1791211202635,pick_target,completed,,1h,1791211202.6948788,1
cycle_1791211202984,pick_target,completed,,1h,1791211203.0385013,1
cycle_1791211203336,pick_target,completed,,1h,1791211203.3873112,1
cycle_1791211203668,pick_target,completed,,1h,1791211203.7275212,1
cycle_1791211204030,pick_target,completed,,1h,1791211204.0871994,1
cycle_1791211204376,pick_target,completed,,1h,1791211204.4271219,1
cycle_1791211204695,pick_target,completed,,1h,1791211204.749244,1
cycle_1791211205023,pick_target,completed,,1h,1791211205.0782688,1
cycle_1791211205346,pick_target,completed,,1h,1791211205.4001436,1
cycle_1791211205728,pick_target,completed,,1h,1791211205.7892435,1
cycle_1791211206096,pick_target,completed,,1h,1791211206.1483345,1
cycle_1791211206435,pick_target,completed,,1h,1791211206.4907906,1
cycle_1791211206735,pick_target,completed,,1h,1791211206.7982419,1
cycle_1791211207075,pick_target,completed,,1h,1791211207.1276572,1
cycle_1791211207417,pick_target,completed,,1h,1791211207.468295,1
cycle_1791211207755,pick_target,completed,,1h,1791211207.827051,1
cycle_1791211208125,pick_target,completed,,1h,1791211208.180522,1
cycle_1791211208460,pick_target,completed,,1h,1791211208.507355,1
cycle_1791211208795,pick_target,completed,,1h,1791211208.8598318,1
cycle_1791211209133,pick_target,completed,,1h,1791211209.1874464,1
cycle_1791211209631,pick_target,completed,,1h,1791211209.6936011,1
cycle_1791211209976,pick_target,completed,,1h,1791211210.0280676,1
cycle_1791211210345,pick_target,completed,,1h,1791211210.4149945,1
cycle_1791211210694,pick_target,completed,,1h,1791211210.7481132,1
cycle_1791211211032,pick_target,completed,,1h,1791211211.0885878,1
cycle_1791211211363,pick_target,completed,,1h,1791211211.4170878,1
cycle_1791211211674,pick_target,completed,,1h,1791211211.729807,1
cycle_1791211212016,pick_target,completed,,1h,1791211212.0761058,1
cycle_1791211212344,pick_target,completed,,1h,1791211212.3970828,1
cycle_1791211212646,pick_target,completed,,1h,1791211212.7104828,1
cycle_1791211212978,pick_target,completed,,1h,1791211213.0568907,1
cycle_1791211213359,pick_target,completed,,1h,1791211213.4176836,1
cycle_1791211213685,pick_target,completed,,1h,1791211213.7387283,1
cycle_1791211214015,pick_target,completed,,1h,1791211214.068584,1
cycle_1791211214345,pick_target,completed,,1h,1791211214.406282,1
cycle_1791211214664,pick_target,completed,,1h,1791211214.720238,1
cycle_1791211215009,pick_target,completed,,1h,1791211215.0671258,1
cycle_1791211215364,pick_target,completed,,1h,1791211215.4204664,1
cycle_1791211215745,pick_target,completed,,1h,1791211215.7986984,1
cycle_1791211216091,pick_target,completed,,1h,1791211216.1482594,1
cycle_1791211216422,pick_target,completed,,1h,1791211216.477284,1
cycle_1791211216746,pick_target,completed,,1h,1791211216.7972383,1
cycle_1791211217085,pick_target,completed,,1h,1791211217.1463268,1
cycle_1791211217426,pick_target,completed,,1h,1791211217.4777734,1
cycle_1791211217754,pick_target,completed,,1h,1791211217.808047,1
cycle_1791211218085,pick_target,completed,,1h,1791211218.1570332,1
cycle_1791211218435,pick_target,completed,,1h,1791211218.4883034,1
cycle_1791211218755,pick_target,completed,,1h,1791211218.8081293,1
cycle_1791211219085,pick_target,completed,,1h,1791211219.1384683,1
cycle_1791211219424,pick_target,completed,,1h,1791211219.4822943,1
cycle_1791211219776,pick_target,completed,,1h,1791211219.8555646,1
cycle_1791211220155,pick_target,completed,,1h,1791211220.2145224,1
cycle_1791211220475,pick_target,completed,,1h,1791211220.528573,1
cycle_1791211220806,pick_target,completed,,1h,1791211220.858394,1
cycle_1791211221145,pick_target,completed,,1h,1791211221.2062445,1
cycle_1791211221485,pick_target,completed,,1h,1791211221.5384161,1
cycle_1791211221826,pick_target,completed,,1h,1791211221.8777804,1
cycle_1791211222175,pick_target,completed,,1h,1791211222.227971,1
cycle_1791211222524,pick_target,completed,,1h,1791211222.5778315,1
cycle_1791211222861,pick_target,completed,,1h,1791211222.9149554,1
cycle_1791211223197,pick_target,completed,,1h,1791211223.2517147,1
cycle_1791211223539,pick_target,completed,,1h,1791211223.6106596,1
cycle_1791211223897,pick_target,completed,,1h,1791211223.960062,1
cycle_1791211224323,pick_target,completed,,1h,1791211224.3778496,1
cycle_1791211224655,pick_target,completed,,1h,1791211224.7080486,1
cycle_1791211224975,pick_target,completed,,1h,1791211225.0364068,1
cycle_1791211225305,pick_target,completed,,1h,1791211225.3589797,1
cycle_1791211225626,pick_target,completed,,1h,1791211225.6774917,1
cycle_1791211226015,pick_target,completed,,1h,1791211226.0690908,1
cycle_1791211226355,pick_target,completed,,1h,1791211226.4076107,1
cycle_1791211226715,pick_target,completed,,1h,1791211226.7687945,1
cycle_1791211227072,pick_target,completed,,1h,1791211227.127875,1
cycle_1791211227394,pick_target,completed,,1h,1791211227.4486406,1
cycle_1791211227725,pick_target,completed,,1h,1791211227.7782295,1
cycle_1791211228120,pick_target,completed,,1h,1791211228.1806524,1
cycle_1791211228475,pick_target,completed,,1h,1791211228.5303674,1
cycle_1791211228824,pick_target,completed,,1h,1791211228.8842363,1
cycle_1791211229168,pick_target,completed,,1h,1791211229.2178338,1
cycle_1791211229498,pick_target,completed,,1h,1791211229.562592,1
cycle_1791211229857,pick_target,completed,,1h,1791211229.9068418,1
cycle_1791211230197,pick_target,completed,,1h,1791211230.2538927,1
cycle_1791211230540,pick_target,completed,,1h,1791211230.6012924,1
cycle_1791211230875,pick_target,completed,,1h,1791211230.9368343,1
cycle_1791211231213,pick_target,completed,,1h,1791211231.263458,1
cycle_1791211231553,pick_target,completed,,1h,1791211231.6321087,1
cycle_1791211231955,pick_target,completed,,1h,1791211232.009359,1
cycle_1791211232275,pick_target,completed,,1h,1791211232.329343,1
cycle_1791211232595,pick_target,completed,,1h,1791211232.6556177,1
cycle_1791211232935,pick_target,completed,,1h,1791211232.9893167,1
cycle_1791211233265,pick_target,completed,,1h,1791211233.3180685,1
cycle_1791211233606,pick_target,completed,,1h,1791211233.6582692,1
cycle_1791211233962,pick_target,completed,,1h,1791211234.0197766,1
cycle_1791211234326,pick_target,completed,,1h,1791211234.3797765,1
cycle_1791211234663,pick_target,completed,,1h,1791211234.7179306,1
cycle_1791211234983,pick_target,completed,,1h,1791211235.0514584,1
cycle_1791211235336,pick_target,completed,,1h,1791211235.3885794,1
cycle_1791211235666,pick_target,completed,,1h,1791211235.7203507,1
cycle_1791211236006,pick_target,completed,,1h,1791211236.0679865,1
cycle_1791211236356,pick_target,completed,,1h,1791211236.408914,1
cycle_1791211236674,pick_target,completed,,1h,1791211236.7362473,1
cycle_1791211237031,pick_target,completed,,1h,1791211237.0849054,1
cycle_1791211237375,pick_target,completed,,1h,1791211237.4372256,1
cycle_1791211237706,pick_target,completed,,1h,1791211237.7586176,1
cycle_1791211238047,pick_target,completed,,1h,1791211238.0981958,1
cycle_1791211238376,pick_target,completed,,1h,1791211238.429234,1
cycle_1791211238715,pick_target,completed,,1h,1791211238.775067,1
cycle_1791211239084,pick_target,completed,,1h,1791211239.1388252,1
cycle_1791211239437,pick_target,completed,,1h,1791211239.488585,1
cycle_1791211239775,pick_target,completed,,1h,1791211239.8284605,1
cycle_1791211240105,pick_target,completed,,1h,1791211240.1674094,1
cycle_1791211240446,pick_target,completed,,1h,1791211240.5072243,1
cycle_1791211240793,pick_target,completed,,1h,1791211240.8621764,1
cycle_1791211241144,pick_target,completed,,1h,1791211241.1992903,1
cycle_1791211241470,pick_target,completed,,1h,1791211241.5208197,1
cycle_1791211241806,pick_target,completed,,1h,1791211241.869662,1
cycle_1791211242164,pick_target,completed,,1h,1791211242.2195482,1
cycle_1791211242514,pick_target,completed,,1h,1791211242.5762446,1
cycle_1791211242866,pick_target,completed,,1h,1791211242.9184606,1
cycle_1791211243205,pick_target,completed,,1h,1791211243.266586,1
cycle_1791211243536,pick_target,completed,,1h,1791211243.5889924,1
cycle_1791211243916,pick_target,completed,,1h,1791211243.969217,1
cycle_1791211244279,pick_target,completed,,1h,1791211244.3376353,1
cycle_1791211244643,pick_target,completed,,1h,1791211244.6981645,1
cycle_1791211245141,pick_target,completed,,1h,1791211245.1990092,1
cycle_1791211245487,pick_target,completed,,1h,1791211245.5375206,1
cycle_1791211245825,pick_target,completed,,1h,1791211245.8795288,1
cycle_1791211246166,pick_target,completed,,1h,1791211246.218195,1
cycle_1791211246498,pick_target,completed,,1h,1791211246.550999,1
cycle_1791211246825,pick_target,completed,,1h,1791211246.8874109,1
cycle_1791211247176,pick_target,completed,,1h,1791211247.2287118,1
cycle_1791211247506,pick_target,completed,,1h,1791211247.5543964,1
cycle_1791211247847,pick_target,completed,,1h,1791211247.8995898,1
cycle_1791211248174,pick_target,completed,,1h,1791211248.2314024,1
cycle_1791211248515,pick_target,completed,,1h,1791211248.569228,1
cycle_1791211248859,pick_target,completed,,1h,1791211248.917423,1
cycle_1791211249181,pick_target,completed,,1h,1791211249.2459748,1
cycle_1791211249525,pick_target,completed,,1h,1791211249.5793917,1
cycle_1791211249868,pick_target,completed,,1h,1791211249.9215815,1
cycle_1791211250197,pick_target,completed,,1h,1791211250.2488222,1
cycle_1791211250516,pick_target,completed,,1h,1791211250.5679564,1
cycle_1791211250850,pick_target,completed,,1h,1791211250.8980398,1
cycle_1791211251175,pick_target,completed,,1h,1791211251.2285209,1
cycle_1791211251506,pick_target,completed,,1h,1791211251.567118,1
cycle_1791211251859,pick_target,completed,,1h,1791211251.9188664,1
cycle_1791211252195,pick_target,completed,,1h,1791211252.2475348,1
cycle_1791211252526,pick_target,completed,,1h,1791211252.5789852,1
cycle_1791211252867,pick_target,completed,,1h,1791211252.919363,1
cycle_1791211253217,pick_target,completed,,1h,1791211253.2739363,1
cycle_1791211253565,pick_target,completed,,1h,1791211253.6189256,1
cycle_1791211253915,pick_target,completed,,1h,1791211253.9793024,1
cycle_1791211254245,pick_target,completed,,1h,1791211254.2992053,1
cycle_1791211254587,pick_target,completed,,1h,1791211254.6476696,1
cycle_1791211254934,pick_target,completed,,1h,1791211254.9886222,1
cycle_1791211255296,pick_target,completed,,1h,1791211255.3597283,1
cycle_1791211255641,pick_target,completed,,1h,1791211255.701109,1
cycle_1791211255995,pick_target,completed,,1h,1791211256.0489118,1
cycle_1791211256335,pick_target,completed,,1h,1791211256.3884938,1
cycle_1791211256715,pick_target,completed,,1h,1791211256.768928,1
cycle_1791211257068,pick_target,completed,,1h,1791211257.1264272,1
cycle_1791211257416,pick_target,completed,,1h,1791211257.4714565,1
cycle_1791211257756,pick_target,completed,,1h,1791211257.8100297,1
cycle_1791211258105,pick_target,completed,,1h,1791211258.1590354,1
cycle_1791211258456,pick_target,completed,,1h,1791211258.519793,1
cycle_1791211258871,pick_target,completed,,1h,1791211258.9288106,1
cycle_1791211259226,pick_target,completed,,1h,1791211259.278111,1
cycle_1791211259555,pick_target,completed,,1h,1791211259.6092608,1
cycle_1791211259928,pick_target,completed,,1h,1791211259.9834251,1
cycle_1791211260276,pick_target,completed,,1h,1791211260.3364513,1
cycle_1791211260605,pick_target,completed,,1h,1791211260.6585462,1
cycle_1791211260945,pick_target,completed,,1h,1791211260.9995694,1
cycle_1791211261294,pick_target,completed,,1h,1791211261.355533,1
cycle_1791211261635,pick_target,completed,,1h,1791211261.6899393,1
cycle_1791211261965,pick_target,completed,,1h,1791211262.0272307,1
cycle_1791211262316,pick_target,completed,,1h,1791211262.3802218,1
cycle_1791211262656,pick_target,completed,,1h,1791211262.7089572,1
cycle_1791211262996,pick_target,completed,,1h,1791211263.0476665,1
cycle_1791211263315,pick_target,completed,,1h,1791211263.367392,1
cycle_1791211263961,pick_target,completed,,1h,1791211264.019266,1
cycle_1791211264297,pick_target,completed,,1h,1791211264.349196,1
cycle_1791211264617,pick_target,completed,,1h,1791211264.683755,1
cycle_1791211264976,pick_target,completed,,1h,1791211265.030862,1
cycle_1791211265319,pick_target,completed,,1h,1791211265.3892593,1
cycle_1791211265676,pick_target,completed,,1h,1791211265.73361,1
cycle_1791211266006,pick_target,completed,,1h,1791211266.0587528,1
cycle_1791211266346,pick_target,completed,,1h,1791211266.4068666,1
cycle_1791211266681,pick_target,completed,,1h,1791211266.7338724,1
cycle_1791211267036,pick_target,completed,,1h,1791211267.0898032,1
cycle_1791211267396,pick_target,completed,,1h,1791211267.448829,1
cycle_1791211267709,pick_target,completed,,1h,1791211267.7631445,1
cycle_1791211268035,pick_target,completed,,1h,1791211268.0893085,1
cycle_1791211268376,pick_target,completed,,1h,1791211268.4286797,1
cycle_1791211268717,pick_target,completed,,1h,1791211268.7687135,1
cycle_1791211269046,pick_target,completed,,1h,1791211269.0990922,1
cycle_1791211269396,pick_target,completed,,1h,1791211269.4494143,1
cycle_1791211269737,pick_target,completed,,1h,1791211269.7992897,1
cycle_1791211270087,pick_target,completed,,1h,1791211270.140296,1
cycle_1791211270427,pick_target,completed,,1h,1791211270.481127,1
cycle_1791211270747,pick_target,completed,,1h,1791211270.7994077,1
cycle_1791211271105,pick_target,completed,,1h,1791211271.158909,1
cycle_1791211271446,pick_target,completed,,1h,1791211271.499321,1
cycle_1791211271786,pick_target,completed,,1h,1791211271.863589,1
cycle_1791211272157,pick_target,completed,,1h,1791211272.2089584,1
cycle_1791211272827,pick_target,completed,,1h,1791211272.8735318,1
cycle_1791211273129,pick_target,completed,,1h,1791211273.1889744,1
cycle_1791211273490,pick_target,completed,,1h,1791211273.5396469,1
cycle_1791211273850,pick_target,completed,,1h,1791211273.9100883,1
cycle_1791211274186,pick_target,completed,,1h,1791211274.2418613,1
cycle_1791211274546,pick_target,completed,,1h,1791211274.5999975,1
cycle_1791211274898,pick_target,completed,,1h,1791211274.9617786,1
cycle_1791211275226,pick_target,completed,,1h,1791211275.287093,1
cycle_1791211275556,pick_target,completed,,1h,1791211275.609615,1
cycle_1791211275917,pick_target,completed,,1h,1791211275.9704561,1
cycle_1791211276243,pick_target,completed,,1h,1791211276.3108203,1
cycle_1791211276609,pick_target,completed,,1h,1791211276.6611774,1
cycle_1791211276958,pick_target,completed,,1h,1791211277.023451,1
cycle_1791211277307,pick_target,completed,,1h,1791211277.3614938,1
cycle_1791211277627,pick_target,completed,,1h,1791211277.6811125,1
cycle_1791211277968,pick_target,completed,,1h,1791211278.020386,1
cycle_1791211278338,pick_target,completed,,1h,1791211278.3833635,1
cycle_1791211278656,pick_target,completed,,1h,1791211278.722197,1
cycle_1791211279017,pick_target,completed,,1h,1791211279.0684319,1
cycle_1791211279356,pick_target,completed,,1h,1791211279.4088895,1
cycle_1791211279695,pick_target,completed,,1h,1791211279.7488291,1
cycle_1791211280053,pick_target,completed,,1h,1791211280.134242,1
cycle_1791211280436,pick_target,completed,,1h,1791211280.4913259,1
cycle_1791211280766,pick_target,completed,,1h,1791211280.8295062,1
cycle_1791211281117,pick_target,completed,,1h,1791211281.17952,1
cycle_1791211281456,pick_target,completed,,1h,1791211281.5089314,1
cycle_1791211281825,pick_target,completed,,1h,1791211281.879326,1
cycle_1791211282195,pick_target,completed,,1h,1791211282.2490635,1
cycle_1791211282527,pick_target,completed,,1h,1791211282.5783634,1
cycle_1791211282856,pick_target,completed,,1h,1791211282.909128,1
cycle_1791211283207,pick_target,completed,,1h,1791211283.2855053,1
cycle_1791211283577,pick_target,completed,,1h,1791211283.6320052,1
cycle_1791211283927,pick_target,completed,,1h,1791211283.9822474,1
cycle_1791211284267,pick_target,completed,,1h,1791211284.3192496,1
cycle_1791211284596,pick_target,completed,,1h,1791211284.6503258,1
cycle_1791211284937,pick_target,completed,,1h,1791211284.9970012,1
cycle_1791211285272,pick_target,completed,,1h,1791211285.329167,1
cycle_1791211285612,pick_target,completed,,1h,1791211285.6687958,1
cycle_1791211285972,pick_target,completed,,1h,1791211286.0237782,1
cycle_1791211286306,pick_target,completed,,1h,1791211286.358821,1
cycle_1791211286645,pick_target,completed,,1h,1791211286.6995308,1
cycle_1791211286977,pick_target,completed,,1h,1791211287.0388515,1
cycle_1791211287306,pick_target,completed,,1h,1791211287.3590748,1
cycle_1791211287639,pick_target,completed,,1h,1791211287.6986592,1
cycle_1791211287977,pick_target,completed,,1h,1791211288.0293045,1
cycle_1791211288307,pick_target,completed,,1h,1791211288.3593736,1
cycle_1791211288637,pick_target,completed,,1h,1791211288.6883707,1
cycle_1791211289017,pick_target,completed,,1h,1791211289.0698712,1
cycle_1791211289347,pick_target,completed,,1h,1791211289.4091835,1
cycle_1791211289717,pick_target,completed,,1h,1791211289.7814069,1
cycle_1791211290093,pick_target,completed,,1h,1791211290.15204,1
cycle_1791211290435,pick_target,completed,,1h,1791211290.4979656,1
cycle_1791211290760,pick_target,completed,,1h,1791211290.8200033,1
cycle_1791211291117,pick_target,completed,,1h,1791211291.1699843,1
cycle_1791211291447,pick_target,completed,,1h,1791211291.5092425,1
cycle_1791211291776,pick_target,completed,,1h,1791211291.8502247,1
cycle_1791211292140,pick_target,completed,,1h,1791211292.1936305,1
cycle_1791211292466,pick_target,completed,,1h,1791211292.5187614,1
cycle_1791211292805,pick_target,completed,,1h,1791211292.864419,1
cycle_1791211293126,pick_target,completed,,1h,1791211293.17459,1
cycle_1791211293436,pick_target,completed,,1h,1791211293.488843,1
cycle_1791211293775,pick_target,completed,,1h,1791211293.8289583,1
cycle_1791211294107,pick_target,completed,,1h,1791211294.1599138,1
cycle_1791211294437,pick_target,completed,,1h,1791211294.4898193,1
cycle_1791211294777,pick_target,completed,,1h,1791211294.8567417,1
cycle_1791211295241,pick_target,completed,,1h,1791211295.3131344,1
cycle_1791211295624,pick_target,completed,,1h,1791211295.6779091,1
cycle_1791211295966,pick_target,completed,,1h,1791211296.0190616,1
cycle_1791211296287,pick_target,completed,,1h,1791211296.3648732,1
cycle_1791211296637,pick_target,completed,,1h,1791211296.6893797,1
cycle_1791211296967,pick_target,completed,,1h,1791211297.0191584,1
cycle_1791211297306,pick_target,completed,,1h,1791211297.359283,1
cycle_1791211297652,pick_target,completed,,1h,1791211297.7094016,1
cycle_1791211298078,pick_target,completed,,1h,1791211298.1292856,1
cycle_1791211298417,pick_target,completed,,1h,1791211298.4695718,1
cycle_1791211298747,pick_target,completed,,1h,1791211298.7995653,1
cycle_1791211299086,pick_target,completed,,1h,1791211299.139219,1
cycle_1791211299427,pick_target,completed,,1h,1791211299.4796767,1
cycle_1791211299777,pick_target,completed,,1h,1791211299.829807,1
cycle_1791211300102,pick_target,completed,,1h,1791211300.150796,1
cycle_1791211300436,pick_target,completed,,1h,1791211300.4903505,1
cycle_1791211300772,pick_target,completed,,1h,1791211300.8253582,1
cycle_1791211301097,pick_target,completed,,1h,1791211301.1485984,1
cycle_1791211301427,pick_target,completed,,1h,1791211301.479086,1
cycle_1791211301766,pick_target,completed,,1h,1791211301.8216941,1
cycle_1791211302094,pick_target,completed,,1h,1791211302.1485934,1
cycle_1791211302435,pick_target,completed,,1h,1791211302.4831808,1
cycle_1791211302776,pick_target,completed,,1h,1791211302.830147,1
cycle_1791211303115,pick_target,completed,,1h,1791211303.174561,1
cycle_1791211303465,pick_target,completed,,1h,1791211303.5196946,1
cycle_1791211303797,pick_target,completed,,1h,1791211303.8668356,1
cycle_1791211304163,pick_target,completed,,1h,1791211304.237046,1
cycle_1791211304507,pick_target,completed,,1h,1791211304.560189,1
cycle_1791211304862,pick_target,completed,,1h,1791211304.926802,1
cycle_1791211305251,pick_target,completed,,1h,1791211305.4265914,1
cycle_1791211305710,pick_target,completed,,1h,1791211305.7700984,1
cycle_1791211306047,pick_target,completed,,1h,1791211306.0994406,1
cycle_1791211306387,pick_target,completed,,1h,1791211306.4391596,1
cycle_1791211306737,pick_target,completed,,1h,1791211306.791935,1
cycle_1791211307057,pick_target,completed,,1h,1791211307.1090503,1
cycle_1791211307375,pick_target,completed,,1h,1791211307.4330106,1
cycle_1791211307716,pick_target,completed,,1h,1791211307.7683809,1
cycle_1791211308057,pick_target,completed,,1h,1791211308.1186535,1
cycle_1791211308414,pick_target,completed,,1h,1791211308.4683294,1
cycle_1791211308759,pick_target,completed,,1h,1791211308.8185284,1
cycle_1791211309118,pick_target,completed,,1h,1791211309.181212,1
cycle_1791211309482,pick_target,completed,,1h,1791211309.5402818,1
cycle_1791211309849,pick_target,completed,,1h,1791211309.899817,1
cycle_1791211310178,pick_target,completed,,1h,1791211310.2338343,1
cycle_1791211310516,pick_target,completed,,1h,1791211310.5858483,1
cycle_1791211310860,pick_target,completed,,1h,1791211310.920555,1
cycle_1791211311194,pick_target,completed,,1h,1791211311.24905,1
cycle_1791211311526,pick_target,completed,,1h,1791211311.5795708,1
cycle_1791211311864,pick_target,completed,,1h,1791211311.9180143,1
cycle_1791211312206,pick_target,completed,,1h,1791211312.2746208,1
cycle_1791211312556,pick_target,completed,,1h,1791211312.608823,1
cycle_1791211312926,pick_target,completed,,1h,1791211312.9797645,1
cycle_1791211313268,pick_target,completed,,1h,1791211313.319686,1
cycle_1791211313626,pick_target,completed,,1h,1791211313.6791365,1
cycle_1791211314310,pick_target,completed,,1h,1791211314.3803196,1
cycle_1791211314693,pick_target,completed,,1h,1791211314.763677,1
cycle_1791211315046,pick_target,completed,,1h,1791211315.0992765,1
cycle_1791211315376,pick_target,completed,,1h,1791211315.432255,1
cycle_1791211315706,pick_target,completed,,1h,1791211315.7603283,1
cycle_1791211316066,pick_target,completed,,1h,1791211316.12005,1
cycle_1791211316399,pick_target,completed,,1h,1791211316.4593873,1
cycle_1791211316755,pick_target,completed,,1h,1791211316.8092878,1
cycle_1791211317105,pick_target,completed,,1h,1791211317.1601746,1
cycle_1791211317457,pick_target,completed,,1h,1791211317.5088024,1
cycle_1791211317777,pick_target,completed,,1h,1791211317.8575869,1
cycle_1791211318147,pick_target,completed,,1h,1791211318.201722,1
cycle_1791211318496,pick_target,completed,,1h,1791211318.557402,1
cycle_1791211318908,pick_target,completed,,1h,1791211318.9693124,1
cycle_1791211319285,pick_target,completed,,1h,1791211319.340643,1
cycle_1791211319634,pick_target,completed,,1h,1791211319.6888287,1
cycle_1791211319966,pick_target,completed,,1h,1791211320.0191603,1
cycle_1791211320296,pick_target,completed,,1h,1791211320.3480556,1
cycle_1791211320626,pick_target,completed,,1h,1791211320.679529,1
cycle_1791211320978,pick_target,completed,,1h,1791211321.0293715,1
cycle_1791211321306,pick_target,completed,,1h,1791211321.3625903,1
cycle_1791211321644,pick_target,completed,,1h,1791211321.7002234,1
cycle_1791211321986,pick_target,completed,,1h,1791211322.038604,1
cycle_1791211322324,pick_target,completed,,1h,1791211322.378592,1
cycle_1791211322685,pick_target,completed,,1h,1791211322.7537236,1
cycle_1791211323056,pick_target,completed,,1h,1791211323.11773,1
cycle_1791211323407,pick_target,completed,,1h,1791211323.4597485,1
cycle_1791211323738,pick_target,completed,,1h,1791211323.8102098,1
cycle_1791211324097,pick_target,completed,,1h,1791211324.1496084,1
cycle_1791211324429,pick_target,completed,,1h,1791211324.4798,1
cycle_1791211324766,pick_target,completed,,1h,1791211324.8228073,1
cycle_1791211325137,pick_target,completed,,1h,1791211325.1900246,1
cycle_1791211325462,pick_target,completed,,1h,1791211325.5189595,1
cycle_1791211325823,pick_target,completed,,1h,1791211325.882454,1
cycle_1791211326181,pick_target,completed,,1h,1791211326.2299025,1
cycle_1791211326516,pick_target,completed,,1h,1791211326.5694385,1
cycle_1791211326859,pick_target,completed,,1h,1791211326.9103243,1
cycle_1791211327178,pick_target,completed,,1h,1791211327.2413838,1
cycle_1791211327546,pick_target,completed,,1h,1791211327.6150916,1
cycle_1791211327906,pick_target,completed,,1h,1791211327.9588742,1
cycle_1791211328237,pick_target,completed,,1h,1791211328.2897706,1
cycle_1791211328616,pick_target,completed,,1h,1791211328.669063,1
cycle_1791211328964,pick_target,completed,,1h,1791211329.0197365,1
cycle_1791211329296,pick_target,completed,,1h,1791211329.3497562,1
cycle_1791211329617,pick_target,completed,,1h,1791211329.6806362,1
cycle_1791211329976,pick_target,completed,,1h,1791211330.0289986,1
cycle_1791211330306,pick_target,completed,,1h,1791211330.3592463,1
cycle_1791211330646,pick_target,completed,,1h,1791211330.7005646,1
cycle_1791211330976,pick_target,completed,,1h,1791211331.0299625,1
cycle_1791211331317,pick_target,completed,,1h,1791211331.3695323,1
cycle_1791211331647,pick_target,completed,,1h,1791211331.6992009,1
cycle_1791211331977,pick_target,completed,,1h,1791211332.0292695,1
cycle_1791211332305,pick_target,completed,,1h,1791211332.359466,1
cycle_1791211332624,pick_target,completed,,1h,1791211332.6793725,1
cycle_1791211332985,pick_target,completed,,1h,1791211333.039568,1
cycle_1791211333340,pick_target,completed,,1h,1791211333.4077637,1
cycle_1791211333677,pick_target,completed,,1h,1791211333.7302802,1
cycle_1791211334016,pick_target,completed,,1h,1791211334.070175,1
cycle_1791211334346,pick_target,completed,,1h,1791211334.4010556,1
cycle_1791211334677,pick_target,completed,,1h,1791211334.7468083,1
cycle_1791211335037,pick_target,completed,,1h,1791211335.0894418,1
cycle_1791211335395,pick_target,completed,,1h,1791211335.4513566,1
cycle_1791211335717,pick_target,completed,,1h,1791211335.769277,1
cycle_1791211336046,pick_target,completed,,1h,1791211336.099897,1
cycle_1791211336407,pick_target,completed,,1h,1791211336.4610238,1
cycle_1791211336767,pick_target,completed,,1h,1791211336.81997,1
cycle_1791211337076,pick_target,completed,,1h,1791211337.129673,1
cycle_1791211337536,pick_target,completed,,1h,1791211337.5899687,1
cycle_1791211337937,pick_target,completed,,1h,1791211337.992607,1
cycle_1791211338286,pick_target,completed,,1h,1791211338.3389468,1
cycle_1791211338649,pick_target,completed,,1h,1791211338.7004917,1
cycle_1791211338987,pick_target,completed,,1h,1791211339.0478878,1
cycle_1791211339317,pick_target,completed,,1h,1791211339.3713646,1
cycle_1791211339667,pick_target,completed,,1h,1791211339.7214112,1
cycle_1791211340065,pick_target,completed,,1h,1791211340.1195247,1
cycle_1791211340420,pick_target,completed,,1h,1791211340.470628,1
cycle_1791211340747,pick_target,completed,,1h,1791211340.7995486,1
cycle_1791211341096,pick_target,completed,,1h,1791211341.1495354,1
cycle_1791211341427,pick_target,completed,,1h,1791211341.4828658,1
cycle_1791211341757,pick_target,completed,,1h,1791211341.8380673,1
cycle_1791211342106,pick_target,completed,,1h,1791211342.1593823,1
cycle_1791211342451,pick_target,completed,,1h,1791211342.5093732,1
cycle_1791211342814,pick_target,completed,,1h,1791211342.8692155,1
cycle_1791211343136,pick_target,completed,,1h,1791211343.199877,1
cycle_1791211343499,pick_target,completed,,1h,1791211343.551368,1
cycle_1791211343808,pick_target,completed,,1h,1791211343.865817,1
cycle_1791211344137,pick_target,completed,,1h,1791211344.198494,1
cycle_1791211344457,pick_target,completed,,1h,1791211344.5096827,1
cycle_1791211344788,pick_target,completed,,1h,1791211344.86159,1
cycle_1791211345146,pick_target,completed,,1h,1791211345.2078524,1
cycle_1791211345487,pick_target,completed,,1h,1791211345.5398912,1
cycle_1791211345886,pick_target,completed,,1h,1791211345.9478354,1
cycle_1791211346236,pick_target,completed,,1h,1791211346.2987359,1
cycle_1791211346627,pick_target,completed,,1h,1791211346.6814492,1
cycle_1791211346990,pick_target,completed,,1h,1791211347.0526748,1
cycle_1791211347357,pick_target,completed,,1h,1791211347.4095087,1
cycle_1791211347697,pick_target,completed,,1h,1791211347.75043,1
cycle_1791211348027,pick_target,completed,,1h,1791211348.0803494,1
cycle_1791211348367,pick_target,completed,,1h,1791211348.419592,1
cycle_1791211348694,pick_target,completed,,1h,1791211348.8086936,1
cycle_1791211349087,pick_target,completed,,1h,1791211349.147602,1
cycle_1791211349447,pick_target,completed,,1h,1791211349.4988046,1
cycle_1791211349776,pick_target,completed,,1h,1791211349.8598754,1
cycle_1791211350136,pick_target,completed,,1h,1791211350.197936,1
cycle_1791211350457,pick_target,completed,,1h,1791211350.5097783,1
cycle_1791211350788,pick_target,completed,,1h,1791211350.8607562,1
cycle_1791211351155,pick_target,completed,,1h,1791211351.20885,1
cycle_1791211351486,pick_target,completed,,1h,1791211351.539042,1
cycle_1791211351816,pick_target,completed,,1h,1791211351.8684275,1
cycle_1791211352147,pick_target,completed,,1h,1791211352.1995652,1
cycle_1791211352477,pick_target,completed,,1h,1791211352.5292578,1
cycle_1791211352796,pick_target,completed,,1h,1791211352.8606763,1
cycle_1791211353151,pick_target,completed,,1h,1791211353.1993513,1
cycle_1791211353479,pick_target,completed,,1h,1791211353.5393236,1
cycle_1791211353806,pick_target,completed,,1h,1791211353.8679395,1
cycle_1791211354158,pick_target,completed,,1h,1791211354.2202551,1
cycle_1791211354500,pick_target,completed,,1h,1791211354.5593393,1
cycle_1791211354859,pick_target,completed,,1h,1791211354.9092224,1
cycle_1791211355198,pick_target,completed,,1h,1791211355.2488742,1
cycle_1791211355547,pick_target,completed,,1h,1791211355.5987942,1
cycle_1791211355920,pick_target,completed,,1h,1791211355.9693236,1
cycle_1791211356273,pick_target,completed,,1h,1791211356.329554,1
cycle_1791211356627,pick_target,completed,,1h,1791211356.6796896,1
cycle_1791211356957,pick_target,completed,,1h,1791211357.0100992,1
cycle_1791211357288,pick_target,completed,,1h,1791211357.3397746,1
cycle_1791211357628,pick_target,completed,,1h,1791211357.6833718,1
cycle_1791211357962,pick_target,completed,,1h,1791211358.0098023,1
cycle_1791211358291,pick_target,completed,,1h,1791211358.349741,1
cycle_1791211358627,pick_target,completed,,1h,1791211358.6797073,1
cycle_1791211358967,pick_target,completed,,1h,1791211359.0206344,1
cycle_1791211359316,pick_target,completed,,1h,1791211359.3696315,1
cycle_1791211359633,pick_target,completed,,1h,1791211359.6906054,1
cycle_1791211359963,pick_target,completed,,1h,1791211360.0145018,1
cycle_1791211360310,pick_target,completed,,1h,1791211360.362911,1
cycle_1791211360647,pick_target,completed,,1h,1791211360.6989596,1
cycle_1791211361016,pick_target,completed,,1h,1791211361.0660741,1
cycle_1791211361348,pick_target,completed,,1h,1791211361.42027,1
cycle_1791211361707,pick_target,completed,,1h,1791211361.760613,1
cycle_1791211362077,pick_target,completed,,1h,1791211362.1460905,1
cycle_1791211362426,pick_target,completed,,1h,1791211362.4801843,1
cycle_1791211362752,pick_target,completed,,1h,1791211362.7988725,1
cycle_1791211363078,pick_target,completed,,1h,1791211363.1378434,1
cycle_1791211363406,pick_target,completed,,1h,1791211363.463419,1
cycle_1791211363737,pick_target,completed,,1h,1791211363.7907288,1
cycle_1791211364143,pick_target,completed,,1h,1791211364.207991,1
cycle_1791211364505,pick_target,completed,,1h,1791211364.5587647,1
cycle_1791211364862,pick_target,completed,,1h,1791211364.9209845,1
cycle_1791211365368,pick_target,completed,,1h,1791211365.4197886,1
cycle_1791211365695,pick_target,completed,,1h,1791211365.7494664,1
cycle_1791211366035,pick_target,completed,,1h,1791211366.0897257,1
cycle_1791211366373,pick_target,completed,,1h,1791211366.4381769,1
cycle_1791211366735,pick_target,completed,,1h,1791211366.7911375,1
cycle_1791211367081,pick_target,completed,,1h,1791211367.1399593,1
cycle_1791211367417,pick_target,completed,,1h,1791211367.501372,1
cycle_1791211367766,pick_target,completed,,1h,1791211367.8193367,1
cycle_1791211368096,pick_target,completed,,1h,1791211368.14844,1
cycle_1791211368447,pick_target,completed,,1h,1791211368.500512,1
cycle_1791211368791,pick_target,completed,,1h,1791211368.8599126,1
cycle_1791211369158,pick_target,completed,,1h,1791211369.218039,1
cycle_1791211369487,pick_target,completed,,1h,1791211369.5427463,1
cycle_1791211369817,pick_target,completed,,1h,1791211369.8689406,1
cycle_1791211370157,pick_target,completed,,1h,1791211370.2101207,1
cycle_1791211370497,pick_target,completed,,1h,1791211370.550065,1
cycle_1791211370850,pick_target,completed,,1h,1791211370.9199677,1
cycle_1791211371197,pick_target,completed,,1h,1791211371.2492023,1
cycle_1791211371528,pick_target,completed,,1h,1791211371.5971937,1
cycle_1791211371867,pick_target,completed,,1h,1791211371.9208136,1
cycle_1791211372207,pick_target,completed,,1h,1791211372.2619889,1
cycle_1791211372596,pick_target,completed,,1h,1791211372.6591508,1
cycle_1791211372927,pick_target,completed,,1h,1791211372.9794865,1
cycle_1791211373257,pick_target,completed,,1h,1791211373.3107047,1
cycle_1791211373615,pick_target,completed,,1h,1791211373.681199,1
cycle_1791211373970,pick_target,completed,,1h,1791211374.0296404,1
cycle_1791211374326,pick_target,completed,,1h,1791211374.3790958,1
cycle_1791211374680,pick_target,completed,,1h,1791211374.7469597,1
cycle_1791211375026,pick_target,completed,,1h,1791211375.0796385,1
cycle_1791211375406,pick_target,completed,,1h,1791211375.4603665,1
cycle_1791211375765,pick_target,completed,,1h,1791211375.8264418,1
cycle_1791211376128,pick_target,completed,,1h,1791211376.1811187,1
cycle_1791211376468,pick_target,completed,,1h,1791211376.5299914,1
cycle_1791211376817,pick_target,completed,,1h,1791211376.8706396,1
cycle_1791211377138,pick_target,completed,,1h,1791211377.1978414,1
cycle_1791211377468,pick_target,completed,,1h,1791211377.5405548,1
cycle_1791211377821,pick_target,completed,,1h,1791211377.8790443,1
cycle_1791211378158,pick_target,completed,,1h,1791211378.2202146,1
cycle_1791211378508,pick_target,completed,,1h,1791211378.5706234,1
cycle_1791211378867,pick_target,completed,,1h,1791211378.9192607,1
cycle_1791211379208,pick_target,completed,,1h,1791211379.260525,1
cycle_1791211379588,pick_target,completed,,1h,1791211379.6401093,1
cycle_1791211379942,pick_target,completed,,1h,1791211380.001363,1
cycle_1791211380267,pick_target,completed,,1h,1791211380.3269393,1
cycle_1791211380587,pick_target,completed,,1h,1791211380.6401312,1
cycle_1791211380916,pick_target,completed,,1h,1791211380.9688447,1
cycle_1791211381247,pick_target,completed,,1h,1791211381.299389,1
cycle_1791211381597,pick_target,completed,,1h,1791211381.649634,1
cycle_1791211381935,pick_target,completed,,1h,1791211381.989391,1
cycle_1791211382258,pick_target,completed,,1h,1791211382.3084831,1
cycle_1791211382579,pick_target,completed,,1h,1791211382.6393802,1
cycle_1791211382918,pick_target,completed,,1h,1791211382.9802964,1
cycle_1791211383248,pick_target,completed,,1h,1791211383.3005147,1
cycle_1791211383587,pick_target,completed,,1h,1791211383.6423662,1
cycle_1791211383926,pick_target,completed,,1h,1791211383.980416,1
cycle_1791211384286,pick_target,completed,,1h,1791211384.3434796,1
cycle_1791211384638,pick_target,completed,,1h,1791211384.6984594,1
cycle_1791211384968,pick_target,completed,,1h,1791211385.021786,1
cycle_1791211385297,pick_target,completed,,1h,1791211385.3502655,1
cycle_1791211385676,pick_target,completed,,1h,1791211385.739316,1
cycle_1791211386038,pick_target,completed,,1h,1791211386.1006143,1
cycle_1791211386367,pick_target,completed,,1h,1791211386.4278803,1
cycle_1791211386688,pick_target,completed,,1h,1791211386.751327,1
cycle_1791211387027,pick_target,completed,,1h,1791211387.0800436,1
cycle_1791211387368,pick_target,completed,,1h,1791211387.430004,1
cycle_1791211387738,pick_target,completed,,1h,1791211387.800807,1
cycle_1791211388098,pick_target,completed,,1h,1791211388.1502774,1
cycle_1791211388448,pick_target,completed,,1h,1791211388.5072238,1
cycle_1791211388778,pick_target,completed,,1h,1791211388.8519928,1
cycle_1791211389128,pick_target,completed,,1h,1791211389.1808124,1
cycle_1791211389475,pick_target,completed,,1h,1791211389.5304897,1
cycle_1791211389807,pick_target,completed,,1h,1791211389.8710558,1
cycle_1791211390148,pick_target,completed,,1h,1791211390.201255,1
cycle_1791211390478,pick_target,completed,,1h,1791211390.5312672,1
cycle_1791211390808,pick_target,completed,,1h,1791211390.8623214,1
cycle_1791211391145,pick_target,completed,,1h,1791211391.2015061,1
cycle_1791211391468,pick_target,completed,,1h,1791211391.5205867,1
cycle_1791211391798,pick_target,completed,,1h,1791211391.8642542,1
cycle_1791211392137,pick_target,completed,,1h,1791211392.1902168,1
cycle_1791211392467,pick_target,completed,,1h,1791211392.5200443,1
cycle_1791211392819,pick_target,completed,,1h,1791211392.8703604,1
cycle_1791211393137,pick_target,completed,,1h,1791211393.1991675,1
cycle_1791211393496,pick_target,completed,,1h,1791211393.550635,1
cycle_1791211393818,pick_target,completed,,1h,1791211393.8884292,1
cycle_1791211394168,pick_target,completed,,1h,1791211394.220267,1
cycle_1791211394521,pick_target,completed,,1h,1791211394.581481,1
cycle_1791211394878,pick_target,completed,,1h,1791211394.9316804,1
cycle_1791211395217,pick_target,completed,,1h,1791211395.2707233,1
cycle_1791211395576,pick_target,completed,,1h,1791211395.6290884,1
cycle_1791211395928,pick_target,completed,,1h,1791211395.9822814,1
cycle_1791211396257,pick_target,completed,,1h,1791211396.311293,1
cycle_1791211396597,pick_target,completed,,1h,1791211396.6504915,1
cycle_1791211396938,pick_target,completed,,1h,1791211396.9904673,1
cycle_1791211397278,pick_target,completed,,1h,1791211397.339766,1
cycle_1791211397598,pick_target,completed,,1h,1791211397.6510153,1
cycle_1791211397976,pick_target,completed,,1h,1791211398.030497,1
cycle_1791211398328,pick_target,completed,,1h,1791211398.3801053,1
cycle_1791211398667,pick_target,completed,,1h,1791211398.71924,1
cycle_1791211399037,pick_target,completed,,1h,1791211399.0920916,1
cycle_1791211399376,pick_target,completed,,1h,1791211399.4388342,1
cycle_1791211399698,pick_target,completed,,1h,1791211399.7500002,1
cycle_1791211400058,pick_target,completed,,1h,1791211400.110021,1
cycle_1791211400397,pick_target,completed,,1h,1791211400.4515886,1
cycle_1791211400748,pick_target,completed,,1h,1791211400.8006015,1
cycle_1791211401095,pick_target,completed,,1h,1791211401.1519156,1
cycle_1791211401418,pick_target,completed,,1h,1791211401.4704323,1
cycle_1791211401766,pick_target,completed,,1h,1791211401.829082,1
cycle_1791211402098,pick_target,completed,,1h,1791211402.1617138,1
cycle_1791211402447,pick_target,completed,,1h,1791211402.5006955,1
cycle_1791211402788,pick_target,completed,,1h,1791211402.8554554,1
cycle_1791211403147,pick_target,completed,,1h,1791211403.2034407,1
cycle_1791211403498,pick_target,completed,,1h,1791211403.5599272,1
cycle_1791211403859,pick_target,completed,,1h,1791211403.9100213,1
cycle_1791211404188,pick_target,completed,,1h,1791211404.240563,1
cycle_1791211404526,pick_target,completed,,1h,1791211404.581437,1
cycle_1791211404898,pick_target,completed,,1h,1791211404.950368,1
cycle_1791211405222,pick_target,completed,,1h,1791211405.2803702,1
cycle_1791211405568,pick_target,completed,,1h,1791211405.6209185,1
cycle_1791211405953,pick_target,completed,,1h,1791211406.0098798,1
cycle_1791211406315,pick_target,completed,,1h,1791211406.3726385,1
cycle_1791211406647,pick_target,completed,,1h,1791211406.7000644,1
cycle_1791211406987,pick_target,completed,,1h,1791211407.0492635,1
cycle_1791211407327,pick_target,completed,,1h,1791211407.3817801,1
cycle_1791211407658,pick_target,completed,,1h,1791211407.7182307,1
cycle_1791211407978,pick_target,completed,,1h,1791211408.030712,1
cycle_1791211408328,pick_target,completed,,1h,1791211408.380281,1
cycle_1791211408657,pick_target,completed,,1h,1791211408.8106525,1
cycle_1791211409097,pick_target,completed,,1h,1791211409.1505606,1
cycle_1791211409428,pick_target,completed,,1h,1791211409.4814258,1
cycle_1791211409749,pick_target,completed,,1h,1791211409.8182313,1
cycle_1791211410087,pick_target,completed,,1h,1791211410.140503,1
cycle_1791211410418,pick_target,completed,,1h,1791211410.470252,1
cycle_1791211410758,pick_target,completed,,1h,1791211410.820303,1
cycle_1791211411116,pick_target,completed,,1h,1791211411.170467,1
cycle_1791211411448,pick_target,completed,,1h,1791211411.501367,1
cycle_1791211411818,pick_target,completed,,1h,1791211411.8704274,1
cycle_1791211412147,pick_target,completed,,1h,1791211412.201892,1
cycle_1791211412468,pick_target,completed,,1h,1791211412.5311615,1
cycle_1791211412804,pick_target,completed,,1h,1791211412.867545,1
cycle_1791211413148,pick_target,completed,,1h,1791211413.2142885,1
cycle_1791211413498,pick_target,completed,,1h,1791211413.5503263,1
cycle_1791211413852,pick_target,completed,,1h,1791211413.9182272,1
cycle_1791211414189,pick_target,completed,,1h,1791211414.2523136,1
cycle_1791211414538,pick_target,completed,,1h,1791211414.5918016,1
cycle_1791211414868,pick_target,completed,,1h,1791211414.920321,1
cycle_1791211415208,pick_target,completed,,1h,1791211415.2738857,1
cycle_1791211415568,pick_target,completed,,1h,1791211415.614191,1
cycle_1791211415929,pick_target,completed,,1h,1791211415.980489,1
cycle_1791211416257,pick_target,completed,,1h,1791211416.3141897,1
cycle_1791211416635,pick_target,completed,,1h,1791211416.6898544,1
cycle_1791211416978,pick_target,completed,,1h,1791211417.0404353,1
cycle_1791211417328,pick_target,completed,,1h,1791211417.3805299,1
cycle_1791211417666,pick_target,completed,,1h,1791211417.7202003,1
cycle_1791211418017,pick_target,completed,,1h,1791211418.1008818,1
cycle_1791211418377,pick_target,completed,,1h,1791211418.4393501,1
cycle_1791211418734,pick_target,completed,,1h,1791211418.7904792,1
cycle_1791211419067,pick_target,completed,,1h,1791211419.118243,1
cycle_1791211419387,pick_target,completed,,1h,1791211419.4485931,1
cycle_1791211419728,pick_target,completed,,1h,1791211419.779737,1
cycle_1791211420068,pick_target,completed,,1h,1791211420.122023,1
cycle_1791211420423,pick_target,completed,,1h,1791211420.4785109,1
cycle_1791211420748,pick_target,completed,,1h,1791211420.8120885,1
cycle_1791211421099,pick_target,completed,,1h,1791211421.1512325,1
cycle_1791211421463,pick_target,completed,,1h,1791211421.5520797,1
cycle_1791211421851,pick_target,completed,,1h,1791211421.8991413,1
cycle_1791211422177,pick_target,completed,,1h,1791211422.2304544,1
cycle_1791211422519,pick_target,completed,,1h,1791211422.56847,1
cycle_1791211422861,pick_target,completed,,1h,1791211422.912049,1
cycle_1791211423206,pick_target,completed,,1h,1791211423.2607512,1
cycle_1791211423567,pick_target,completed,,1h,1791211423.6309507,1
cycle_1791211423907,pick_target,completed,,1h,1791211423.9458532,1
cycle_1791211424238,pick_target,completed,,1h,1791211424.290092,1
cycle_1791211424576,pick_target,completed,,1h,1791211424.6396205,1
cycle_1791211424928,pick_target,completed,,1h,1791211424.980725,1
cycle_1791211425418,pick_target,completed,,1h,1791211425.4716418,1
cycle_1791211425748,pick_target,completed,,1h,1791211425.8019803,1
cycle_1791211426098,pick_target,completed,,1h,1791211426.1502712,1
cycle_1791211426407,pick_target,completed,,1h,1791211426.460821,1
cycle_1791211426748,pick_target,completed,,1h,1791211426.8094845,1
cycle_1791211427079,pick_target,completed,,1h,1791211427.1300204,1
cycle_1791211427428,pick_target,completed,,1h,1791211427.4898896,1
cycle_1791211427787,pick_target,completed,,1h,1791211427.8644314,1
cycle_1791211428168,pick_target,completed,,1h,1791211428.2202818,1
cycle_1791211428527,pick_target,completed,,1h,1791211428.5815053,1
cycle_1791211428879,pick_target,completed,,1h,1791211428.9345064,1
cycle_1791211429198,pick_target,completed,,1h,1791211429.248917,1
cycle_1791211429546,pick_target,completed,,1h,1791211429.6096916,1
cycle_1791211429992,pick_target,completed,,1h,1791211430.0484498,1
cycle_1791211430394,pick_target,completed,,1h,1791211430.460374,1
cycle_1791211430739,pick_target,completed,,1h,1791211430.801438,1
cycle_1791211431096,pick_target,completed,,1h,1791211431.150538,1
cycle_1791211431408,pick_target,completed,,1h,1791211431.4600258,1
cycle_1791211431747,pick_target,completed,,1h,1791211431.8067057,1
cycle_1791211432073,pick_target,completed,,1h,1791211432.1238341,1
cycle_1791211432413,pick_target,completed,,1h,1791211432.4599574,1
cycle_1791211432738,pick_target,completed,,1h,1791211432.7898169,1
cycle_1791211433098,pick_target,completed,,1h,1791211433.150329,1
cycle_1791211433428,pick_target,completed,,1h,1791211433.5024812,1
cycle_1791211433778,pick_target,completed,,1h,1791211433.831264,1
cycle_1791211434102,pick_target,completed,,1h,1791211434.1680927,1
cycle_1791211434449,pick_target,completed,,1h,1791211434.5120873,1
cycle_1791211434802,pick_target,completed,,1h,1791211434.861916,1
cycle_1791211435219,pick_target,completed,,1h,1791211435.2828538,1
cycle_1791211435576,pick_target,completed,,1h,1791211435.6311142,1
cycle_1791211435936,pick_target,completed,,1h,1791211435.985873,1
cycle_1791211436259,pick_target,completed,,1h,1791211436.3438554,1
cycle_1791211436620,pick_target,completed,,1h,1791211436.678283,1
cycle_1791211436978,pick_target,completed,,1h,1791211437.0303743,1
cycle_1791211437308,pick_target,completed,,1h,1791211437.3613386,1
cycle_1791211437628,pick_target,completed,,1h,1791211437.6803732,1
cycle_1791211437977,pick_target,completed,,1h,1791211438.0388358,1
cycle_1791211438328,pick_target,completed,,1h,1791211438.3806262,1
cycle_1791211438690,pick_target,completed,,1h,1791211438.7590146,1
cycle_1791211439078,pick_target,completed,,1h,1791211439.1301167,1
cycle_1791211439428,pick_target,completed,,1h,1791211439.4794886,1
cycle_1791211439783,pick_target,completed,,1h,1791211439.85082,1
cycle_1791211440125,pick_target,completed,,1h,1791211440.1954684,1
cycle_1791211440471,pick_target,completed,,1h,1791211440.520965,1
cycle_1791211440927,pick_target,completed,,1h,1791211440.9802957,1
cycle_1791211441258,pick_target,completed,,1h,1791211441.3192122,1
cycle_1791211441586,pick_target,completed,,1h,1791211441.6404052,1
cycle_1791211441918,pick_target,completed,,1h,1791211441.9783337,1
cycle_1791211442258,pick_target,completed,,1h,1791211442.3086789,1
cycle_1791211442579,pick_target,completed,,1h,1791211442.6304991,1
cycle_1791211442928,pick_target,completed,,1h,1791211442.9903383,1
cycle_1791211443277,pick_target,completed,,1h,1791211443.3529103,1
cycle_1791211443608,pick_target,completed,,1h,1791211443.6611438,1
cycle_1791211443958,pick_target,completed,,1h,1791211444.0105002,1
cycle_1791211444298,pick_target,completed,,1h,1791211444.351266,1
cycle_1791211444637,pick_target,completed,,1h,1791211444.6910136,1
cycle_1791211444979,pick_target,completed,,1h,1791211445.0373209,1
cycle_1791211445325,pick_target,completed,,1h,1791211445.3914657,1
cycle_1791211445682,pick_target,completed,,1h,1791211445.7419512,1
cycle_1791211446038,pick_target,completed,,1h,1791211446.0905638,1
cycle_1791211446385,pick_target,completed,,1h,1791211446.4407482,1
cycle_1791211446719,pick_target,completed,,1h,1791211446.7790415,1
cycle_1791211447058,pick_target,completed,,1h,1791211447.110227,1
cycle_1791211447407,pick_target,completed,,1h,1791211447.4662035,1
cycle_1791211447756,pick_target,completed,,1h,1791211447.8098667,1
cycle_1791211448108,pick_target,completed,,1h,1791211448.160978,1
cycle_1791211448418,pick_target,completed,,1h,1791211448.4721885,1
cycle_1791211448749,pick_target,completed,,1h,1791211448.802732,1
cycle_1791211449089,pick_target,completed,,1h,1791211449.1410098,1
cycle_1791211449419,pick_target,completed,,1h,1791211449.4807932,1
cycle_1791211449778,pick_target,completed,,1h,1791211449.8302639,1
cycle_1791211450118,pick_target,completed,,1h,1791211450.169863,1
cycle_1791211450465,pick_target,completed,,1h,1791211450.5248609,1
cycle_1791211450801,pick_target,completed,,1h,1791211450.8715463,1
cycle_1791211451148,pick_target,completed,,1h,1791211451.2006283,1
cycle_1791211451482,pick_target,completed,,1h,1791211451.5354087,1
cycle_1791211452122,pick_target,completed,,1h,1791211452.1766436,1
cycle_1791211452438,pick_target,completed,,1h,1791211452.492576,1
cycle_1791211452768,pick_target,completed,,1h,1791211452.829769,1
cycle_1791211453112,pick_target,completed,,1h,1791211453.160663,1
cycle_1791211453438,pick_target,completed,,1h,1791211453.4909465,1
cycle_1791211453777,pick_target,completed,,1h,1791211453.8320608,1
cycle_1791211454107,pick_target,completed,,1h,1791211454.1601055,1
cycle_1791211454473,pick_target,completed,,1h,1791211454.5335124,1
cycle_1791211454817,pick_target,completed,,1h,1791211454.870295,1
cycle_1791211455134,pick_target,completed,,1h,1791211455.1897984,1
cycle_1791211455492,pick_target,completed,,1h,1791211455.5910897,1
cycle_1791211455868,pick_target,completed,,1h,1791211455.925938,1
cycle_1791211456218,pick_target,completed,,1h,1791211456.2702365,1
cycle_1791211456538,pick_target,completed,,1h,1791211456.5903575,1
cycle_1791211456899,pick_target,completed,,1h,1791211456.951005,1
cycle_1791211457237,pick_target,completed,,1h,1791211457.2905557,1
cycle_1791211457578,pick_target,completed,,1h,1791211457.6383412,1
cycle_1791211457918,pick_target,completed,,1h,1791211457.9705544,1
cycle_1791211458248,pick_target,completed,,1h,1791211458.2992077,1
cycle_1791211458584,pick_target,completed,,1h,1791211458.6416972,1
cycle_1791211459048,pick_target,completed,,1h,1791211459.1121879,1
cycle_1791211459428,pick_target,completed,,1h,1791211459.4811354,1
cycle_1791211459759,pick_target,completed,,1h,1791211459.8276136,1
cycle_1791211460118,pick_target,completed,,1h,1791211460.1854305,1
cycle_1791211460468,pick_target,completed,,1h,1791211460.5364993,1
cycle_1791211460860,pick_target,completed,,1h,1791211460.9200356,1
cycle_1791211461198,pick_target,completed,,1h,1791211461.249607,1
cycle_1791211461546,pick_target,completed,,1h,1791211461.6004972,1
cycle_1791211461908,pick_target,completed,,1h,1791211462.283505,1
cycle_1791211462548,pick_target,completed,,1h,1791211462.6006176,1
cycle_1791211462879,pick_target,completed,,1h,1791211462.9416454,1
cycle_1791211463226,pick_target,completed,,1h,1791211463.2796485,1
cycle_1791211463567,pick_target,completed,,1h,1791211463.6320171,1
cycle_1791211464006,pick_target,completed,,1h,1791211464.1041648,1
cycle_1791211464389,pick_target,completed,,1h,1791211464.4512691,1
cycle_1791211464748,pick_target,completed,,1h,1791211464.8027666,1
cycle_1791211465078,pick_target,completed,,1h,1791211465.1319048,1
cycle_1791211465418,pick_target,completed,,1h,1791211465.4786613,1
cycle_1791211465743,pick_target,completed,,1h,1791211465.7968638,1
cycle_1791211466078,pick_target,completed,,1h,1791211466.1292286,1
cycle_1791211466419,pick_target,completed,,1h,1791211466.4718053,1
cycle_1791211466776,pick_target,completed,,1h,1791211466.8328257,1
cycle_1791211467138,pick_target,completed,,1h,1791211467.1903422,1
cycle_1791211467468,pick_target,completed,,1h,1791211467.5193062,1
cycle_1791211467805,pick_target,completed,,1h,1791211467.8643665,1
cycle_1791211468148,pick_target,completed,,1h,1791211468.209342,1
cycle_1791211468518,pick_target,completed,,1h,1791211468.571326,1
cycle_1791211468954,pick_target,completed,,1h,1791211468.9999208,1
cycle_1791211469898,pick_target,completed,,1h,1791211469.9510899,1
cycle_1791211470238,pick_target,completed,,1h,1791211470.291557,1
cycle_1791211470578,pick_target,completed,,1h,1791211470.6236742,1
cycle_1791211470917,pick_target,completed,,1h,1791211470.9712837,1
cycle_1791211471251,pick_target,completed,,1h,1791211471.302212,1
cycle_1791211471598,pick_target,completed,,1h,1791211471.6512737,1
cycle_1791211471949,pick_target,completed,,1h,1791211471.9989133,1
cycle_1791211472291,pick_target,completed,,1h,1791211472.3405066,1
cycle_1791211472645,pick_target,completed,,1h,1791211472.6996112,1
cycle_1791211472958,pick_target,completed,,1h,1791211473.0131152,1
cycle_1791211473376,pick_target,completed,,1h,1791211473.431588,1
cycle_1791211473697,pick_target,completed,,1h,1791211473.7505229,1
cycle_1791211474032,pick_target,completed,,1h,1791211474.082876,1
cycle_1791211474478,pick_target,completed,,1h,1791211474.5303652,1
cycle_1791211474829,pick_target,completed,,1h,1791211474.8902137,1
cycle_1791211475178,pick_target,completed,,1h,1791211475.2426,1
cycle_1791211475526,pick_target,completed,,1h,1791211475.576605,1
cycle_1791211475879,pick_target,completed,,1h,1791211475.9308743,1
cycle_1791211476206,pick_target,completed,,1h,1791211476.2602785,1
cycle_1791211476602,pick_target,completed,,1h,1791211476.660109,1
cycle_1791211476929,pick_target,completed,,1h,1791211476.9922314,1
cycle_1791211477533,pick_target,completed,,1h,1791211477.5848253,1
cycle_1791211477862,pick_target,completed,,1h,1791211477.9110117,1
cycle_1791211478218,pick_target,completed,,1h,1791211478.2789404,1
cycle_1791211478805,pick_target,completed,,1h,1791211478.8551784,1
cycle_1791211479161,pick_target,completed,,1h,1791211479.2238638,1
cycle_1791211479491,pick_target,completed,,1h,1791211479.551646,1
cycle_1791211479828,pick_target,completed,,1h,1791211479.8883917,1
cycle_1791211480168,pick_target,completed,,1h,1791211480.2294953,1
cycle_1791211480519,pick_target,completed,,1h,1791211480.5726836,1
cycle_1791211480861,pick_target,completed,,1h,1791211480.92145,1
cycle_1791211481197,pick_target,completed,,1h,1791211481.253251,1
cycle_1791211481559,pick_target,completed,,1h,1791211481.622829,1
cycle_1791211481910,pick_target,completed,,1h,1791211481.972402,1
cycle_1791211482239,pick_target,completed,,1h,1791211482.2931476,1
cycle_1791211482578,pick_target,completed,,1h,1791211482.62999,1
cycle_1791211482929,pick_target,completed,,1h,1791211482.979868,1
cycle_1791211483287,pick_target,completed,,1h,1791211483.3448493,1
cycle_1791211483649,pick_target,completed,,1h,1791211483.7014956,1
cycle_1791211484008,pick_target,completed,,1h,1791211484.0491292,1
cycle_1791211484349,pick_target,completed,,1h,1791211484.4195771,1
cycle_1791211484701,pick_target,completed,,1h,1791211484.8280935,1
cycle_1791211485274,pick_target,completed,,1h,1791211485.3334382,1
cycle_1791211485593,pick_target,completed,,1h,1791211485.6451113,1
cycle_1791211485941,pick_target,completed,,1h,1791211485.9873776,1
cycle_1791211486299,pick_target,completed,,1h,1791211486.3610258,1
cycle_1791211486640,pick_target,completed,,1h,1791211486.7012544,1
cycle_1791211486988,pick_target,completed,,1h,1791211487.0608208,1
cycle_1791211487366,pick_target,completed,,1h,1791211487.4199424,1
cycle_1791211487708,pick_target,completed,,1h,1791211487.7624824,1
cycle_1791211488027,pick_target,completed,,1h,1791211488.080393,1
cycle_1791211488356,pick_target,completed,,1h,1791211488.4105544,1
cycle_1791211488692,pick_target,completed,,1h,1791211488.7516859,1
cycle_1791211489047,pick_target,completed,,1h,1791211489.1033902,1
cycle_1791211489399,pick_target,completed,,1h,1791211489.4507716,1
cycle_1791211489739,pick_target,completed,,1h,1791211489.7910337,1
cycle_1791211490087,pick_target,completed,,1h,1791211490.1430705,1
cycle_1791211490419,pick_target,completed,,1h,1791211490.476129,1
cycle_1791211490787,pick_target,completed,,1h,1791211490.8556304,1
cycle_1791211491148,pick_target,completed,,1h,1791211491.2004507,1
cycle_1791211491526,pick_target,completed,,1h,1791211491.579494,1
cycle_1791211491864,pick_target,completed,,1h,1791211491.9251506,1
cycle_1791211492239,pick_target,completed,,1h,1791211492.2938204,1
cycle_1791211492582,pick_target,completed,,1h,1791211492.642649,1
cycle_1791211492939,pick_target,completed,,1h,1791211493.001325,1
cycle_1791211493310,pick_target,completed,,1h,1791211493.3717701,1
cycle_1791211493652,pick_target,completed,,1h,1791211493.703169,1
cycle_1791211493980,pick_target,completed,,1h,1791211494.0411391,1
cycle_1791211494348,pick_target,completed,,1h,1791211494.4021487,1
cycle_1791211494678,pick_target,completed,,1h,1791211494.7309957,1
cycle_1791211495019,pick_target,completed,,1h,1791211495.071575,1
cycle_1791211495368,pick_target,completed,,1h,1791211495.4202056,1
cycle_1791211495712,pick_target,completed,,1h,1791211495.771413,1
cycle_1791211496065,pick_target,completed,,1h,1791211496.1314218,1
cycle_1791211496455,pick_target,completed,,1h,1791211496.5126565,1
cycle_1791211496799,pick_target,completed,,1h,1791211496.8650289,1
cycle_1791211497149,pick_target,completed,,1h,1791211497.200654,1
cycle_1791211497488,pick_target,completed,,1h,1791211497.5488281,1
cycle_1791211497816,pick_target,completed,,1h,1791211497.872086,1
cycle_1791211498163,pick_target,completed,,1h,1791211498.2228117,1
cycle_1791211498509,pick_target,completed,,1h,1791211498.5795872,1
cycle_1791211498898,pick_target,completed,,1h,1791211498.9509625,1
cycle_1791211499248,pick_target,completed,,1h,1791211499.3081343,1
cycle_1791211499579,pick_target,completed,,1h,1791211499.6495867,1
cycle_1791211500028,pick_target,completed,,1h,1791211500.0838482,1
cycle_1791211500349,pick_target,completed,,1h,1791211500.4301043,1
cycle_1791211500738,pick_target,completed,,1h,1791211500.800527,1
cycle_1791211501082,pick_target,completed,,1h,1791211501.1343877,1
cycle_1791211501428,pick_target,completed,,1h,1791211501.480691,1
cycle_1791211501760,pick_target,completed,,1h,1791211501.8194582,1
cycle_1791211502151,pick_target,completed,,1h,1791211502.2115858,1
cycle_1791211502522,pick_target,completed,,1h,1791211502.626769,1
cycle_1791211502975,pick_target,completed,,1h,1791211503.0375857,1
cycle_1791211503317,pick_target,completed,,1h,1791211503.3787985,1
cycle_1791211503658,pick_target,completed,,1h,1791211503.7105114,1
cycle_1791211503979,pick_target,completed,,1h,1791211504.039039,1
cycle_1791211504333,pick_target,completed,,1h,1791211504.3828287,1
cycle_1791211504644,pick_target,completed,,1h,1791211504.6977246,1
cycle_1791211504996,pick_target,completed,,1h,1791211505.0523884,1
cycle_1791211505328,pick_target,completed,,1h,1791211505.3830109,1
cycle_1791211505657,pick_target,completed,,1h,1791211505.7113051,1
cycle_1791211506038,pick_target,completed,,1h,1791211506.0932522,1
cycle_1791211506369,pick_target,completed,,1h,1791211506.4340901,1
cycle_1791211506726,pick_target,completed,,1h,1791211506.7816787,1
cycle_1791211507124,pick_target,completed,,1h,1791211507.185557,1
cycle_1791211507489,pick_target,completed,,1h,1791211507.5398774,1
cycle_1791211507821,pick_target,completed,,1h,1791211507.8712595,1
cycle_1791211508139,pick_target,completed,,1h,1791211508.1903958,1
cycle_1791211508469,pick_target,completed,,1h,1791211508.531407,1
cycle_1791211508794,pick_target,completed,,1h,1791211508.8520808,1
cycle_1791211509399,pick_target,completed,,1h,1791211509.4610956,1
cycle_1791211509776,pick_target,completed,,1h,1791211509.849711,1
cycle_1791211510162,pick_target,completed,,1h,1791211510.21151,1
cycle_1791211510488,pick_target,completed,,1h,1791211510.5407393,1
cycle_1791211510827,pick_target,completed,,1h,1791211510.8839383,1
cycle_1791211511176,pick_target,completed,,1h,1791211511.225281,1
cycle_1791211511513,pick_target,completed,,1h,1791211511.5697975,1
cycle_1791211511872,pick_target,completed,,1h,1791211511.921208,1
cycle_1791211512228,pick_target,completed,,1h,1791211512.283664,1
cycle_1791211512577,pick_target,completed,,1h,1791211512.6383483,1
cycle_1791211512967,pick_target,completed,,1h,1791211513.019724,1
cycle_1791211513309,pick_target,completed,,1h,1791211513.361352,1
cycle_1791211513639,pick_target,completed,,1h,1791211513.692417,1
cycle_1791211513999,pick_target,completed,,1h,1791211514.0612504,1
cycle_1791211514375,pick_target,completed,,1h,1791211514.4296887,1
cycle_1791211514710,pick_target,completed,,1h,1791211514.7596102,1
cycle_1791211515077,pick_target,completed,,1h,1791211515.1310108,1
cycle_1791211515429,pick_target,completed,,1h,1791211515.4814036,1
cycle_1791211515778,pick_target,completed,,1h,1791211515.8387787,1
cycle_1791211516119,pick_target,completed,,1h,1791211516.179799,1
cycle_1791211516519,pick_target,completed,,1h,1791211516.5708992,1
cycle_1791211516869,pick_target,completed,,1h,1791211516.9333055,1
cycle_1791211517209,pick_target,completed,,1h,1791211517.2607353,1
cycle_1791211517538,pick_target,completed,,1h,1791211517.5989885,1
cycle_1791211517869,pick_target,completed,,1h,1791211517.9149878,1
cycle_1791211518188,pick_target,completed,,1h,1791211518.244848,1
cycle_1791211518539,pick_target,completed,,1h,1791211518.599036,1
cycle_1791211518889,pick_target,completed,,1h,1791211518.9527366,1
cycle_1791211519249,pick_target,completed,,1h,1791211519.312199,1
cycle_1791211519579,pick_target,completed,,1h,1791211519.6343148,1
cycle_1791211519931,pick_target,completed,,1h,1791211519.9812925,1
cycle_1791211520247,pick_target,completed,,1h,1791211520.3020434,1
cycle_1791211520579,pick_target,completed,,1h,1791211520.6310697,1
cycle_1791211520968,pick_target,completed,,1h,1791211521.02894,1
cycle_1791211521309,pick_target,completed,,1h,1791211521.3612149,1
cycle_1791211521679,pick_target,completed,,1h,1791211521.7351737,1
cycle_1791211522036,pick_target,completed,,1h,1791211522.0934012,1
cycle_1791211522379,pick_target,completed,,1h,1791211522.443347,1
cycle_1791211522747,pick_target,completed,,1h,1791211522.804066,1
cycle_1791211523094,pick_target,completed,,1h,1791211523.1515849,1
cycle_1791211523459,pick_target,completed,,1h,1791211523.5156581,1
cycle_1791211523799,pick_target,completed,,1h,1791211523.8677793,1
cycle_1791211524139,pick_target,completed,,1h,1791211524.190985,1
cycle_1791211524478,pick_target,completed,,1h,1791211524.5311325,1
cycle_1791211524820,pick_target,completed,,1h,1791211524.871176,1
cycle_1791211525150,pick_target,completed,,1h,1791211525.208912,1
cycle_1791211525476,pick_target,completed,,1h,1791211525.531182,1
cycle_1791211525817,pick_target,completed,,1h,1791211525.87087,1
cycle_1791211526158,pick_target,completed,,1h,1791211526.2054336,1
cycle_1791211526498,pick_target,completed,,1h,1791211526.551538,1
cycle_1791211526878,pick_target,completed,,1h,1791211526.933541,1
cycle_1791211527209,pick_target,completed,,1h,1791211527.2644644,1
cycle_1791211527537,pick_target,completed,,1h,1791211527.6050158,1
cycle_1791211527882,pick_target,completed,,1h,1791211527.9351308,1
cycle_1791211528229,pick_target,completed,,1h,1791211528.2912323,1
cycle_1791211528589,pick_target,completed,,1h,1791211528.6409848,1
cycle_1791211528968,pick_target,completed,,1h,1791211529.0532062,1
cycle_1791211529368,pick_target,completed,,1h,1791211529.421023,1
cycle_1791211529679,pick_target,completed,,1h,1791211529.7551131,1
cycle_1791211530093,pick_target,completed,,1h,1791211530.1512895,1
cycle_1791211530430,pick_target,completed,,1h,1791211530.4992027,1
cycle_1791211530789,pick_target,completed,,1h,1791211530.851615,1
cycle_1791211531128,pick_target,completed,,1h,1791211531.1830754,1
cycle_1791211531450,pick_target,completed,,1h,1791211531.5016644,1
cycle_1791211531779,pick_target,completed,,1h,1791211531.830328,1
cycle_1791211532127,pick_target,completed,,1h,1791211532.1818445,1
cycle_1791211532477,pick_target,completed,,1h,1791211532.5390482,1
cycle_1791211532919,pick_target,completed,,1h,1791211532.9789834,1
cycle_1791211533249,pick_target,completed,,1h,1791211533.3009262,1
cycle_1791211533588,pick_target,completed,,1h,1791211533.6549213,1
cycle_1791211533987,pick_target,completed,,1h,1791211534.050656,1
cycle_1791211534338,pick_target,completed,,1h,1791211534.397991,1
cycle_1791211534669,pick_target,completed,,1h,1791211534.7213452,1
cycle_1791211535037,pick_target,completed,,1h,1791211535.0982778,1
cycle_1791211535372,pick_target,completed,,1h,1791211535.4269414,1
cycle_1791211535700,pick_target,completed,,1h,1791211535.7510548,1
cycle_1791211536029,pick_target,completed,,1h,1791211536.0850472,1
cycle_1791211536398,pick_target,completed,,1h,1791211536.450352,1
cycle_1791211536711,pick_target,completed,,1h,1791211536.7616556,1
cycle_1791211537009,pick_target,completed,,1h,1791211537.0694656,1
cycle_1791211537340,pick_target,completed,,1h,1791211537.4253495,1
cycle_1791211537722,pick_target,completed,,1h,1791211537.7753203,1
cycle_1791211538032,pick_target,completed,,1h,1791211538.0838451,1
cycle_1791211538315,pick_target,completed,,1h,1791211538.3705046,1
cycle_1791211538629,pick_target,completed,,1h,1791211538.6816754,1
cycle_1791211538987,pick_target,completed,,1h,1791211539.0432782,1
cycle_1791211539359,pick_target,completed,,1h,1791211539.4111936,1
cycle_1791211539667,pick_target,completed,,1h,1791211539.7437375,1
cycle_1791211540037,pick_target,completed,,1h,1791211540.078329,1
cycle_1791211540349,pick_target,completed,,1h,1791211540.4003751,1
cycle_1791211540690,pick_target,completed,,1h,1791211540.7669282,1
cycle_1791211541050,pick_target,completed,,1h,1791211541.1025963,1
cycle_1791211541401,pick_target,completed,,1h,1791211541.461123,1
cycle_1791211541746,pick_target,completed,,1h,1791211541.8196378,1
cycle_1791211542099,pick_target,completed,,1h,1791211542.1658382,1
cycle_1791211542449,pick_target,completed,,1h,1791211542.503731,1
cycle_1791211542775,pick_target,completed,,1h,1791211542.8402228,1
cycle_1791211543155,pick_target,completed,,1h,1791211543.208611,1
cycle_1791211543500,pick_target,completed,,1h,1791211543.5550125,1
cycle_1791211543826,pick_target,completed,,1h,1791211543.885159,1
cycle_1791211544168,pick_target,completed,,1h,1791211544.2203803,1
cycle_1791211544623,pick_target,completed,,1h,1791211544.7294405,1
cycle_1791211545133,pick_target,completed,,1h,1791211545.276801,1
cycle_1791211545558,pick_target,completed,,1h,1791211545.6111941,1
cycle_1791211545900,pick_target,completed,,1h,1791211545.9608092,1
cycle_1791211546239,pick_target,completed,,1h,1791211546.2992425,1
cycle_1791211546559,pick_target,completed,,1h,1791211546.6124895,1
cycle_1791211546931,pick_target,completed,,1h,1791211546.9878683,1
cycle_1791211547358,pick_target,completed,,1h,1791211547.4120274,1
cycle_1791211547699,pick_target,completed,,1h,1791211547.7655535,1
cycle_1791211548046,pick_target,completed,,1h,1791211548.0968874,1
cycle_1791211548420,pick_target,completed,,1h,1791211548.479481,1
cycle_1791211548749,pick_target,completed,,1h,1791211548.808853,1
cycle_1791211549089,pick_target,completed,,1h,1791211549.153934,1
cycle_1791211549470,pick_target,completed,,1h,1791211549.513792,1
cycle_1791211549779,pick_target,completed,,1h,1791211549.855721,1
cycle_1791211550129,pick_target,completed,,1h,1791211550.180924,1
cycle_1791211550476,pick_target,completed,,1h,1791211550.5321698,1
cycle_1791211550819,pick_target,completed,,1h,1791211550.870697,1
cycle_1791211551160,pick_target,completed,,1h,1791211551.2114294,1
cycle_1791211551501,pick_target,completed,,1h,1791211551.5609517,1
cycle_1791211551878,pick_target,completed,,1h,1791211551.937725,1
cycle_1791211552327,pick_target,completed,,1h,1791211552.3821065,1
cycle_1791211552670,pick_target,completed,,1h,1791211552.7196753,1
cycle_1791211552989,pick_target,completed,,1h,1791211553.059343,1
cycle_1791211553329,pick_target,completed,,1h,1791211553.3811576,1
cycle_1791211553660,pick_target,completed,,1h,1791211553.710698,1
cycle_1791211553979,pick_target,completed,,1h,1791211554.031865,1
cycle_1791211554298,pick_target,completed,,1h,1791211554.355866,1
cycle_1791211554650,pick_target,completed,,1h,1791211554.7012815,1
cycle_1791211554968,pick_target,completed,,1h,1791211555.0220652,1
cycle_1791211555300,pick_target,completed,,1h,1791211555.3503232,1
cycle_1791211555670,pick_target,completed,,1h,1791211555.7339466,1
cycle_1791211556028,pick_target,completed,,1h,1791211556.080708,1
cycle_1791211556399,pick_target,completed,,1h,1791211556.4540796,1
cycle_1791211556747,pick_target,completed,,1h,1791211556.8114111,1
cycle_1791211557089,pick_target,completed,,1h,1791211557.1851063,1
cycle_1791211557489,pick_target,completed,,1h,1791211557.5426755,1
cycle_1791211557819,pick_target,completed,,1h,1791211557.8821666,1
cycle_1791211558184,pick_target,completed,,1h,1791211558.2310054,1
cycle_1791211558526,pick_target,completed,,1h,1791211558.5903194,1
cycle_1791211558927,pick_target,completed,,1h,1791211558.9817874,1
cycle_1791211559273,pick_target,completed,,1h,1791211559.3313186,1
cycle_1791211559629,pick_target,completed,,1h,1791211559.7075782,1
cycle_1791211559981,pick_target,completed,,1h,1791211560.0379596,1
cycle_1791211560329,pick_target,completed,,1h,1791211560.3933675,1
cycle_1791211560658,pick_target,completed,,1h,1791211560.711427,1
cycle_1791211560989,pick_target,completed,,1h,1791211561.0413501,1
cycle_1791211561319,pick_target,completed,,1h,1791211561.3706844,1
cycle_1791211561689,pick_target,completed,,1h,1791211561.742045,1
cycle_1791211562019,pick_target,completed,,1h,1791211562.0713446,1
cycle_1791211562356,pick_target,completed,,1h,1791211562.4119682,1
cycle_1791211562689,pick_target,completed,,1h,1791211562.7425942,1
cycle_1791211563050,pick_target,completed,,1h,1791211563.1010067,1
cycle_1791211563360,pick_target,completed,,1h,1791211563.424281,1
cycle_1791211563769,pick_target,completed,,1h,1791211563.8262417,1
cycle_1791211564098,pick_target,completed,,1h,1791211564.1516523,1
cycle_1791211564429,pick_target,completed,,1h,1791211564.4808555,1
cycle_1791211564765,pick_target,completed,,1h,1791211564.8263578,1
cycle_1791211565109,pick_target,completed,,1h,1791211565.1612802,1
cycle_1791211565434,pick_target,completed,,1h,1791211565.492683,1
cycle_1791211565777,pick_target,completed,,1h,1791211565.8308694,1
cycle_1791211566119,pick_target,completed,,1h,1791211566.1669729,1
cycle_1791211566448,pick_target,completed,,1h,1791211566.5192945,1
cycle_1791211566820,pick_target,completed,,1h,1791211566.870154,1
cycle_1791211567135,pick_target,completed,,1h,1791211567.197218,1
cycle_1791211567459,pick_target,completed,,1h,1791211567.5022876,1
cycle_1791211567778,pick_target,completed,,1h,1791211567.8310316,1
cycle_1791211568114,pick_target,completed,,1h,1791211568.1660109,1
cycle_1791211568440,pick_target,completed,,1h,1791211568.5024533,1
cycle_1791211568779,pick_target,completed,,1h,1791211568.8308873,1
cycle_1791211569149,pick_target,completed,,1h,1791211569.201497,1
cycle_1791211569489,pick_target,completed,,1h,1791211569.5414658,1
cycle_1791211569863,pick_target,completed,,1h,1791211569.9289572,1
cycle_1791211570199,pick_target,completed,,1h,1791211570.2519968,1
cycle_1791211570539,pick_target,completed,,1h,1791211570.5937316,1
cycle_1791211570869,pick_target,completed,,1h,1791211570.9276214,1
cycle_1791211571189,pick_target,completed,,1h,1791211571.2412634,1
cycle_1791211571520,pick_target,completed,,1h,1791211571.65567,1
cycle_1791211571965,pick_target,completed,,1h,1791211572.021572,1
cycle_1791211572390,pick_target,completed,,1h,1791211572.440929,1
cycle_1791211572729,pick_target,completed,,1h,1791211572.7801104,1
cycle_1791211573079,pick_target,completed,,1h,1791211573.1309824,1
cycle_1791211573420,pick_target,completed,,1h,1791211573.4713697,1
cycle_1791211573749,pick_target,completed,,1h,1791211573.8018436,1
cycle_1791211574079,pick_target,completed,,1h,1791211574.1303797,1
cycle_1791211574400,pick_target,completed,,1h,1791211574.45444,1
cycle_1791211574724,pick_target,completed,,1h,1791211574.7805552,1
cycle_1791211575098,pick_target,completed,,1h,1791211575.1521113,1
cycle_1791211575429,pick_target,completed,,1h,1791211575.4814112,1
cycle_1791211575749,pick_target,completed,,1h,1791211575.8020957,1
cycle_1791211576089,pick_target,completed,,1h,1791211576.1417856,1
cycle_1791211576420,pick_target,completed,,1h,1791211576.4718094,1
cycle_1791211576770,pick_target,completed,,1h,1791211576.8521936,1
cycle_1791211577130,pick_target,completed,,1h,1791211577.1973193,1
cycle_1791211577572,pick_target,completed,,1h,1791211577.6325793,1
cycle_1791211577919,pick_target,completed,,1h,1791211577.9704418,1
cycle_1791211578248,pick_target,completed,,1h,1791211578.3042276,1
cycle_1791211578589,pick_target,completed,,1h,1791211578.6469347,1
cycle_1791211578920,pick_target,completed,,1h,1791211578.9928827,1
cycle_1791211579266,pick_target,completed,,1h,1791211579.3309317,1
cycle_1791211579603,pick_target,completed,,1h,1791211579.660498,1
cycle_1791211579929,pick_target,completed,,1h,1791211579.980825,1
cycle_1791211580269,pick_target,completed,,1h,1791211580.323414,1
cycle_1791211580620,pick_target,completed,,1h,1791211580.6806824,1
cycle_1791211580960,pick_target,completed,,1h,1791211581.012752,1
cycle_1791211581299,pick_target,completed,,1h,1791211581.3542395,1
cycle_1791211581654,pick_target,completed,,1h,1791211581.7098906,1
cycle_1791211581971,pick_target,completed,,1h,1791211582.0327253,1
cycle_1791211582319,pick_target,completed,,1h,1791211582.3725934,1
cycle_1791211582662,pick_target,completed,,1h,1791211582.7220821,1
cycle_1791211582997,pick_target,completed,,1h,1791211583.0547037,1
cycle_1791211583329,pick_target,completed,,1h,1791211583.3964293,1
cycle_1791211583659,pick_target,completed,,1h,1791211583.7133822,1
cycle_1791211584029,pick_target,completed,,1h,1791211584.0806992,1
cycle_1791211584350,pick_target,completed,,1h,1791211584.4115646,1
cycle_1791211584690,pick_target,completed,,1h,1791211584.752494,1
cycle_1791211585029,pick_target,completed,,1h,1791211585.0813248,1
cycle_1791211585361,pick_target,completed,,1h,1791211585.4266272,1
cycle_1791211585711,pick_target,completed,,1h,1791211585.7589853,1
cycle_1791211586042,pick_target,completed,,1h,1791211586.1014314,1
cycle_1791211586388,pick_target,completed,,1h,1791211586.460205,1
cycle_1791211586759,pick_target,completed,,1h,1791211586.8116956,1
cycle_1791211587224,pick_target,completed,,1h,1791211587.2820368,1
cycle_1791211587567,pick_target,completed,,1h,1791211587.6235018,1
cycle_1791211587927,pick_target,completed,,1h,1791211587.981851,1
cycle_1791211588261,pick_target,completed,,1h,1791211588.3182485,1
cycle_1791211588590,pick_target,completed,,1h,1791211588.6598594,1
cycle_1791211589009,pick_target,completed,,1h,1791211589.0615654,1
cycle_1791211589331,pick_target,completed,,1h,1791211589.391572,1
cycle_1791211589662,pick_target,completed,,1h,1791211589.7209768,1
cycle_1791211590020,pick_target,completed,,1h,1791211590.0924656,1
cycle_1791211590396,pick_target,completed,,1h,1791211590.4518313,1
cycle_1791211590738,pick_target,completed,,1h,1791211590.7962918,1
cycle_1791211591079,pick_target,completed,,1h,1791211591.1455479,1
cycle_1791211591422,pick_target,completed,,1h,1791211591.4748755,1
cycle_1791211591771,pick_target,completed,,1h,1791211591.8216872,1
cycle_1791211592099,pick_target,completed,,1h,1791211592.1520803,1
cycle_1791211592419,pick_target,completed,,1h,1791211592.4714334,1
cycle_1791211592739,pick_target,completed,,1h,1791211592.7918274,1
cycle_1791211593054,pick_target,completed,,1h,1791211593.1185083,1
cycle_1791211593395,pick_target,completed,,1h,1791211593.460024,1
cycle_1791211593719,pick_target,completed,,1h,1791211593.7729654,1
cycle_1791211594118,pick_target,completed,,1h,1791211594.1705303,1
cycle_1791211594450,pick_target,completed,,1h,1791211594.5298445,1
cycle_1791211594800,pick_target,completed,,1h,1791211594.8620253,1
cycle_1791211595130,pick_target,completed,,1h,1791211595.1925027,1
cycle_1791211595489,pick_target,completed,,1h,1791211595.5502505,1
cycle_1791211595831,pick_target,completed,,1h,1791211595.8836198,1
cycle_1791211596189,pick_target,completed,,1h,1791211596.2420928,1
cycle_1791211596518,pick_target,completed,,1h,1791211596.571303,1
cycle_1791211596850,pick_target,completed,,1h,1791211596.9025564,1
cycle_1791211597299,pick_target,completed,,1h,1791211597.3504355,1
cycle_1791211597610,pick_target,completed,,1h,1791211597.6838424,1
cycle_1791211597990,pick_target,completed,,1h,1791211598.039946,1
cycle_1791211598319,pick_target,completed,,1h,1791211598.3715098,1
cycle_1791211598638,pick_target,completed,,1h,1791211598.7064626,1
cycle_1791211599000,pick_target,completed,,1h,1791211599.03993,1
cycle_1791211599304,pick_target,completed,,1h,1791211599.3638992,1
cycle_1791211599908,pick_target,completed,,1h,1791211599.9622567,1
cycle_1791211600239,pick_target,completed,,1h,1791211600.2919126,1
cycle_1791211600550,pick_target,completed,,1h,1791211600.6032138,1
cycle_1791211600912,pick_target,completed,,1h,1791211600.969939,1
cycle_1791211601252,pick_target,completed,,1h,1791211601.31218,1
cycle_1791211601600,pick_target,completed,,1h,1791211601.6512752,1
cycle_1791211601919,pick_target,completed,,1h,1791211601.9726276,1
cycle_1791211602252,pick_target,completed,,1h,1791211602.3205738,1
cycle_1791211602591,pick_target,completed,,1h,1791211602.7045405,1
cycle_1791211603000,pick_target,completed,,1h,1791211603.0559726,1
cycle_1791211603368,pick_target,completed,,1h,1791211603.4293187,1
cycle_1791211603720,pick_target,completed,,1h,1791211603.770926,1
cycle_1791211604051,pick_target,completed,,1h,1791211604.106875,1
cycle_1791211604389,pick_target,completed,,1h,1791211604.4420624,1
cycle_1791211604732,pick_target,completed,,1h,1791211604.7808363,1
cycle_1791211605058,pick_target,completed,,1h,1791211605.1186678,1
cycle_1791211605492,pick_target,completed,,1h,1791211605.5561903,1
cycle_1791211605851,pick_target,completed,,1h,1791211605.9020917,1
cycle_1791211606190,pick_target,completed,,1h,1791211606.2430437,1
cycle_1791211606520,pick_target,completed,,1h,1791211606.5724356,1
cycle_1791211606861,pick_target,completed,,1h,1791211606.911755,1
cycle_1791211607191,pick_target,completed,,1h,1791211607.2427788,1
cycle_1791211607531,pick_target,completed,,1h,1791211607.59536,1
cycle_1791211607889,pick_target,completed,,1h,1791211608.0308733,1
cycle_1791211608311,pick_target,completed,,1h,1791211608.3719976,1
cycle_1791211608641,pick_target,completed,,1h,1791211608.7088325,1
cycle_1791211608980,pick_target,completed,,1h,1791211609.0350144,1
cycle_1791211609309,pick_target,completed,,1h,1791211609.367009,1
cycle_1791211609680,pick_target,completed,,1h,1791211609.7320764,1
cycle_1791211610009,pick_target,completed,,1h,1791211610.0629535,1
cycle_1791211610360,pick_target,completed,,1h,1791211610.412666,1
cycle_1791211610691,pick_target,completed,,1h,1791211610.7600865,1
cycle_1791211611021,pick_target,completed,,1h,1791211611.0826695,1
cycle_1791211611360,pick_target,completed,,1h,1791211611.4129934,1
cycle_1791211611689,pick_target,completed,,1h,1791211611.742355,1
cycle_1791211612040,pick_target,completed,,1h,1791211612.0994663,1
cycle_1791211612372,pick_target,completed,,1h,1791211612.4424162,1
cycle_1791211612740,pick_target,completed,,1h,1791211612.807318,1
cycle_1791211613090,pick_target,completed,,1h,1791211613.1466033,1
cycle_1791211613441,pick_target,completed,,1h,1791211613.4922454,1
cycle_1791211613802,pick_target,completed,,1h,1791211613.8934262,1
cycle_1791211614259,pick_target,completed,,1h,1791211614.3125536,1
cycle_1791211614580,pick_target,completed,,1h,1791211614.632548,1
cycle_1791211614913,pick_target,completed,,1h,1791211614.9715893,1
cycle_1791211615261,pick_target,completed,,1h,1791211615.3233724,1
cycle_1791211615612,pick_target,completed,,1h,1791211615.6720936,1
cycle_1791211615981,pick_target,completed,,1h,1791211616.0427337,1
cycle_1791211616349,pick_target,completed,,1h,1791211616.4020846,1
cycle_1791211616671,pick_target,completed,,1h,1791211616.7405386,1
cycle_1791211617020,pick_target,completed,,1h,1791211617.0830994,1
cycle_1791211617479,pick_target,completed,,1h,1791211617.527968,1
cycle_1791211617821,pick_target,completed,,1h,1791211617.884938,1
cycle_1791211618149,pick_target,completed,,1h,1791211618.2026355,1
cycle_1791211618480,pick_target,completed,,1h,1791211618.5586593,1
cycle_1791211618861,pick_target,completed,,1h,1791211618.925124,1
cycle_1791211619224,pick_target,completed,,1h,1791211619.2753854,1
cycle_1791211619561,pick_target,completed,,1h,1791211619.6222231,1
cycle_1791211619910,pick_target,completed,,1h,1791211619.9609268,1
cycle_1791211620239,pick_target,completed,,1h,1791211620.2902384,1
cycle_1791211620579,pick_target,completed,,1h,1791211620.6430674,1
cycle_1791211620921,pick_target,completed,,1h,1791211620.9807377,1
cycle_1791211621270,pick_target,completed,,1h,1791211621.3227963,1
cycle_1791211621589,pick_target,completed,,1h,1791211621.64147,1
cycle_1791211621920,pick_target,completed,,1h,1791211621.977287,1
cycle_1791211622260,pick_target,completed,,1h,1791211622.332005,1
cycle_1791211622734,pick_target,completed,,1h,1791211622.8345215,1
cycle_1791211623110,pick_target,completed,,1h,1791211623.1776252,1
cycle_1791211623451,pick_target,completed,,1h,1791211623.5118365,1
cycle_1791211623809,pick_target,completed,,1h,1791211623.86867,1
cycle_1791211624130,pick_target,completed,,1h,1791211624.1805153,1
cycle_1791211624459,pick_target,completed,,1h,1791211624.5123913,1
cycle_1791211624791,pick_target,completed,,1h,1791211624.8668337,1
cycle_1791211625151,pick_target,completed,,1h,1791211625.2133796,1
cycle_1791211625491,pick_target,completed,,1h,1791211625.5480485,1
cycle_1791211625820,pick_target,completed,,1h,1791211625.882716,1
cycle_1791211626181,pick_target,completed,,1h,1791211626.2426689,1
cycle_1791211626510,pick_target,completed,,1h,1791211626.5901005,1
cycle_1791211626862,pick_target,completed,,1h,1791211626.921753,1
cycle_1791211627200,pick_target,completed,,1h,1791211627.252239,1
cycle_1791211627580,pick_target,completed,,1h,1791211627.6345203,1
cycle_1791211627929,pick_target,completed,,1h,1791211627.9873447,1
cycle_1791211628294,pick_target,completed,,1h,1791211628.352875,1
cycle_1791211628659,pick_target,completed,,1h,1791211628.719786,1
cycle_1791211628990,pick_target,completed,,1h,1791211629.0448577,1
cycle_1791211629339,pick_target,completed,,1h,1791211629.3848464,1
cycle_1791211629667,pick_target,completed,,1h,1791211629.7214913,1
cycle_1791211630028,pick_target,completed,,1h,1791211630.081675,1
cycle_1791211630380,pick_target,completed,,1h,1791211630.4316998,1
cycle_1791211630719,pick_target,completed,,1h,1791211630.7706854,1
cycle_1791211631043,pick_target,completed,,1h,1791211631.093838,1
cycle_1791211631361,pick_target,completed,,1h,1791211631.412662,1
cycle_1791211631864,pick_target,completed,,1h,1791211631.928673,1
cycle_1791211632209,pick_target,completed,,1h,1791211632.263745,1
cycle_1791211632536,pick_target,completed,,1h,1791211632.6630542,1
cycle_1791211632971,pick_target,completed,,1h,1791211633.0345342,1
cycle_1791211633354,pick_target,completed,,1h,1791211633.4114375,1
cycle_1791211633689,pick_target,completed,,1h,1791211633.762589,1
cycle_1791211634060,pick_target,completed,,1h,1791211634.1213741,1
cycle_1791211634404,pick_target,completed,,1h,1791211634.4717443,1
cycle_1791211634751,pick_target,completed,,1h,1791211634.8016355,1
cycle_1791211635079,pick_target,completed,,1h,1791211635.1327143,1
cycle_1791211635398,pick_target,completed,,1h,1791211635.4496279,1
cycle_1791211635701,pick_target,completed,,1h,1791211635.7695675,1
cycle_1791211636030,pick_target,completed,,1h,1791211636.080553,1
cycle_1791211636348,pick_target,completed,,1h,1791211636.4102738,1
cycle_1791211636690,pick_target,completed,,1h,1791211636.7311792,1
cycle_1791211636997,pick_target,completed,,1h,1791211637.051986,1
cycle_1791211637329,pick_target,completed,,1h,1791211637.386689,1
cycle_1791211637660,pick_target,completed,,1h,1791211637.7113218,1
cycle_1791211637989,pick_target,completed,,1h,1791211638.0412307,1
cycle_1791211638295,pick_target,completed,,1h,1791211638.3419573,1
cycle_1791211638768,pick_target,completed,,1h,1791211638.8086321,1
cycle_1791211639092,pick_target,completed,,1h,1791211639.158407,1
cycle_1791211639448,pick_target,completed,,1h,1791211639.5187469,1
cycle_1791211639809,pick_target,completed,,1h,1791211639.8685038,1
cycle_1791211640151,pick_target,completed,,1h,1791211640.219901,1
cycle_1791211640488,pick_target,completed,,1h,1791211640.5416534,1
cycle_1791211640828,pick_target,completed,,1h,1791211640.8810384,1
cycle_1791211641181,pick_target,completed,,1h,1791211641.2503197,1
cycle_1791211641529,pick_target,completed,,1h,1791211641.5803742,1
cycle_1791211641863,pick_target,completed,,1h,1791211641.912411,1
cycle_1791211642199,pick_target,completed,,1h,1791211642.2522106,1
cycle_1791211642530,pick_target,completed,,1h,1791211642.5832427,1
cycle_1791211642861,pick_target,completed,,1h,1791211642.9410033,1
cycle_1791211643230,pick_target,completed,,1h,1791211643.279409,1
cycle_1791211643591,pick_target,completed,,1h,1791211643.6565256,1
cycle_1791211643930,pick_target,completed,,1h,1791211643.9807525,1
cycle_1791211644416,pick_target,completed,,1h,1791211644.4706516,1
cycle_1791211644768,pick_target,completed,,1h,1791211644.8327644,1
cycle_1791211645108,pick_target,completed,,1h,1791211645.1837003,1
cycle_1791211645499,pick_target,completed,,1h,1791211645.5537112,1
cycle_1791211645830,pick_target,completed,,1h,1791211645.892693,1
cycle_1791211646179,pick_target,completed,,1h,1791211646.2329082,1
cycle_1791211646520,pick_target,completed,,1h,1791211646.5826292,1
cycle_1791211646862,pick_target,completed,,1h,1791211646.9342108,1
cycle_1791211647211,pick_target,completed,,1h,1791211647.2802637,1
cycle_1791211647549,pick_target,completed,,1h,1791211647.6010807,1
cycle_1791211647862,pick_target,completed,,1h,1791211647.9210072,1
cycle_1791211648190,pick_target,completed,,1h,1791211648.244986,1
cycle_1791211648521,pick_target,completed,,1h,1791211648.5825586,1
cycle_1791211648883,pick_target,completed,,1h,1791211648.9397821,1
cycle_1791211649231,pick_target,completed,,1h,1791211649.2843344,1
cycle_1791211649550,pick_target,completed,,1h,1791211649.627442,1
cycle_1791211649917,pick_target,completed,,1h,1791211649.9702673,1
cycle_1791211650250,pick_target,completed,,1h,1791211650.3005033,1
cycle_1791211650600,pick_target,completed,,1h,1791211650.6515605,1
cycle_1791211650939,pick_target,completed,,1h,1791211650.9934063,1
cycle_1791211651353,pick_target,completed,,1h,1791211651.401705,1
cycle_1791211651708,pick_target,completed,,1h,1791211651.762085,1
cycle_1791211652051,pick_target,completed,,1h,1791211652.102616,1
cycle_1791211652380,pick_target,completed,,1h,1791211652.433252,1
cycle_1791211652701,pick_target,completed,,1h,1791211652.7626908,1
cycle_1791211653044,pick_target,completed,,1h,1791211653.0922265,1
cycle_1791211653370,pick_target,completed,,1h,1791211653.4211676,1
cycle_1791211653698,pick_target,completed,,1h,1791211653.7523334,1
cycle_1791211654030,pick_target,completed,,1h,1791211654.080983,1
cycle_1791211654380,pick_target,completed,,1h,1791211654.432365,1
cycle_1791211654699,pick_target,completed,,1h,1791211654.7735744,1
cycle_1791211655030,pick_target,completed,,1h,1791211655.0813448,1
cycle_1791211655360,pick_target,completed,,1h,1791211655.4116092,1
cycle_1791211655691,pick_target,completed,,1h,1791211655.7435753,1
cycle_1791211656058,pick_target,completed,,1h,1791211656.1121547,1
cycle_1791211656412,pick_target,completed,,1h,1791211656.4625585,1
cycle_1791211656731,pick_target,completed,,1h,1791211656.7921617,1
cycle_1791211657101,pick_target,completed,,1h,1791211657.1615937,1
cycle_1791211657447,pick_target,completed,,1h,1791211657.5036397,1
cycle_1791211657781,pick_target,completed,,1h,1791211657.8504877,1
cycle_1791211658111,pick_target,completed,,1h,1791211658.180688,1
cycle_1791211658443,pick_target,completed,,1h,1791211658.5011413,1
cycle_1791211658804,pick_target,completed,,1h,1791211658.8652647,1
cycle_1791211659136,pick_target,completed,,1h,1791211659.191489,1
cycle_1791211659552,pick_target,completed,,1h,1791211659.6133862,1
cycle_1791211659901,pick_target,completed,,1h,1791211659.9527612,1
cycle_1791211660230,pick_target,completed,,1h,1791211660.2881067,1
cycle_1791211660550,pick_target,completed,,1h,1791211660.6062937,1
cycle_1791211660911,pick_target,completed,,1h,1791211660.9733853,1
cycle_1791211661270,pick_target,completed,,1h,1791211661.33992,1
cycle_1791211661609,pick_target,completed,,1h,1791211661.660904,1
cycle_1791211661940,pick_target,completed,,1h,1791211661.9900825,1
cycle_1791211662322,pick_target,completed,,1h,1791211662.3838964,1
cycle_1791211662811,pick_target,completed,,1h,1791211662.8726754,1
cycle_1791211663170,pick_target,completed,,1h,1791211663.2214212,1
cycle_1791211663499,pick_target,completed,,1h,1791211663.5394897,1
cycle_1791211663829,pick_target,completed,,1h,1791211663.8815331,1
cycle_1791211664160,pick_target,completed,,1h,1791211664.2301335,1
cycle_1791211664496,pick_target,completed,,1h,1791211664.5521212,1
cycle_1791211664820,pick_target,completed,,1h,1791211664.871963,1
cycle_1791211665130,pick_target,completed,,1h,1791211665.1858156,1
cycle_1791211665445,pick_target,completed,,1h,1791211665.5032275,1
cycle_1791211665795,pick_target,completed,,1h,1791211665.867659,1
cycle_1791211666179,pick_target,completed,,1h,1791211666.232914,1
cycle_1791211666518,pick_target,completed,,1h,1791211666.573621,1
cycle_1791211666859,pick_target,completed,,1h,1791211666.9126503,1
cycle_1791211667179,pick_target,completed,,1h,1791211667.2194943,1
cycle_1791211667499,pick_target,completed,,1h,1791211667.5517216,1
cycle_1791211667855,pick_target,completed,,1h,1791211667.902735,1
cycle_1791211668160,pick_target,completed,,1h,1791211668.219307,1
cycle_1791211668501,pick_target,completed,,1h,1791211668.562261,1
cycle_1791211668864,pick_target,completed,,1h,1791211668.9176636,1
cycle_1791211669234,pick_target,completed,,1h,1791211669.291397,1
cycle_1791211669560,pick_target,completed,,1h,1791211669.6140094,1
cycle_1791211669923,pick_target,completed,,1h,1791211669.973501,1
cycle_1791211670412,pick_target,completed,,1h,1791211670.4627802,1
cycle_1791211670757,pick_target,completed,,1h,1791211670.8129556,1
cycle_1791211671101,pick_target,completed,,1h,1791211671.1531458,1
cycle_1791211671463,pick_target,completed,,1h,1791211671.5225918,1
cycle_1791211671801,pick_target,completed,,1h,1791211671.8680215,1
cycle_1791211672150,pick_target,completed,,1h,1791211672.21172,1
cycle_1791211672512,pick_target,completed,,1h,1791211672.5739057,1
cycle_1791211672870,pick_target,completed,,1h,1791211672.9226935,1
cycle_1791211673191,pick_target,completed,,1h,1791211673.2465322,1
cycle_1791211673542,pick_target,completed,,1h,1791211673.6031916,1
cycle_1791211673882,pick_target,completed,,1h,1791211673.948048,1
cycle_1791211674279,pick_target,completed,,1h,1791211674.3328974,1
cycle_1791211674611,pick_target,completed,,1h,1791211674.6742196,1
cycle_1791211675000,pick_target,completed,,1h,1791211675.0530617,1
cycle_1791211675351,pick_target,completed,,1h,1791211675.412377,1
cycle_1791211675689,pick_target,completed,,1h,1791211675.7410126,1
cycle_1791211676031,pick_target,completed,,1h,1791211676.092551,1
cycle_1791211676379,pick_target,completed,,1h,1791211676.4335065,1
cycle_1791211676818,pick_target,completed,,1h,1791211676.8722796,1
cycle_1791211677151,pick_target,completed,,1h,1791211677.2123663,1
cycle_1791211677531,pick_target,completed,,1h,1791211677.5929902,1
cycle_1791211677912,pick_target,completed,,1h,1791211677.9519198,1
cycle_1791211678235,pick_target,completed,,1h,1791211678.292195,1
cycle_1791211678589,pick_target,completed,,1h,1791211678.6531932,1
cycle_1791211678952,pick_target,completed,,1h,1791211679.0025072,1
cycle_1791211679302,pick_target,completed,,1h,1791211679.3596892,1
cycle_1791211679641,pick_target,completed,,1h,1791211679.6920435,1
cycle_1791211679980,pick_target,completed,,1h,1791211680.033245,1
cycle_1791211680311,pick_target,completed,,1h,1791211680.3628309,1
cycle_1791211680649,pick_target,completed,,1h,1791211680.7029476,1
cycle_1791211680981,pick_target,completed,,1h,1791211681.0441473,1
cycle_1791211681334,pick_target,completed,,1h,1791211681.3942986,1
cycle_1791211681666,pick_target,completed,,1h,1791211681.7889833,1
cycle_1791211682121,pick_target,completed,,1h,1791211682.1804206,1
cycle_1791211682453,pick_target,completed,,1h,1791211682.542308,1
cycle_1791211682833,pick_target,completed,,1h,1791211682.8866034,1
cycle_1791211683148,pick_target,completed,,1h,1791211683.2025673,1
cycle_1791211683490,pick_target,completed,,1h,1791211683.5401275,1
cycle_1791211683814,pick_target,completed,,1h,1791211683.8885152,1
cycle_1791211684156,pick_target,completed,,1h,1791211684.2025745,1
cycle_1791211684498,pick_target,completed,,1h,1791211684.5600305,1
cycle_1791211684827,pick_target,completed,,1h,1791211684.8806455,1
cycle_1791211685180,pick_target,completed,,1h,1791211685.2311816,1
cycle_1791211685499,pick_target,completed,,1h,1791211685.5541403,1
cycle_1791211685829,pick_target,completed,,1h,1791211685.8825495,1
cycle_1791211686169,pick_target,completed,,1h,1791211686.2260385,1
cycle_1791211686500,pick_target,completed,,1h,1791211686.6374478,1
cycle_1791211686963,pick_target,completed,,1h,1791211687.0128045,1
cycle_1791211687302,pick_target,completed,,1h,1791211687.3674705,1
cycle_1791211687642,pick_target,completed,,1h,1791211687.7112043,1
cycle_1791211687982,pick_target,completed,,1h,1791211688.043733,1
cycle_1791211688333,pick_target,completed,,1h,1791211688.3914287,1
cycle_1791211688676,pick_target,completed,,1h,1791211688.7458246,1
cycle_1791211689052,pick_target,completed,,1h,1791211689.1364038,1
cycle_1791211689422,pick_target,completed,,1h,1791211689.4817307,1
cycle_1791211689764,pick_target,completed,,1h,1791211689.8058946,1
cycle_1791211690114,pick_target,completed,,1h,1791211690.173646,1
cycle_1791211690471,pick_target,completed,,1h,1791211690.537696,1
cycle_1791211690821,pick_target,completed,,1h,1791211690.8826158,1
cycle_1791211691154,pick_target,completed,,1h,1791211691.209969,1
cycle_1791211691490,pick_target,completed,,1h,1791211691.5429943,1
cycle_1791211691831,pick_target,completed,,1h,1791211691.882947,1
cycle_1791211692162,pick_target,completed,,1h,1791211692.2235477,1
cycle_1791211692570,pick_target,completed,,1h,1791211692.6688955,1
cycle_1791211692964,pick_target,completed,,1h,1791211693.0226402,1
cycle_1791211693302,pick_target,completed,,1h,1791211693.3624506,1
cycle_1791211693646,pick_target,completed,,1h,1791211693.711203,1
cycle_1791211694001,pick_target,completed,,1h,1791211694.071263,1
cycle_1791211694369,pick_target,completed,,1h,1791211694.423283,1
cycle_1791211694704,pick_target,completed,,1h,1791211694.762933,1
cycle_1791211695042,pick_target,completed,,1h,1791211695.10368,1
cycle_1791211695386,pick_target,completed,,1h,1791211695.4400055,1
cycle_1791211695720,pick_target,completed,,1h,1791211695.7729828,1
cycle_1791211696062,pick_target,completed,,1h,1791211696.1128566,1
cycle_1791211696393,pick_target,completed,,1h,1791211696.4423141,1
cycle_1791211696721,pick_target,completed,,1h,1791211696.783788,1
cycle_1791211697091,pick_target,completed,,1h,1791211697.1629877,1
cycle_1791211697468,pick_target,completed,,1h,1791211697.52226,1
cycle_1791211697814,pick_target,completed,,1h,1791211697.8828504,1
cycle_1791211698142,pick_target,completed,,1h,1791211698.2065134,1
cycle_1791211698496,pick_target,completed,,1h,1791211698.5482106,1
cycle_1791211698831,pick_target,completed,,1h,1791211698.8826187,1
cycle_1791211699161,pick_target,completed,,1h,1791211699.2234366,1
cycle_1791211699552,pick_target,completed,,1h,1791211699.6189797,1
cycle_1791211699924,pick_target,completed,,1h,1791211699.984879,1
cycle_1791211700303,pick_target,completed,,1h,1791211700.3527083,1
cycle_1791211700622,pick_target,completed,,1h,1791211700.6824117,1
cycle_1791211700961,pick_target,completed,,1h,1791211701.0280468,1
cycle_1791211701314,pick_target,completed,,1h,1791211701.3649142,1
cycle_1791211701648,pick_target,completed,,1h,1791211701.7898602,1
cycle_1791211702082,pick_target,completed,,1h,1791211702.1432374,1
cycle_1791211702439,pick_target,completed,,1h,1791211702.489934,1
cycle_1791211702769,pick_target,completed,,1h,1791211702.823136,1
cycle_1791211703107,pick_target,completed,,1h,1791211703.1623924,1
cycle_1791211703432,pick_target,completed,,1h,1791211703.4941154,1
cycle_1791211703782,pick_target,completed,,1h,1791211703.8568785,1
cycle_1791211704152,pick_target,completed,,1h,1791211704.19339,1
cycle_1791211704477,pick_target,completed,,1h,1791211704.5328507,1
cycle_1791211704810,pick_target,completed,,1h,1791211704.8715618,1
cycle_1791211705142,pick_target,completed,,1h,1791211705.2045496,1
cycle_1791211705470,pick_target,completed,,1h,1791211705.5342028,1
cycle_1791211705823,pick_target,completed,,1h,1791211705.8928337,1
cycle_1791211706170,pick_target,completed,,1h,1791211706.2230046,1
cycle_1791211706502,pick_target,completed,,1h,1791211706.5711074,1
cycle_1791211706862,pick_target,completed,,1h,1791211706.913288,1
cycle_1791211707211,pick_target,completed,,1h,1791211707.272826,1
cycle_1791211707551,pick_target,completed,,1h,1791211707.6207666,1
cycle_1791211707921,pick_target,completed,,1h,1791211707.9831667,1
cycle_1791211708242,pick_target,completed,,1h,1791211708.302693,1
cycle_1791211708634,pick_target,completed,,1h,1791211708.7326558,1
cycle_1791211709002,pick_target,completed,,1h,1791211709.0627022,1
cycle_1791211709350,pick_target,completed,,1h,1791211709.40284,1
cycle_1791211709674,pick_target,completed,,1h,1791211709.7441611,1
cycle_1791211710049,pick_target,completed,,1h,1791211710.1068287,1
cycle_1791211710403,pick_target,completed,,1h,1791211710.4546187,1
cycle_1791211710731,pick_target,completed,,1h,1791211710.793683,1
cycle_1791211711072,pick_target,completed,,1h,1791211711.1332414,1
cycle_1791211711402,pick_target,completed,,1h,1791211711.4598513,1
cycle_1791211711771,pick_target,completed,,1h,1791211711.8174512,1
cycle_1791211712092,pick_target,completed,,1h,1791211712.1589308,1
cycle_1791211712452,pick_target,completed,,1h,1791211712.5146816,1
cycle_1791211712802,pick_target,completed,,1h,1791211712.8667283,1
cycle_1791211713154,pick_target,completed,,1h,1791211713.2143104,1
cycle_1791211713520,pick_target,completed,,1h,1791211713.5731468,1
cycle_1791211713854,pick_target,completed,,1h,1791211713.9033742,1
cycle_1791211714171,pick_target,completed,,1h,1791211714.2231708,1
cycle_1791211714594,pick_target,completed,,1h,1791211714.6622472,1
cycle_1791211714962,pick_target,completed,,1h,1791211715.0229688,1
cycle_1791211715312,pick_target,completed,,1h,1791211715.3730075,1
cycle_1791211715651,pick_target,completed,,1h,1791211715.7242696,1
cycle_1791211715992,pick_target,completed,,1h,1791211716.0533648,1
cycle_1791211716350,pick_target,completed,,1h,1791211716.4216714,1
cycle_1791211716681,pick_target,completed,,1h,1791211716.7518482,1
cycle_1791211717073,pick_target,completed,,1h,1791211717.132137,1
cycle_1791211717411,pick_target,completed,,1h,1791211717.481611,1
cycle_1791211717773,pick_target,completed,,1h,1791211717.8338776,1
cycle_1791211718141,pick_target,completed,,1h,1791211718.203439,1
cycle_1791211718502,pick_target,completed,,1h,1791211718.5638494,1
cycle_1791211718873,pick_target,completed,,1h,1791211718.9264991,1
cycle_1791211719240,pick_target,completed,,1h,1791211719.292208,1
cycle_1791211719642,pick_target,completed,,1h,1791211719.693047,1
cycle_1791211719982,pick_target,completed,,1h,1791211720.0430946,1
cycle_1791211720341,pick_target,completed,,1h,1791211720.4050798,1
cycle_1791211720692,pick_target,completed,,1h,1791211720.7533457,1
cycle_1791211721041,pick_target,completed,,1h,1791211721.103373,1
cycle_1791211721391,pick_target,completed,,1h,1791211721.446775,1
cycle_1791211721722,pick_target,completed,,1h,1791211721.7820601,1
cycle_1791211722082,pick_target,completed,,1h,1791211722.142621,1
cycle_1791211722491,pick_target,completed,,1h,1791211722.5451677,1
cycle_1791211722842,pick_target,completed,,1h,1791211722.9445682,1
cycle_1791211723254,pick_target,completed,,1h,1791211723.3133206,1
cycle_1791211723601,pick_target,completed,,1h,1791211723.6532905,1
cycle_1791211723961,pick_target,completed,,1h,1791211724.0134814,1
cycle_1791211724302,pick_target,completed,,1h,1791211724.3632205,1
cycle_1791211724642,pick_target,completed,,1h,1791211724.710948,1
cycle_1791211724970,pick_target,completed,,1h,1791211725.0217483,1
cycle_1791211725321,pick_target,completed,,1h,1791211725.3716865,1
cycle_1791211725651,pick_target,completed,,1h,1791211725.7133954,1
cycle_1791211726126,pick_target,completed,,1h,1791211726.1826358,1
cycle_1791211726489,pick_target,completed,,1h,1791211726.5445051,1
cycle_1791211726811,pick_target,completed,,1h,1791211726.8734155,1
cycle_1791211727151,pick_target,completed,,1h,1791211727.2034202,1
cycle_1791211727496,pick_target,completed,,1h,1791211727.5525706,1
cycle_1791211727852,pick_target,completed,,1h,1791211727.9037158,1
cycle_1791211728182,pick_target,completed,,1h,1791211728.2336805,1
cycle_1791211728591,pick_target,completed,,1h,1791211728.6372936,1
cycle_1791211728980,pick_target,completed,,1h,1791211729.0346148,1
cycle_1791211729340,pick_target,completed,,1h,1791211729.3912873,1
cycle_1791211729670,pick_target,completed,,1h,1791211729.7241876,1
cycle_1791211729988,pick_target,completed,,1h,1791211730.0555518,1
cycle_1791211730463,pick_target,completed,,1h,1791211730.512997,1
cycle_1791211730791,pick_target,completed,,1h,1791211730.8639534,1
cycle_1791211731131,pick_target,completed,,1h,1791211731.1924253,1
cycle_1791211731470,pick_target,completed,,1h,1791211731.521081,1
cycle_1791211732121,pick_target,completed,,1h,1791211732.1728954,1
cycle_1791211732461,pick_target,completed,,1h,1791211732.5243893,1
cycle_1791211732786,pick_target,completed,,1h,1791211732.8554997,1
cycle_1791211733124,pick_target,completed,,1h,1791211733.1731179,1
cycle_1791211733469,pick_target,completed,,1h,1791211733.5235817,1
cycle_1791211733789,pick_target,completed,,1h,1791211733.855189,1
cycle_1791211734121,pick_target,completed,,1h,1791211734.1725514,1
cycle_1791211734442,pick_target,completed,,1h,1791211734.492003,1
cycle_1791211734810,pick_target,completed,,1h,1791211734.8640227,1
cycle_1791211735142,pick_target,completed,,1h,1791211735.201971,1
cycle_1791211735463,pick_target,completed,,1h,1791211735.5233848,1
cycle_1791211735792,pick_target,completed,,1h,1791211735.8664095,1
cycle_1791211736196,pick_target,completed,,1h,1791211736.2563539,1
cycle_1791211736532,pick_target,completed,,1h,1791211736.5825033,1
cycle_1791211736861,pick_target,completed,,1h,1791211736.9260805,1
cycle_1791211737201,pick_target,completed,,1h,1791211737.25181,1
cycle_1791211737532,pick_target,completed,,1h,1791211737.5870638,1
cycle_1791211737863,pick_target,completed,,1h,1791211737.9105089,1
cycle_1791211738185,pick_target,completed,,1h,1791211738.2432435,1
cycle_1791211738511,pick_target,completed,,1h,1791211738.5834718,1
cycle_1791211738900,pick_target,completed,,1h,1791211738.9533556,1
cycle_1791211739227,pick_target,completed,,1h,1791211739.281503,1
cycle_1791211739594,pick_target,completed,,1h,1791211739.6524987,1
cycle_1791211739931,pick_target,completed,,1h,1791211739.9841735,1
cycle_1791211740304,pick_target,completed,,1h,1791211740.3451607,1
cycle_1791211740603,pick_target,completed,,1h,1791211740.6536427,1
cycle_1791211740935,pick_target,completed,,1h,1791211740.982698,1
cycle_1791211741251,pick_target,completed,,1h,1791211741.3044672,1
cycle_1791211741580,pick_target,completed,,1h,1791211741.634741,1
cycle_1791211741928,pick_target,completed,,1h,1791211741.9857852,1
cycle_1791211742551,pick_target,completed,,1h,1791211742.6126888,1
cycle_1791211742911,pick_target,completed,,1h,1791211742.971302,1
cycle_1791211743242,pick_target,completed,,1h,1791211743.3038793,1
cycle_1791211743590,pick_target,completed,,1h,1791211743.6417735,1
cycle_1791211743922,pick_target,completed,,1h,1791211743.981568,1
cycle_1791211744281,pick_target,completed,,1h,1791211744.3440547,1
cycle_1791211744629,pick_target,completed,,1h,1791211744.6852295,1
cycle_1791211744981,pick_target,completed,,1h,1791211745.0308716,1
cycle_1791211745301,pick_target,completed,,1h,1791211745.3574893,1
cycle_1791211745639,pick_target,completed,,1h,1791211745.6928716,1
cycle_1791211746000,pick_target,completed,,1h,1791211746.0963628,1
cycle_1791211746381,pick_target,completed,,1h,1791211746.4238565,1
cycle_1791211746697,pick_target,completed,,1h,1791211746.752859,1
cycle_1791211747041,pick_target,completed,,1h,1791211747.1427934,1
cycle_1791211747465,pick_target,completed,,1h,1791211747.5237298,1
cycle_1791211747798,pick_target,completed,,1h,1791211747.865335,1
cycle_1791211748139,pick_target,completed,,1h,1791211748.1936865,1
cycle_1791211748491,pick_target,completed,,1h,1791211748.5506537,1
cycle_1791211748854,pick_target,completed,,1h,1791211748.923437,1
cycle_1791211749206,pick_target,completed,,1h,1791211749.2635756,1
cycle_1791211749551,pick_target,completed,,1h,1791211749.6134763,1
cycle_1791211749900,pick_target,completed,,1h,1791211749.9538553,1
cycle_1791211750307,pick_target,completed,,1h,1791211750.3653963,1
cycle_1791211750671,pick_target,completed,,1h,1791211750.73701,1
cycle_1791211751010,pick_target,completed,,1h,1791211751.0634837,1
cycle_1791211751341,pick_target,completed,,1h,1791211751.3834944,1
cycle_1791211751657,pick_target,completed,,1h,1791211751.71451,1
cycle_1791211752044,pick_target,completed,,1h,1791211752.1035454,1
cycle_1791211752370,pick_target,completed,,1h,1791211752.4425974,1
cycle_1791211752731,pick_target,completed,,1h,1791211752.7934442,1
cycle_1791211753091,pick_target,completed,,1h,1791211753.1527274,1
cycle_1791211753538,pick_target,completed,,1h,1791211753.5916111,1
cycle_1791211753881,pick_target,completed,,1h,1791211753.9347107,1
cycle_1791211754213,pick_target,completed,,1h,1791211754.5516894,1
cycle_1791211754855,pick_target,completed,,1h,1791211754.9022098,1
cycle_1791211755191,pick_target,completed,,1h,1791211755.2486422,1
cycle_1791211755517,pick_target,completed,,1h,1791211755.5719728,1
cycle_1791211755866,pick_target,completed,,1h,1791211755.9240603,1
cycle_1791211756201,pick_target,completed,,1h,1791211756.2537153,1
cycle_1791211756607,pick_target,completed,,1h,1791211756.663899,1
cycle_1791211756962,pick_target,completed,,1h,1791211757.0222445,1
cycle_1791211757335,pick_target,completed,,1h,1791211757.3925402,1
cycle_1791211757654,pick_target,completed,,1h,1791211757.723862,1
cycle_1791211757993,pick_target,completed,,1h,1791211758.0659735,1
cycle_1791211758361,pick_target,completed,,1h,1791211758.4146793,1
cycle_1791211758676,pick_target,completed,,1h,1791211759.0454626,1
cycle_1791211759311,pick_target,completed,,1h,1791211759.3585548,1
cycle_1791211759632,pick_target,completed,,1h,1791211759.6925557,1
cycle_1791211759971,pick_target,completed,,1h,1791211760.035608,1
cycle_1791211760350,pick_target,completed,,1h,1791211760.402942,1
cycle_1791211760696,pick_target,completed,,1h,1791211760.7572405,1
cycle_1791211761031,pick_target,completed,,1h,1791211761.0934029,1
cycle_1791211761382,pick_target,completed,,1h,1791211761.450877,1
cycle_1791211761706,pick_target,completed,,1h,1791211761.7636695,1
cycle_1791211762042,pick_target,completed,,1h,1791211762.1152575,1
cycle_1791211762378,pick_target,completed,,1h,1791211762.4350102,1
cycle_1791211762713,pick_target,completed,,1h,1791211762.7629926,1
cycle_1791211763039,pick_target,completed,,1h,1791211763.091874,1
cycle_1791211763479,pick_target,completed,,1h,1791211763.5172472,1
cycle_1791211763817,pick_target,completed,,1h,1791211763.8739443,1
cycle_1791211764165,pick_target,completed,,1h,1791211764.2149613,1
cycle_1791211764492,pick_target,completed,,1h,1791211764.5531552,1
cycle_1791211764865,pick_target,completed,,1h,1791211764.923334,1
cycle_1791211765235,pick_target,completed,,1h,1791211765.2947214,1
cycle_1791211765582,pick_target,completed,,1h,1791211765.642728,1
cycle_1791211765946,pick_target,completed,,1h,1791211765.9949393,1
cycle_1791211766282,pick_target,completed,,1h,1791211766.342787,1
cycle_1791211766602,pick_target,completed,,1h,1791211766.664271,1
cycle_1791211766962,pick_target,completed,,1h,1791211767.0357363,1
cycle_1791211767312,pick_target,completed,,1h,1791211767.3717868,1
cycle_1791211767652,pick_target,completed,,1h,1791211767.7219179,1
cycle_1791211768022,pick_target,completed,,1h,1791211768.083855,1
cycle_1791211768392,pick_target,completed,,1h,1791211768.4539437,1
cycle_1791211768871,pick_target,completed,,1h,1791211768.9267466,1
cycle_1791211769199,pick_target,completed,,1h,1791211769.2465222,1
cycle_1791211769516,pick_target,completed,,1h,1791211769.5736227,1
cycle_1791211769861,pick_target,completed,,1h,1791211769.9135346,1
cycle_1791211770187,pick_target,completed,,1h,1791211770.2430694,1
cycle_1791211770522,pick_target,completed,,1h,1791211770.584837,1
cycle_1791211770867,pick_target,completed,,1h,1791211770.9242632,1
cycle_1791211771221,pick_target,completed,,1h,1791211771.2735636,1
cycle_1791211771551,pick_target,completed,,1h,1791211771.6035373,1
cycle_1791211772000,pick_target,completed,,1h,1791211772.055129,1
cycle_1791211772321,pick_target,completed,,1h,1791211772.3743224,1
cycle_1791211772642,pick_target,completed,,1h,1791211772.702845,1
cycle_1791211772971,pick_target,completed,,1h,1791211773.0247004,1
cycle_1791211773300,pick_target,completed,,1h,1791211773.3528323,1
cycle_1791211773644,pick_target,completed,,1h,1791211773.69285,1
cycle_1791211773981,pick_target,completed,,1h,1791211774.0331397,1
cycle_1791211774302,pick_target,completed,,1h,1791211774.3627362,1
cycle_1791211774642,pick_target,completed,,1h,1791211774.7020352,1
cycle_1791211774974,pick_target,completed,,1h,1791211775.021733,1
cycle_1791211775297,pick_target,completed,,1h,1791211775.3604145,1
cycle_1791211775633,pick_target,completed,,1h,1791211775.6821878,1
cycle_1791211775962,pick_target,completed,,1h,1791211776.0121722,1
cycle_1791211776289,pick_target,completed,,1h,1791211776.3457534,1
cycle_1791211776631,pick_target,completed,,1h,1791211776.6733365,1
cycle_1791211776951,pick_target,completed,,1h,1791211777.0117233,1
cycle_1791211777282,pick_target,completed,,1h,1791211777.3434947,1
cycle_1791211777621,pick_target,completed,,1h,1791211777.675735,1
cycle_1791211777981,pick_target,completed,,1h,1791211778.1314259,1
cycle_1791211778422,pick_target,completed,,1h,1791211778.4745984,1
cycle_1791211778771,pick_target,completed,,1h,1791211778.8319094,1
cycle_1791211779110,pick_target,completed,,1h,1791211779.1544077,1
cycle_1791211779429,pick_target,completed,,1h,1791211779.48433,1
cycle_1791211779762,pick_target,completed,,1h,1791211779.815726,1
cycle_1791211780097,pick_target,completed,,1h,1791211780.1558177,1
cycle_1791211780468,pick_target,completed,,1h,1791211780.5310817,1
cycle_1791211780832,pick_target,completed,,1h,1791211780.8955097,1
cycle_1791211781162,pick_target,completed,,1h,1791211781.2129,1
cycle_1791211781491,pick_target,completed,,1h,1791211781.5534513,1
cycle_1791211781831,pick_target,completed,,1h,1791211781.882056,1
cycle_1791211782166,pick_target,completed,,1h,1791211782.2228873,1
cycle_1791211782510,pick_target,completed,,1h,1791211782.5652132,1
cycle_1791211782826,pick_target,completed,,1h,1791211782.8838103,1
cycle_1791211783151,pick_target,completed,,1h,1791211783.2132854,1
cycle_1791211783493,pick_target,completed,,1h,1791211783.5475097,1
cycle_1791211783826,pick_target,completed,,1h,1791211783.8832428,1
cycle_1791211784152,pick_target,completed,,1h,1791211784.203577,1
cycle_1791211784471,pick_target,completed,,1h,1791211784.5227647,1
cycle_1791211784922,pick_target,completed,,1h,1791211784.991378,1
cycle_1791211785281,pick_target,completed,,1h,1791211785.334237,1
cycle_1791211785601,pick_target,completed,,1h,1791211785.652799,1
cycle_1791211785911,pick_target,completed,,1h,1791211785.9670672,1
cycle_1791211786251,pick_target,completed,,1h,1791211786.2993252,1
cycle_1791211786565,pick_target,completed,,1h,1791211786.6114008,1
cycle_1791211786930,pick_target,completed,,1h,1791211786.983397,1
cycle_1791211787271,pick_target,completed,,1h,1791211787.3324277,1
cycle_1791211787625,pick_target,completed,,1h,1791211787.6923292,1
cycle_1791211787981,pick_target,completed,,1h,1791211788.044472,1
cycle_1791211788330,pick_target,completed,,1h,1791211788.3831275,1
cycle_1791211788661,pick_target,completed,,1h,1791211788.7237587,1
cycle_1791211789013,pick_target,completed,,1h,1791211789.0532043,1
cycle_1791211789363,pick_target,completed,,1h,1791211789.424633,1
cycle_1791211789753,pick_target,completed,,1h,1791211789.8177018,1
cycle_1791211790112,pick_target,completed,,1h,1791211790.1700454,1
cycle_1791211790433,pick_target,completed,,1h,1791211790.4933143,1
cycle_1791211790772,pick_target,completed,,1h,1791211790.8351295,1
cycle_1791211791122,pick_target,completed,,1h,1791211791.1842966,1
cycle_1791211791479,pick_target,completed,,1h,1791211791.5338197,1
cycle_1791211791804,pick_target,completed,,1h,1791211791.8629918,1
cycle_1791211792122,pick_target,completed,,1h,1791211792.1733046,1
cycle_1791211792447,pick_target,completed,,1h,1791211792.4998188,1
cycle_1791211792800,pick_target,completed,,1h,1791211792.8638067,1
cycle_1791211793151,pick_target,completed,,1h,1791211793.2116,1
cycle_1791211793501,pick_target,completed,,1h,1791211793.553909,1
cycle_1791211793828,pick_target,completed,,1h,1791211793.8837023,1
cycle_1791211794166,pick_target,completed,,1h,1791211794.2156827,1
cycle_1791211794501,pick_target,completed,,1h,1791211794.55118,1
cycle_1791211794828,pick_target,completed,,1h,1791211794.891542,1
cycle_1791211795162,pick_target,completed,,1h,1791211795.2249427,1
cycle_1791211795499,pick_target,completed,,1h,1791211795.5535598,1
cycle_1791211795870,pick_target,completed,,1h,1791211795.9218388,1
cycle_1791211796198,pick_target,completed,,1h,1791211796.261454,1
cycle_1791211796562,pick_target,completed,,1h,1791211796.6141074,1
cycle_1791211796911,pick_target,completed,,1h,1791211796.9791021,1
cycle_1791211797243,pick_target,completed,,1h,1791211797.3038688,1
cycle_1791211797567,pick_target,completed,,1h,1791211797.633667,1
cycle_1791211797921,pick_target,completed,,1h,1791211797.9736855,1
cycle_1791211798268,pick_target,completed,,1h,1791211798.3237658,1
cycle_1791211798603,pick_target,completed,,1h,1791211798.6653461,1
cycle_1791211799052,pick_target,completed,,1h,1791211799.105508,1
cycle_1791211799376,pick_target,completed,,1h,1791211799.4294012,1
cycle_1791211799721,pick_target,completed,,1h,1791211799.776305,1
cycle_1791211800042,pick_target,completed,,1h,1791211800.1010692,1
cycle_1791211800401,pick_target,completed,,1h,1791211800.456342,1
cycle_1791211800761,pick_target,completed,,1h,1791211800.82913,1
cycle_1791211801083,pick_target,completed,,1h,1791211801.141109,1
cycle_1791211801431,pick_target,completed,,1h,1791211801.4927862,1
cycle_1791211801793,pick_target,completed,,1h,1791211801.8829222,1
cycle_1791211802161,pick_target,completed,,1h,1791211802.2128186,1
cycle_1791211802481,pick_target,completed,,1h,1791211802.5206122,1
cycle_1791211802788,pick_target,completed,,1h,1791211802.8525057,1
cycle_1791211803121,pick_target,completed,,1h,1791211803.1743388,1
cycle_1791211803441,pick_target,completed,,1h,1791211803.502905,1
cycle_1791211803770,pick_target,completed,,1h,1791211803.8283365,1
cycle_1791211804131,pick_target,completed,,1h,1791211804.170887,1
cycle_1791211804469,pick_target,completed,,1h,1791211804.524058,1
cycle_1791211804819,pick_target,completed,,1h,1791211804.8742535,1
cycle_1791211805156,pick_target,completed,,1h,1791211805.203701,1
cycle_1791211805491,pick_target,completed,,1h,1791211805.5420473,1
cycle_1791211805855,pick_target,completed,,1h,1791211805.9182487,1
cycle_1791211806181,pick_target,completed,,1h,1791211806.23365,1
cycle_1791211806537,pick_target,completed,,1h,1791211806.5928605,1
cycle_1791211806867,pick_target,completed,,1h,1791211806.9259818,1
cycle_1791211807231,pick_target,completed,,1h,1791211807.2870784,1
cycle_1791211807601,pick_target,completed,,1h,1791211807.6552882,1
cycle_1791211807959,pick_target,completed,,1h,1791211808.0126276,1
cycle_1791211808285,pick_target,completed,,1h,1791211808.3438148,1
cycle_1791211808642,pick_target,completed,,1h,1791211808.7033064,1
cycle_1791211808980,pick_target,completed,,1h,1791211809.0318756,1
cycle_1791211809302,pick_target,completed,,1h,1791211809.3533359,1
cycle_1791211809655,pick_target,completed,,1h,1791211809.7148724,1
cycle_1791211809981,pick_target,completed,,1h,1791211810.0345972,1
cycle_1791211810322,pick_target,completed,,1h,1791211810.3734183,1
cycle_1791211810653,pick_target,completed,,1h,1791211810.704197,1
cycle_1791211810971,pick_target,completed,,1h,1791211811.0494657,1
cycle_1791211811371,pick_target,completed,,1h,1791211811.4234097,1
cycle_1791211811711,pick_target,completed,,1h,1791211811.774923,1
cycle_1791211812059,pick_target,completed,,1h,1791211812.1178703,1
cycle_1791211812401,pick_target,completed,,1h,1791211812.4574828,1
cycle_1791211812735,pick_target,completed,,1h,1791211812.783588,1
cycle_1791211813062,pick_target,completed,,1h,1791211813.1243591,1
cycle_1791211813423,pick_target,completed,,1h,1791211813.4929228,1
cycle_1791211813786,pick_target,completed,,1h,1791211813.8527646,1
cycle_1791211814162,pick_target,completed,,1h,1791211814.2239292,1
cycle_1791211814492,pick_target,completed,,1h,1791211814.5539098,1
cycle_1791211814870,pick_target,completed,,1h,1791211814.923899,1
cycle_1791211815182,pick_target,completed,,1h,1791211815.2436745,1
cycle_1791211815542,pick_target,completed,,1h,1791211815.6107998,1
cycle_1791211815973,pick_target,completed,,1h,1791211816.046332,1
cycle_1791211816323,pick_target,completed,,1h,1791211816.3838842,1
cycle_1791211816682,pick_target,completed,,1h,1791211816.7443502,1
cycle_1791211817032,pick_target,completed,,1h,1791211817.0941064,1
cycle_1791211817392,pick_target,completed,,1h,1791211817.4566507,1
cycle_1791211817715,pick_target,completed,,1h,1791211817.766112,1
cycle_1791211818053,pick_target,completed,,1h,1791211818.11438,1
cycle_1791211818413,pick_target,completed,,1h,1791211818.4739578,1
cycle_1791211818776,pick_target,completed,,1h,1791211818.8634193,1
cycle_1791211819142,pick_target,completed,,1h,1791211819.206012,1
cycle_1791211819492,pick_target,completed,,1h,1791211819.5541613,1
cycle_1791211819856,pick_target,completed,,1h,1791211819.9047892,1
cycle_1791211820192,pick_target,completed,,1h,1791211820.2462237,1
cycle_1791211820512,pick_target,completed,,1h,1791211820.5741796,1
cycle_1791211821034,pick_target,completed,,1h,1791211821.0856786,1
cycle_1791211821373,pick_target,completed,,1h,1791211821.442128,1
cycle_1791211821722,pick_target,completed,,1h,1791211821.7843723,1
cycle_1791211822083,pick_target,completed,,1h,1791211822.1452005,1
cycle_1791211822546,pick_target,completed,,1h,1791211822.595725,1
cycle_1791211822863,pick_target,completed,,1h,1791211822.9142027,1
cycle_1791211823233,pick_target,completed,,1h,1791211823.294869,1
cycle_1791211823612,pick_target,completed,,1h,1791211823.6742978,1
cycle_1791211823952,pick_target,completed,,1h,1791211824.0214531,1
cycle_1791211824310,pick_target,completed,,1h,1791211824.3642242,1
cycle_1791211824673,pick_target,completed,,1h,1791211824.734078,1
cycle_1791211825127,pick_target,completed,,1h,1791211825.2167659,1
cycle_1791211825513,pick_target,completed,,1h,1791211825.5722945,1
cycle_1791211825863,pick_target,completed,,1h,1791211825.9372447,1
cycle_1791211826213,pick_target,completed,,1h,1791211826.2634783,1
cycle_1791211826563,pick_target,completed,,1h,1791211826.6238005,1
cycle_1791211826922,pick_target,completed,,1h,1791211826.9762197,1
cycle_1791211827286,pick_target,completed,,1h,1791211827.3342133,1
cycle_1791211827623,pick_target,completed,,1h,1791211827.6862178,1
cycle_1791211827973,pick_target,completed,,1h,1791211828.0472493,1
cycle_1791211828364,pick_target,completed,,1h,1791211828.4349048,1
cycle_1791211828784,pick_target,completed,,1h,1791211828.8342798,1
cycle_1791211829124,pick_target,completed,,1h,1791211829.1949694,1
cycle_1791211829464,pick_target,completed,,1h,1791211829.5141199,1
cycle_1791211829784,pick_target,completed,,1h,1791211829.8342192,1
cycle_1791211830111,pick_target,completed,,1h,1791211830.167133,1
cycle_1791211830483,pick_target,completed,,1h,1791211830.552793,1
cycle_1791211830855,pick_target,completed,,1h,1791211830.9126916,1
cycle_1791211831204,pick_target,completed,,1h,1791211831.2642667,1
cycle_1791211831562,pick_target,completed,,1h,1791211831.623664,1
cycle_1791211831938,pick_target,completed,,1h,1791211831.994404,1
cycle_1791211832263,pick_target,completed,,1h,1791211832.324344,1
cycle_1791211832612,pick_target,completed,,1h,1791211832.6679156,1
cycle_1791211832990,pick_target,completed,,1h,1791211833.0314236,1
cycle_1791211833301,pick_target,completed,,1h,1791211833.3536396,1
cycle_1791211833683,pick_target,completed,,1h,1791211833.7440991,1
cycle_1791211834023,pick_target,completed,,1h,1791211834.086031,1
cycle_1791211834355,pick_target,completed,,1h,1791211834.4120395,1
cycle_1791211834675,pick_target,completed,,1h,1791211834.734282,1
cycle_1791211835013,pick_target,completed,,1h,1791211835.074396,1
cycle_1791211835372,pick_target,completed,,1h,1791211835.4348679,1
cycle_1791211835723,pick_target,completed,,1h,1791211835.7807865,1
cycle_1791211836083,pick_target,completed,,1h,1791211836.143977,1
cycle_1791211836424,pick_target,completed,,1h,1791211836.4883642,1
cycle_1791211836752,pick_target,completed,,1h,1791211836.8221078,1
cycle_1791211837094,pick_target,completed,,1h,1791211837.1422572,1
cycle_1791211837423,pick_target,completed,,1h,1791211837.4839566,1
cycle_1791211837752,pick_target,completed,,1h,1791211837.824573,1
cycle_1791211838083,pick_target,completed,,1h,1791211838.144405,1
cycle_1791211838433,pick_target,completed,,1h,1791211838.4944813,1
cycle_1791211838793,pick_target,completed,,1h,1791211838.856702,1
cycle_1791211839126,pick_target,completed,,1h,1791211839.186252,1
cycle_1791211839445,pick_target,completed,,1h,1791211839.507018,1
cycle_1791211839773,pick_target,completed,,1h,1791211839.834106,1
cycle_1791211840141,pick_target,completed,,1h,1791211840.1949906,1
cycle_1791211840493,pick_target,completed,,1h,1791211840.5538776,1
cycle_1791211840877,pick_target,completed,,1h,1791211840.9263155,1
cycle_1791211841198,pick_target,completed,,1h,1791211841.2686255,1
cycle_1791211841540,pick_target,completed,,1h,1791211841.5946965,1
cycle_1791211841873,pick_target,completed,,1h,1791211841.934229,1
cycle_1791211842233,pick_target,completed,,1h,1791211842.2978609,1
cycle_1791211842582,pick_target,completed,,1h,1791211842.6276433,1
cycle_1791211842907,pick_target,completed,,1h,1791211842.9624524,1
cycle_1791211843341,pick_target,completed,,1h,1791211843.3963804,1
cycle_1791211843709,pick_target,completed,,1h,1791211843.7627733,1
cycle_1791211844051,pick_target,completed,,1h,1791211844.1138537,1
cycle_1791211844420,pick_target,completed,,1h,1791211844.4942186,1
cycle_1791211844817,pick_target,completed,,1h,1791211844.8824244,1
cycle_1791211845152,pick_target,completed,,1h,1791211845.2126913,1
cycle_1791211845482,pick_target,completed,,1h,1791211845.5342777,1
cycle_1791211845814,pick_target,completed,,1h,1791211845.8758686,1
cycle_1791211846160,pick_target,completed,,1h,1791211846.2373066,1
cycle_1791211846502,pick_target,completed,,1h,1791211846.5636733,1
cycle_1791211846864,pick_target,completed,,1h,1791211846.9134166,1
cycle_1791211847181,pick_target,completed,,1h,1791211847.2366571,1
cycle_1791211847551,pick_target,completed,,1h,1791211847.614316,1
cycle_1791211847923,pick_target,completed,,1h,1791211847.972403,1
cycle_1791211848261,pick_target,completed,,1h,1791211848.3033588,1
cycle_1791211848600,pick_target,completed,,1h,1791211848.6533942,1
cycle_1791211848932,pick_target,completed,,1h,1791211848.9831705,1
cycle_1791211849262,pick_target,completed,,1h,1791211849.3139358,1
cycle_1791211849593,pick_target,completed,,1h,1791211849.6439326,1
cycle_1791211849940,pick_target,completed,,1h,1791211849.994642,1
cycle_1791211850272,pick_target,completed,,1h,1791211850.3164115,1
cycle_1791211850583,pick_target,completed,,1h,1791211850.642912,1
cycle_1791211850939,pick_target,completed,,1h,1791211850.9924989,1
cycle_1791211851252,pick_target,completed,,1h,1791211851.3041615,1
cycle_1791211851582,pick_target,completed,,1h,1791211851.6222715,1
cycle_1791211851916,pick_target,completed,,1h,1791211851.9610476,1
cycle_1791211852237,pick_target,completed,,1h,1791211852.2944093,1
cycle_1791211852593,pick_target,completed,,1h,1791211852.665665,1
cycle_1791211852932,pick_target,completed,,1h,1791211852.983608,1
cycle_1791211853271,pick_target,completed,,1h,1791211853.3460906,1
cycle_1791211853623,pick_target,completed,,1h,1791211853.673654,1
cycle_1791211853972,pick_target,completed,,1h,1791211854.0243413,1
cycle_1791211854324,pick_target,completed,,1h,1791211854.378439,1
cycle_1791211854642,pick_target,completed,,1h,1791211854.6926568,1
cycle_1791211854962,pick_target,completed,,1h,1791211855.0137758,1
cycle_1791211855313,pick_target,completed,,1h,1791211855.3639133,1
cycle_1791211855639,pick_target,completed,,1h,1791211855.6945715,1
cycle_1791211855976,pick_target,completed,,1h,1791211856.0427449,1
cycle_1791211856393,pick_target,completed,,1h,1791211856.4683523,1
cycle_1791211856763,pick_target,completed,,1h,1791211856.8138034,1
cycle_1791211857092,pick_target,completed,,1h,1791211857.156075,1
cycle_1791211857432,pick_target,completed,,1h,1791211857.4886901,1
cycle_1791211857771,pick_target,completed,,1h,1791211857.8360617,1
cycle_1791211858112,pick_target,completed,,1h,1791211858.1637287,1
cycle_1791211858454,pick_target,completed,,1h,1791211858.5233858,1
cycle_1791211858816,pick_target,completed,,1h,1791211858.8791587,1
cycle_1791211859151,pick_target,completed,,1h,1791211859.2042825,1
cycle_1791211859496,pick_target,completed,,1h,1791211859.5441785,1
cycle_1791211859812,pick_target,completed,,1h,1791211859.8670285,1
cycle_1791211860149,pick_target,completed,,1h,1791211860.2026968,1
cycle_1791211860482,pick_target,completed,,1h,1791211860.5357144,1
cycle_1791211860802,pick_target,completed,,1h,1791211860.8627884,1
cycle_1791211861131,pick_target,completed,,1h,1791211861.1783402,1
cycle_1791211861447,pick_target,completed,,1h,1791211861.5042837,1
cycle_1791211861833,pick_target,completed,,1h,1791211861.8968248,1
cycle_1791211862182,pick_target,completed,,1h,1791211862.2340665,1
cycle_1791211862512,pick_target,completed,,1h,1791211862.5642176,1
cycle_1791211862821,pick_target,completed,,1h,1791211862.8717391,1
cycle_1791211863154,pick_target,completed,,1h,1791211863.2208366,1
cycle_1791211863533,pick_target,completed,,1h,1791211863.5941174,1
cycle_1791211863899,pick_target,completed,,1h,1791211863.9645927,1
cycle_1791211864248,pick_target,completed,,1h,1791211864.3084028,1
cycle_1791211864583,pick_target,completed,,1h,1791211864.6446106,1
cycle_1791211864923,pick_target,completed,,1h,1791211864.9854393,1
cycle_1791211865273,pick_target,completed,,1h,1791211865.3353002,1
cycle_1791211865623,pick_target,completed,,1h,1791211865.6967099,1
cycle_1791211865993,pick_target,completed,,1h,1791211866.053042,1
cycle_1791211866331,pick_target,completed,,1h,1791211866.3842926,1
cycle_1791211866660,pick_target,completed,,1h,1791211866.7139933,1
cycle_1791211867080,pick_target,completed,,1h,1791211867.1850014,1
cycle_1791211867500,pick_target,completed,,1h,1791211867.5554068,1
cycle_1791211867837,pick_target,completed,,1h,1791211867.8825014,1
cycle_1791211868175,pick_target,completed,,1h,1791211868.2342076,1
cycle_1791211868581,pick_target,completed,,1h,1791211868.6299272,1
cycle_1791211868933,pick_target,completed,,1h,1791211868.9827352,1
cycle_1791211869249,pick_target,completed,,1h,1791211869.3007047,1
cycle_1791211869590,pick_target,completed,,1h,1791211869.6474664,1
cycle_1791211869925,pick_target,completed,,1h,1791211870.0008185,1
cycle_1791211870296,pick_target,completed,,1h,1791211870.3432198,1
cycle_1791211870656,pick_target,completed,,1h,1791211870.7153776,1
cycle_1791211871075,pick_target,completed,,1h,1791211871.1243124,1
cycle_1791211871394,pick_target,completed,,1h,1791211871.4531589,1
cycle_1791211871719,pick_target,completed,,1h,1791211871.78174,1
cycle_1791211872343,pick_target,completed,,1h,1791211872.4028242,1
cycle_1791211872703,pick_target,completed,,1h,1791211872.7548733,1
cycle_1791211873053,pick_target,completed,,1h,1791211873.0942724,1
cycle_1791211873418,pick_target,completed,,1h,1791211873.522885,1
cycle_1791211873804,pick_target,completed,,1h,1791211873.8679998,1
cycle_1791211874153,pick_target,completed,,1h,1791211874.203449,1
cycle_1791211874493,pick_target,completed,,1h,1791211874.554329,1
cycle_1791211874865,pick_target,completed,,1h,1791211874.9309087,1
cycle_1791211875213,pick_target,completed,,1h,1791211875.274137,1
cycle_1791211875558,pick_target,completed,,1h,1791211875.622933,1
cycle_1791211875911,pick_target,completed,,1h,1791211875.9640226,1
cycle_1791211876266,pick_target,completed,,1h,1791211876.3192046,1
cycle_1791211876605,pick_target,completed,,1h,1791211876.6626027,1
cycle_1791211876938,pick_target,completed,,1h,1791211876.9948113,1
cycle_1791211877273,pick_target,completed,,1h,1791211877.3353329,1
cycle_1791211877603,pick_target,completed,,1h,1791211877.6545289,1
cycle_1791211877923,pick_target,completed,,1h,1791211877.9891658,1
cycle_1791211878257,pick_target,completed,,1h,1791211878.310094,1
cycle_1791211878583,pick_target,completed,,1h,1791211878.643905,1
cycle_1791211879043,pick_target,completed,,1h,1791211879.104464,1
cycle_1791211879407,pick_target,completed,,1h,1791211879.4717288,1
cycle_1791211879773,pick_target,completed,,1h,1791211879.8344293,1
cycle_1791211880123,pick_target,completed,,1h,1791211880.1848607,1
cycle_1791211880443,pick_target,completed,,1h,1791211880.5032203,1
cycle_1791211880815,pick_target,completed,,1h,1791211880.8775654,1
cycle_1791211881173,pick_target,completed,,1h,1791211881.2271059,1
cycle_1791211881513,pick_target,completed,,1h,1791211881.559427,1
cycle_1791211881855,pick_target,completed,,1h,1791211881.9162142,1
cycle_1791211882211,pick_target,completed,,1h,1791211882.2640934,1
cycle_1791211882561,pick_target,completed,,1h,1791211882.6113496,1
cycle_1791211882933,pick_target,completed,,1h,1791211882.983853,1
cycle_1791211883274,pick_target,completed,,1h,1791211883.3359675,1
cycle_1791211883634,pick_target,completed,,1h,1791211883.6949584,1
cycle_1791211883993,pick_target,completed,,1h,1791211884.0555346,1
cycle_1791211884327,pick_target,completed,,1h,1791211884.3850276,1
cycle_1791211884677,pick_target,completed,,1h,1791211884.7349377,1
cycle_1791211885043,pick_target,completed,,1h,1791211885.1103969,1
cycle_1791211885382,pick_target,completed,,1h,1791211885.44282,1
cycle_1791211885714,pick_target,completed,,1h,1791211885.768485,1
cycle_1791211886058,pick_target,completed,,1h,1791211886.1141899,1
cycle_1791211886367,pick_target,completed,,1h,1791211886.4257278,1
cycle_1791211886713,pick_target,completed,,1h,1791211886.774913,1
cycle_1791211887193,pick_target,completed,,1h,1791211887.2712379,1
cycle_1791211887585,pick_target,completed,,1h,1791211887.6443617,1
cycle_1791211887917,pick_target,completed,,1h,1791211887.9792309,1
cycle_1791211888293,pick_target,completed,,1h,1791211888.3548017,1
cycle_1791211888634,pick_target,completed,,1h,1791211888.7043438,1
cycle_1791211889013,pick_target,completed,,1h,1791211889.064556,1
cycle_1791211889347,pick_target,completed,,1h,1791211889.4048402,1
cycle_1791211889673,pick_target,completed,,1h,1791211889.724463,1
cycle_1791211890013,pick_target,completed,,1h,1791211890.0766895,1
cycle_1791211890383,pick_target,completed,,1h,1791211890.4368823,1
cycle_1791211890715,pick_target,completed,,1h,1791211890.783366,1
cycle_1791211891034,pick_target,completed,,1h,1791211891.0849185,1
cycle_1791211891357,pick_target,completed,,1h,1791211891.4142785,1
cycle_1791211891707,pick_target,completed,,1h,1791211891.7770362,1
cycle_1791211892053,pick_target,completed,,1h,1791211892.1152074,1
cycle_1791211892425,pick_target,completed,,1h,1791211892.4862318,1
cycle_1791211892773,pick_target,completed,,1h,1791211892.8344328,1
cycle_1791211893122,pick_target,completed,,1h,1791211893.1750684,1
cycle_1791211893501,pick_target,completed,,1h,1791211893.554911,1
cycle_1791211893823,pick_target,completed,,1h,1791211893.899441,1
cycle_1791211894192,pick_target,completed,,1h,1791211894.5411665,1
cycle_1791211894820,pick_target,completed,,1h,1791211894.8835561,1
cycle_1791211895197,pick_target,completed,,1h,1791211895.2543597,1
cycle_1791211895540,pick_target,completed,,1h,1791211895.6021333,1
cycle_1791211895869,pick_target,completed,,1h,1791211895.9241717,1
cycle_1791211896218,pick_target,completed,,1h,1791211896.288069,1
cycle_1791211896560,pick_target,completed,,1h,1791211896.6239579,1
cycle_1791211896919,pick_target,completed,,1h,1791211896.973251,1
cycle_1791211897253,pick_target,completed,,1h,1791211897.3090434,1
cycle_1791211897592,pick_target,completed,,1h,1791211897.6446154,1
cycle_1791211897936,pick_target,completed,,1h,1791211897.986549,1
cycle_1791211898272,pick_target,completed,,1h,1791211898.324319,1
cycle_1791211898603,pick_target,completed,,1h,1791211898.6641269,1
cycle_1791211898986,pick_target,completed,,1h,1791211899.0536,1
cycle_1791211899414,pick_target,completed,,1h,1791211899.4750748,1
cycle_1791211899806,pick_target,completed,,1h,1791211899.8706193,1
cycle_1791211900182,pick_target,completed,,1h,1791211900.2440093,1
cycle_1791211900533,pick_target,completed,,1h,1791211900.602333,1
cycle_1791211900868,pick_target,completed,,1h,1791211900.925741,1
cycle_1791211901557,pick_target,completed,,1h,1791211901.6111045,1
cycle_1791211901931,pick_target,completed,,1h,1791211901.9898157,1
cycle_1791211902283,pick_target,completed,,1h,1791211902.3349752,1
cycle_1791211902634,pick_target,completed,,1h,1791211902.6853542,1
cycle_1791211902964,pick_target,completed,,1h,1791211903.007105,1
cycle_1791211903278,pick_target,completed,,1h,1791211903.3408673,1
cycle_1791211903680,pick_target,completed,,1h,1791211903.7356021,1
cycle_1791211904039,pick_target,completed,,1h,1791211904.0976946,1
cycle_1791211904384,pick_target,completed,,1h,1791211904.4430375,1
cycle_1791211904724,pick_target,completed,,1h,1791211904.8110194,1
cycle_1791211905107,pick_target,completed,,1h,1791211905.1546488,1
cycle_1791211905433,pick_target,completed,,1h,1791211905.481139,1
cycle_1791211905777,pick_target,completed,,1h,1791211905.834619,1
cycle_1791211906156,pick_target,completed,,1h,1791211906.2146485,1
cycle_1791211906520,pick_target,completed,,1h,1791211906.573074,1
cycle_1791211906853,pick_target,completed,,1h,1791211906.9237459,1
cycle_1791211907203,pick_target,completed,,1h,1791211907.2561,1
cycle_1791211907614,pick_target,completed,,1h,1791211907.6587405,1
cycle_1791211907964,pick_target,completed,,1h,1791211908.0245204,1
cycle_1791211908341,pick_target,completed,,1h,1791211908.3948035,1
cycle_1791211908663,pick_target,completed,,1h,1791211908.7158594,1
cycle_1791211909013,pick_target,completed,,1h,1791211909.0776658,1
cycle_1791211909364,pick_target,completed,,1h,1791211909.4248202,1
cycle_1791211909733,pick_target,completed,,1h,1791211909.7971902,1
cycle_1791211910087,pick_target,completed,,1h,1791211910.1434097,1
cycle_1791211910421,pick_target,completed,,1h,1791211910.4831524,1
cycle_1791211910792,pick_target,completed,,1h,1791211910.855807,1
cycle_1791211911113,pick_target,completed,,1h,1791211911.1778579,1
cycle_1791211911447,pick_target,completed,,1h,1791211911.5179996,1
cycle_1791211911870,pick_target,completed,,1h,1791211911.930416,1
cycle_1791211912184,pick_target,completed,,1h,1791211912.2451801,1
cycle_1791211912534,pick_target,completed,,1h,1791211912.6138783,1
cycle_1791211912931,pick_target,completed,,1h,1791211912.9848964,1
cycle_1791211913274,pick_target,completed,,1h,1791211913.334799,1
cycle_1791211913655,pick_target,completed,,1h,1791211913.7154858,1
cycle_1791211913989,pick_target,completed,,1h,1791211914.045395,1
cycle_1791211914354,pick_target,completed,,1h,1791211914.4162009,1
cycle_1791211914694,pick_target,completed,,1h,1791211914.7549531,1
cycle_1791211915043,pick_target,completed,,1h,1791211915.1021912,1
cycle_1791211915374,pick_target,completed,,1h,1791211915.4344485,1
cycle_1791211915713,pick_target,completed,,1h,1791211915.7754862,1
cycle_1791211916064,pick_target,completed,,1h,1791211916.1255133,1
cycle_1791211916404,pick_target,completed,,1h,1791211916.4607117,1
cycle_1791211916753,pick_target,completed,,1h,1791211916.8041542,1
cycle_1791211917102,pick_target,completed,,1h,1791211917.1559746,1
cycle_1791211917461,pick_target,completed,,1h,1791211917.5146139,1
cycle_1791211917775,pick_target,completed,,1h,1791211917.8336573,1
cycle_1791211918103,pick_target,completed,,1h,1791211918.1536067,1
cycle_1791211918432,pick_target,completed,,1h,1791211918.4846094,1
cycle_1791211918938,pick_target,completed,,1h,1791211918.9940171,1
cycle_1791211919263,pick_target,completed,,1h,1791211919.3244462,1
cycle_1791211919613,pick_target,completed,,1h,1791211919.6826217,1
cycle_1791211919974,pick_target,completed,,1h,1791211920.0309527,1
cycle_1791211920303,pick_target,completed,,1h,1791211920.3645318,1
cycle_1791211920643,pick_target,completed,,1h,1791211920.7051888,1
cycle_1791211920984,pick_target,completed,,1h,1791211921.0348635,1
cycle_1791211921340,pick_target,completed,,1h,1791211921.3939376,1
cycle_1791211921667,pick_target,completed,,1h,1791211921.715388,1
cycle_1791211921993,pick_target,completed,,1h,1791211922.0696604,1
cycle_1791211922353,pick_target,completed,,1h,1791211922.4150193,1
cycle_1791211922704,pick_target,completed,,1h,1791211922.7682219,1
cycle_1791211923047,pick_target,completed,,1h,1791211923.0980625,1
cycle_1791211923373,pick_target,completed,,1h,1791211923.4223413,1
cycle_1791211923682,pick_target,completed,,1h,1791211923.7349627,1
cycle_1791211924044,pick_target,completed,,1h,1791211924.1046472,1
cycle_1791211924411,pick_target,completed,,1h,1791211924.4852161,1
cycle_1791211924811,pick_target,completed,,1h,1791211924.872351,1
cycle_1791211925134,pick_target,completed,,1h,1791211925.1965623,1
cycle_1791211925513,pick_target,completed,,1h,1791211925.5649035,1
cycle_1791211925870,pick_target,completed,,1h,1791211925.9256506,1
cycle_1791211926354,pick_target,completed,,1h,1791211926.408021,1
cycle_1791211926695,pick_target,completed,,1h,1791211926.7628353,1
cycle_1791211927063,pick_target,completed,,1h,1791211927.134912,1
cycle_1791211927438,pick_target,completed,,1h,1791211927.4950724,1
cycle_1791211927793,pick_target,completed,,1h,1791211927.8567584,1
cycle_1791211928125,pick_target,completed,,1h,1791211928.1747715,1
cycle_1791211928453,pick_target,completed,,1h,1791211928.5128825,1
cycle_1791211928813,pick_target,completed,,1h,1791211928.868571,1
cycle_1791211929137,pick_target,completed,,1h,1791211929.1912863,1
cycle_1791211929492,pick_target,completed,,1h,1791211929.5565336,1
cycle_1791211929835,pick_target,completed,,1h,1791211929.8853068,1
cycle_1791211930144,pick_target,completed,,1h,1791211930.1920621,1
cycle_1791211930463,pick_target,completed,,1h,1791211930.525093,1
cycle_1791211930824,pick_target,completed,,1h,1791211930.8758633,1
cycle_1791211931184,pick_target,completed,,1h,1791211931.235232,1
cycle_1791211931542,pick_target,completed,,1h,1791211931.6054413,1
cycle_1791211931884,pick_target,completed,,1h,1791211931.9454474,1
cycle_1791211932231,pick_target,completed,,1h,1791211932.2850983,1
cycle_1791211932583,pick_target,completed,,1h,1791211932.6440291,1
cycle_1791211932971,pick_target,completed,,1h,1791211933.0346508,1
cycle_1791211933317,pick_target,completed,,1h,1791211933.3646815,1
cycle_1791211933651,pick_target,completed,,1h,1791211933.7100313,1
cycle_1791211934003,pick_target,completed,,1h,1791211934.0653899,1
cycle_1791211934362,pick_target,completed,,1h,1791211934.415348,1
cycle_1791211934694,pick_target,completed,,1h,1791211934.7631412,1
cycle_1791211935035,pick_target,completed,,1h,1791211935.0857348,1
cycle_1791211935363,pick_target,completed,,1h,1791211935.4114754,1
cycle_1791211935704,pick_target,completed,,1h,1791211935.756683,1
cycle_1791211936074,pick_target,completed,,1h,1791211936.1479087,1
cycle_1791211936404,pick_target,completed,,1h,1791211936.4531853,1
cycle_1791211936723,pick_target,completed,,1h,1791211936.777478,1
cycle_1791211937073,pick_target,completed,,1h,1791211937.1330004,1
cycle_1791211937431,pick_target,completed,,1h,1791211937.5386288,1
cycle_1791211937835,pick_target,completed,,1h,1791211937.90368,1
cycle_1791211938170,pick_target,completed,,1h,1791211938.2273417,1
cycle_1791211938484,pick_target,completed,,1h,1791211938.5460775,1
cycle_1791211938825,pick_target,completed,,1h,1791211938.8849137,1
cycle_1791211939205,pick_target,completed,,1h,1791211939.276555,1
cycle_1791211939662,pick_target,completed,,1h,1791211939.748553,1
cycle_1791211940065,pick_target,completed,,1h,1791211940.1214564,1
cycle_1791211940436,pick_target,completed,,1h,1791211940.494999,1
cycle_1791211940814,pick_target,completed,,1h,1791211940.8744984,1
cycle_1791211941148,pick_target,completed,,1h,1791211941.2036655,1
cycle_1791211941516,pick_target,completed,,1h,1791211941.5664196,1
cycle_1791211941823,pick_target,completed,,1h,1791211941.8851335,1
cycle_1791211942163,pick_target,completed,,1h,1791211942.2285633,1
cycle_1791211942542,pick_target,completed,,1h,1791211942.5954506,1
cycle_1791211942903,pick_target,completed,,1h,1791211942.956529,1
cycle_1791211943216,pick_target,completed,,1h,1791211943.2661517,1
cycle_1791211943545,pick_target,completed,,1h,1791211943.6054907,1
cycle_1791211943883,pick_target,completed,,1h,1791211943.931425,1
cycle_1791211944253,pick_target,completed,,1h,1791211944.315495,1
cycle_1791211944594,pick_target,completed,,1h,1791211944.6554863,1
cycle_1791211944943,pick_target,completed,,1h,1791211945.0048082,1
cycle_1791211945298,pick_target,completed,,1h,1791211945.3635786,1
cycle_1791211945648,pick_target,completed,,1h,1791211945.7052736,1
cycle_1791211946013,pick_target,completed,,1h,1791211946.0744784,1
cycle_1791211946366,pick_target,completed,,1h,1791211946.4052517,1
cycle_1791211946680,pick_target,completed,,1h,1791211946.7361677,1
cycle_1791211947014,pick_target,completed,,1h,1791211947.083388,1
cycle_1791211947373,pick_target,completed,,1h,1791211947.4361756,1
cycle_1791211947734,pick_target,completed,,1h,1791211947.7745986,1
cycle_1791211948049,pick_target,completed,,1h,1791211948.1060417,1
cycle_1791211948375,pick_target,completed,,1h,1791211948.465452,1
cycle_1791211948878,pick_target,completed,,1h,1791211948.934206,1
cycle_1791211949204,pick_target,completed,,1h,1791211949.2652795,1
cycle_1791211949534,pick_target,completed,,1h,1791211949.5950527,1
cycle_1791211949884,pick_target,completed,,1h,1791211949.9358277,1
cycle_1791211950223,pick_target,completed,,1h,1791211950.2854657,1
cycle_1791211950574,pick_target,completed,,1h,1791211950.6365492,1
cycle_1791211950932,pick_target,completed,,1h,1791211950.9862063,1
cycle_1791211951310,pick_target,completed,,1h,1791211951.3492298,1
cycle_1791211951652,pick_target,completed,,1h,1791211951.7096438,1
cycle_1791211952014,pick_target,completed,,1h,1791211952.0754411,1
cycle_1791211952362,pick_target,completed,,1h,1791211952.4153616,1
cycle_1791211952707,pick_target,completed,,1h,1791211952.7652502,1
cycle_1791211953044,pick_target,completed,,1h,1791211953.105151,1
cycle_1791211953387,pick_target,completed,,1h,1791211953.445455,1
cycle_1791211953747,pick_target,completed,,1h,1791211953.8085155,1
cycle_1791211954121,pick_target,completed,,1h,1791211954.1847029,1
cycle_1791211954485,pick_target,completed,,1h,1791211954.5462277,1
cycle_1791211954906,pick_target,completed,,1h,1791211954.9555717,1
cycle_1791211955252,pick_target,completed,,1h,1791211955.3043272,1
cycle_1791211955794,pick_target,completed,,1h,1791211955.8537846,1
cycle_1791211956144,pick_target,completed,,1h,1791211956.2130687,1
cycle_1791211956494,pick_target,completed,,1h,1791211956.5455709,1
cycle_1791211956858,pick_target,completed,,1h,1791211956.9067357,1
cycle_1791211957194,pick_target,completed,,1h,1791211957.2563848,1
cycle_1791211957544,pick_target,completed,,1h,1791211957.606961,1
cycle_1791211957905,pick_target,completed,,1h,1791211957.96559,1
cycle_1791211958257,pick_target,completed,,1h,1791211958.306276,1
cycle_1791211958563,pick_target,completed,,1h,1791211958.62553,1
cycle_1791211958913,pick_target,completed,,1h,1791211958.9624822,1
cycle_1791211959256,pick_target,completed,,1h,1791211959.3269844,1
cycle_1791211959639,pick_target,completed,,1h,1791211959.69649,1
cycle_1791211960002,pick_target,completed,,1h,1791211960.064187,1
cycle_1791211960324,pick_target,completed,,1h,1791211960.3852336,1
cycle_1791211960681,pick_target,completed,,1h,1791211960.7350593,1
cycle_1791211961044,pick_target,completed,,1h,1791211961.0958927,1
cycle_1791211961384,pick_target,completed,,1h,1791211961.4464788,1
cycle_1791211961726,pick_target,completed,,1h,1791211961.77792,1
cycle_1791211962054,pick_target,completed,,1h,1791211962.1162655,1
cycle_1791211962494,pick_target,completed,,1h,1791211962.5467188,1
cycle_1791211962853,pick_target,completed,,1h,1791211962.9054632,1
cycle_1791211963178,pick_target,completed,,1h,1791211963.2355347,1
cycle_1791211963524,pick_target,completed,,1h,1791211963.5761733,1
cycle_1791211963865,pick_target,completed,,1h,1791211963.9147565,1
cycle_1791211964183,pick_target,completed,,1h,1791211964.2344823,1
cycle_1791211964534,pick_target,completed,,1h,1791211964.595126,1
cycle_1791211964873,pick_target,completed,,1h,1791211964.9256427,1
cycle_1791211965184,pick_target,completed,,1h,1791211965.234814,1
cycle_1791211965504,pick_target,completed,,1h,1791211965.5674727,1
cycle_1791211965954,pick_target,completed,,1h,1791211966.0141358,1
cycle_1791211966294,pick_target,completed,,1h,1791211966.3555925,1
cycle_1791211966636,pick_target,completed,,1h,1791211966.6847477,1
cycle_1791211966984,pick_target,completed,,1h,1791211967.0450134,1
cycle_1791211967333,pick_target,completed,,1h,1791211967.3940825,1
cycle_1791211967664,pick_target,completed,,1h,1791211967.7256892,1
cycle_1791211968013,pick_target,completed,,1h,1791211968.0647924,1
cycle_1791211968374,pick_target,completed,,1h,1791211968.426649,1
cycle_1791211968735,pick_target,completed,,1h,1791211968.793749,1
cycle_1791211969092,pick_target,completed,,1h,1791211969.145375,1
cycle_1791211969434,pick_target,completed,,1h,1791211969.4942095,1
cycle_1791211969795,pick_target,completed,,1h,1791211969.8694994,1
cycle_1791211970190,pick_target,completed,,1h,1791211970.2481482,1
cycle_1791211970526,pick_target,completed,,1h,1791211970.5850105,1
cycle_1791211970905,pick_target,completed,,1h,1791211970.9649959,1
cycle_1791211971236,pick_target,completed,,1h,1791211971.2928634,1
cycle_1791211971569,pick_target,completed,,1h,1791211971.6195931,1
cycle_1791211971883,pick_target,completed,,1h,1791211971.9370823,1
cycle_1791211972233,pick_target,completed,,1h,1791211972.285063,1
cycle_1791211972542,pick_target,completed,,1h,1791211972.5985088,1
cycle_1791211972913,pick_target,completed,,1h,1791211972.9630325,1
cycle_1791211973244,pick_target,completed,,1h,1791211973.2979698,1
cycle_1791211973584,pick_target,completed,,1h,1791211973.633752,1
cycle_1791211973933,pick_target,completed,,1h,1791211973.9970403,1
cycle_1791211974265,pick_target,completed,,1h,1791211974.3140693,1
cycle_1791211974614,pick_target,completed,,1h,1791211974.6731262,1
cycle_1791211975014,pick_target,completed,,1h,1791211975.0731184,1
cycle_1791211975344,pick_target,completed,,1h,1791211975.392227,1
cycle_1791211975669,pick_target,completed,,1h,1791211975.7248883,1
cycle_1791211976013,pick_target,completed,,1h,1791211976.065859,1
cycle_1791211976333,pick_target,completed,,1h,1791211976.3859718,1
cycle_1791211976664,pick_target,completed,,1h,1791211976.7169034,1
cycle_1791211976985,pick_target,completed,,1h,1791211977.0345767,1
cycle_1791211977308,pick_target,completed,,1h,1791211977.3644266,1
cycle_1791211977634,pick_target,completed,,1h,1791211977.695335,1
cycle_1791211977973,pick_target,completed,,1h,1791211978.0245373,1
cycle_1791211978311,pick_target,completed,,1h,1791211978.3655355,1
cycle_1791211978654,pick_target,completed,,1h,1791211978.7766333,1
cycle_1791211979064,pick_target,completed,,1h,1791211979.1282644,1
cycle_1791211979413,pick_target,completed,,1h,1791211979.4651728,1
cycle_1791211979733,pick_target,completed,,1h,1791211979.7817721,1
cycle_1791211980105,pick_target,completed,,1h,1791211980.1702578,1
cycle_1791211980463,pick_target,completed,,1h,1791211980.5252848,1
cycle_1791211980834,pick_target,completed,,1h,1791211980.8768976,1
cycle_1791211981154,pick_target,completed,,1h,1791211981.2156703,1
cycle_1791211981492,pick_target,completed,,1h,1791211981.5444002,1
cycle_1791211981969,pick_target,completed,,1h,1791211982.0340767,1
cycle_1791211982322,pick_target,completed,,1h,1791211982.3762252,1
cycle_1791211982654,pick_target,completed,,1h,1791211982.705503,1
cycle_1791211983034,pick_target,completed,,1h,1791211983.0753164,1
cycle_1791211983382,pick_target,completed,,1h,1791211983.436108,1
cycle_1791211983705,pick_target,completed,,1h,1791211983.7562776,1
cycle_1791211984053,pick_target,completed,,1h,1791211984.1077404,1
cycle_1791211984405,pick_target,completed,,1h,1791211984.4459908,1
cycle_1791211984733,pick_target,completed,,1h,1791211984.7883523,1
cycle_1791211985084,pick_target,completed,,1h,1791211985.1456032,1
cycle_1791211985407,pick_target,completed,,1h,1791211985.4561083,1
cycle_1791211985724,pick_target,completed,,1h,1791211985.7971754,1
cycle_1791211986084,pick_target,completed,,1h,1791211986.1526747,1
cycle_1791211986437,pick_target,completed,,1h,1791211986.4956107,1
cycle_1791211986793,pick_target,completed,,1h,1791211986.8553398,1
cycle_1791211987139,pick_target,completed,,1h,1791211987.1846404,1
cycle_1791211987450,pick_target,completed,,1h,1791211987.505998,1
cycle_1791211987793,pick_target,completed,,1h,1791211987.8558254,1
cycle_1791211988125,pick_target,completed,,1h,1791211988.1868346,1
cycle_1791211988484,pick_target,completed,,1h,1791211988.537201,1
cycle_1791211988869,pick_target,completed,,1h,1791211988.9258962,1
cycle_1791211989245,pick_target,completed,,1h,1791211989.319365,1
cycle_1791211989625,pick_target,completed,,1h,1791211989.6867146,1
cycle_1791211990034,pick_target,completed,,1h,1791211990.0905945,1
cycle_1791211990357,pick_target,completed,,1h,1791211990.415059,1
cycle_1791211990704,pick_target,completed,,1h,1791211990.740628,1
cycle_1791211991044,pick_target,completed,,1h,1791211991.1057675,1
cycle_1791211991398,pick_target,completed,,1h,1791211991.445907,1
cycle_1791211991739,pick_target,completed,,1h,1791211991.8620396,1
cycle_1791211992321,pick_target,completed,,1h,1791211992.4039617,1
cycle_1791211992750,pick_target,completed,,1h,1791211992.8053045,1
cycle_1791211993155,pick_target,completed,,1h,1791211993.2387838,1
cycle_1791211993574,pick_target,completed,,1h,1791211993.6391282,1
cycle_1791211993965,pick_target,completed,,1h,1791211994.0408878,1
cycle_1791211994384,pick_target,completed,,1h,1791211994.4486215,1
cycle_1791211994784,pick_target,completed,,1h,1791211994.857523,1
cycle_1791211995164,pick_target,completed,,1h,1791211995.2157934,1
cycle_1791211995496,pick_target,completed,,1h,1791211995.5439131,1
cycle_1791211995827,pick_target,completed,,1h,1791211995.8758597,1
cycle_1791211996193,pick_target,completed,,1h,1791211996.2444735,1
cycle_1791211996514,pick_target,completed,,1h,1791211996.5836434,1
cycle_1791211996866,pick_target,completed,,1h,1791211996.9256716,1
cycle_1791211997193,pick_target,completed,,1h,1791211997.2544103,1
cycle_1791211997536,pick_target,completed,,1h,1791211997.5974758,1
cycle_1791211997923,pick_target,completed,,1h,1791211997.9762945,1
cycle_1791211998244,pick_target,completed,,1h,1791211998.3061452,1
cycle_1791211998573,pick_target,completed,,1h,1791211998.6357899,1
cycle_1791211998914,pick_target,completed,,1h,1791211998.9608696,1
cycle_1791211999264,pick_target,completed,,1h,1791211999.3260791,1
cycle_1791211999614,pick_target,completed,,1h,1791211999.6649725,1
cycle_1791211999934,pick_target,completed,,1h,1791211999.994478,1
cycle_1791212000275,pick_target,completed,,1h,1791212000.3193629,1
cycle_1791212000584,pick_target,completed,,1h,1791212000.6344085,1
cycle_1791212000934,pick_target,completed,,1h,1791212000.9845529,1
cycle_1791212001254,pick_target,completed,,1h,1791212001.3156881,1
cycle_1791212001574,pick_target,completed,,1h,1791212001.6348948,1
cycle_1791212001924,pick_target,completed,,1h,1791212001.9701326,1
cycle_1791212002239,pick_target,completed,,1h,1791212002.2943034,1
cycle_1791212002556,pick_target,completed,,1h,1791212002.61589,1
cycle_1791212002904,pick_target,completed,,1h,1791212002.9665475,1
cycle_1791212003244,pick_target,completed,,1h,1791212003.3059485,1
cycle_1791212003574,pick_target,completed,,1h,1791212003.624531,1
cycle_1791212003915,pick_target,completed,,1h,1791212003.986191,1
cycle_1791212004264,pick_target,completed,,1h,1791212004.3152285,1
cycle_1791212004584,pick_target,completed,,1h,1791212004.642842,1
cycle_1791212004952,pick_target,completed,,1h,1791212005.0423913,1
cycle_1791212005334,pick_target,completed,,1h,1791212005.3961308,1
cycle_1791212005706,pick_target,completed,,1h,1791212005.7743406,1
cycle_1791212006083,pick_target,completed,,1h,1791212006.1351178,1
cycle_1791212006415,pick_target,completed,,1h,1791212006.464624,1
cycle_1791212006734,pick_target,completed,,1h,1791212006.7957706,1
cycle_1791212007084,pick_target,completed,,1h,1791212007.152875,1
cycle_1791212007421,pick_target,completed,,1h,1791212007.4741533,1
cycle_1791212007744,pick_target,completed,,1h,1791212007.805166,1
cycle_1791212008085,pick_target,completed,,1h,1791212008.145624,1
cycle_1791212008434,pick_target,completed,,1h,1791212008.4951918,1
cycle_1791212008829,pick_target,completed,,1h,1791212008.8864782,1
cycle_1791212009144,pick_target,completed,,1h,1791212009.206281,1
cycle_1791212009663,pick_target,completed,,1h,1791212009.7090018,1
cycle_1791212010024,pick_target,completed,,1h,1791212010.086937,1
cycle_1791212010384,pick_target,completed,,1h,1791212010.4358208,1
cycle_1791212010693,pick_target,completed,,1h,1791212010.7315886,1
cycle_1791212011010,pick_target,completed,,1h,1791212011.0797794,1
cycle_1791212011383,pick_target,completed,,1h,1791212011.4360142,1
cycle_1791212011734,pick_target,completed,,1h,1791212011.7989345,1
cycle_1791212012077,pick_target,completed,,1h,1791212012.1359887,1
cycle_1791212012437,pick_target,completed,,1h,1791212012.4957705,1
cycle_1791212012814,pick_target,completed,,1h,1791212012.8753526,1
cycle_1791212013160,pick_target,completed,,1h,1791212013.211076,1
cycle_1791212013535,pick_target,completed,,1h,1791212013.5956328,1
cycle_1791212013884,pick_target,completed,,1h,1791212013.9365165,1
cycle_1791212014205,pick_target,completed,,1h,1791212014.2657835,1
cycle_1791212014694,pick_target,completed,,1h,1791212014.75578,1
cycle_1791212015044,pick_target,completed,,1h,1791212015.109803,1
cycle_1791212015389,pick_target,completed,,1h,1791212015.4489222,1
cycle_1791212015757,pick_target,completed,,1h,1791212015.8155894,1
cycle_1791212016104,pick_target,completed,,1h,1791212016.1670148,1
cycle_1791212016434,pick_target,completed,,1h,1791212016.4947362,1
cycle_1791212016759,pick_target,completed,,1h,1791212016.8224583,1
cycle_1791212017104,pick_target,completed,,1h,1791212017.164901,1
cycle_1791212017426,pick_target,completed,,1h,1791212017.485604,1
cycle_1791212017794,pick_target,completed,,1h,1791212017.8672547,1
cycle_1791212018175,pick_target,completed,,1h,1791212018.243791,1
cycle_1791212018504,pick_target,completed,,1h,1791212018.5660956,1
cycle_1791212018871,pick_target,completed,,1h,1791212018.9321914,1
cycle_1791212019230,pick_target,completed,,1h,1791212019.2856786,1
cycle_1791212019602,pick_target,completed,,1h,1791212019.6652124,1
cycle_1791212019952,pick_target,completed,,1h,1791212020.0050225,1
cycle_1791212020287,pick_target,completed,,1h,1791212020.3278203,1
cycle_1791212020655,pick_target,completed,,1h,1791212020.7062285,1
cycle_1791212020974,pick_target,completed,,1h,1791212021.025827,1
cycle_1791212021315,pick_target,completed,,1h,1791212021.3760502,1
cycle_1791212021656,pick_target,completed,,1h,1791212021.6968083,1
cycle_1791212021971,pick_target,completed,,1h,1791212022.0260723,1
cycle_1791212022294,pick_target,completed,,1h,1791212022.3658836,1
cycle_1791212022645,pick_target,completed,,1h,1791212022.7054117,1
cycle_1791212023036,pick_target,completed,,1h,1791212023.0961785,1
cycle_1791212023385,pick_target,completed,,1h,1791212023.4455287,1
cycle_1791212023734,pick_target,completed,,1h,1791212023.8067157,1
cycle_1791212024106,pick_target,completed,,1h,1791212024.1653206,1
cycle_1791212024434,pick_target,completed,,1h,1791212024.495534,1
cycle_1791212024828,pick_target,completed,,1h,1791212024.878809,1
cycle_1791212025250,pick_target,completed,,1h,1791212025.3061285,1
cycle_1791212025617,pick_target,completed,,1h,1791212025.6647925,1
cycle_1791212025965,pick_target,completed,,1h,1791212026.0361426,1
cycle_1791212026315,pick_target,completed,,1h,1791212026.3529344,1
cycle_1791212026644,pick_target,completed,,1h,1791212026.6961298,1
cycle_1791212026995,pick_target,completed,,1h,1791212027.0465062,1
cycle_1791212027335,pick_target,completed,,1h,1791212027.3958004,1
cycle_1791212027704,pick_target,completed,,1h,1791212027.7578719,1
cycle_1791212028044,pick_target,completed,,1h,1791212028.1063397,1
cycle_1791212028384,pick_target,completed,,1h,1791212028.4460726,1
cycle_1791212028746,pick_target,completed,,1h,1791212028.7993064,1
cycle_1791212029085,pick_target,completed,,1h,1791212029.136565,1
cycle_1791212029474,pick_target,completed,,1h,1791212029.5261946,1
cycle_1791212029805,pick_target,completed,,1h,1791212029.8673942,1
cycle_1791212030145,pick_target,completed,,1h,1791212030.1891038,1
cycle_1791212030483,pick_target,completed,,1h,1791212030.5357099,1
cycle_1791212030797,pick_target,completed,,1h,1791212030.8934085,1
cycle_1791212031174,pick_target,completed,,1h,1791212031.235576,1
cycle_1791212031514,pick_target,completed,,1h,1791212031.564241,1
cycle_1791212031865,pick_target,completed,,1h,1791212031.9263487,1
cycle_1791212032197,pick_target,completed,,1h,1791212032.2571597,1
cycle_1791212032530,pick_target,completed,,1h,1791212032.5813622,1
cycle_1791212032934,pick_target,completed,,1h,1791212032.9859774,1
cycle_1791212033255,pick_target,completed,,1h,1791212033.3238528,1
cycle_1791212033604,pick_target,completed,,1h,1791212033.666067,1
cycle_1791212033956,pick_target,completed,,1h,1791212034.0160806,1
cycle_1791212034290,pick_target,completed,,1h,1791212034.3463774,1
cycle_1791212034615,pick_target,completed,,1h,1791212034.675004,1
cycle_1791212034963,pick_target,completed,,1h,1791212035.0166273,1
cycle_1791212035302,pick_target,completed,,1h,1791212035.3549953,1
cycle_1791212035661,pick_target,completed,,1h,1791212035.715122,1
cycle_1791212036009,pick_target,completed,,1h,1791212036.0648277,1
cycle_1791212036364,pick_target,completed,,1h,1791212036.4255998,1
cycle_1791212036715,pick_target,completed,,1h,1791212036.7557964,1
cycle_1791212037095,pick_target,completed,,1h,1791212037.147794,1
cycle_1791212037435,pick_target,completed,,1h,1791212037.4846568,1
cycle_1791212037755,pick_target,completed,,1h,1791212037.8158092,1
cycle_1791212038084,pick_target,completed,,1h,1791212038.1427584,1
cycle_1791212038435,pick_target,completed,,1h,1791212038.5043733,1
cycle_1791212038794,pick_target,completed,,1h,1791212038.8689206,1
cycle_1791212039144,pick_target,completed,,1h,1791212039.2086508,1
cycle_1791212039493,pick_target,completed,,1h,1791212039.5460563,1
cycle_1791212039856,pick_target,completed,,1h,1791212039.9113138,1
cycle_1791212040195,pick_target,completed,,1h,1791212040.2561657,1
cycle_1791212040878,pick_target,completed,,1h,1791212040.9244556,1
cycle_1791212041185,pick_target,completed,,1h,1791212041.245856,1
cycle_1791212041515,pick_target,completed,,1h,1791212041.576283,1
cycle_1791212041885,pick_target,completed,,1h,1791212041.9448204,1
cycle_1791212042243,pick_target,completed,,1h,1791212042.2953522,1
cycle_1791212042597,pick_target,completed,,1h,1791212042.6655388,1
cycle_1791212042935,pick_target,completed,,1h,1791212042.9953558,1
cycle_1791212043275,pick_target,completed,,1h,1791212043.3429725,1
cycle_1791212043623,pick_target,completed,,1h,1791212043.676312,1
cycle_1791212043955,pick_target,completed,,1h,1791212044.0198724,1
cycle_1791212044308,pick_target,completed,,1h,1791212044.3572023,1
cycle_1791212044651,pick_target,completed,,1h,1791212044.711472,1
cycle_1791212045002,pick_target,completed,,1h,1791212045.0555317,1
cycle_1791212045334,pick_target,completed,,1h,1791212045.396454,1
cycle_1791212045685,pick_target,completed,,1h,1791212045.7361734,1
cycle_1791212046040,pick_target,completed,,1h,1791212046.089774,1
cycle_1791212046395,pick_target,completed,,1h,1791212046.456167,1
cycle_1791212046755,pick_target,completed,,1h,1791212046.815818,1
cycle_1791212047095,pick_target,completed,,1h,1791212047.156911,1
cycle_1791212047436,pick_target,completed,,1h,1791212047.4969888,1
cycle_1791212047775,pick_target,completed,,1h,1791212047.8251593,1
cycle_1791212048115,pick_target,completed,,1h,1791212048.1767318,1
cycle_1791212048456,pick_target,completed,,1h,1791212048.5158262,1
cycle_1791212048785,pick_target,completed,,1h,1791212048.854243,1
cycle_1791212049135,pick_target,completed,,1h,1791212049.1978061,1
cycle_1791212049495,pick_target,completed,,1h,1791212049.5563443,1
cycle_1791212049829,pick_target,completed,,1h,1791212049.8882074,1
cycle_1791212050155,pick_target,completed,,1h,1791212050.2081137,1
cycle_1791212050535,pick_target,completed,,1h,1791212050.596157,1
cycle_1791212050872,pick_target,completed,,1h,1791212050.9270103,1
cycle_1791212051233,pick_target,completed,,1h,1791212051.2876065,1
cycle_1791212051573,pick_target,completed,,1h,1791212051.6268678,1
cycle_1791212051917,pick_target,completed,,1h,1791212051.9874456,1
cycle_1791212052300,pick_target,completed,,1h,1791212052.3655174,1
cycle_1791212052655,pick_target,completed,,1h,1791212052.7158177,1
cycle_1791212053004,pick_target,completed,,1h,1791212053.0657523,1
cycle_1791212053334,pick_target,completed,,1h,1791212053.4583237,1
cycle_1791212053724,pick_target,completed,,1h,1791212053.7751474,1
cycle_1791212054090,pick_target,completed,,1h,1791212054.1413271,1
cycle_1791212054420,pick_target,completed,,1h,1791212054.4712029,1
cycle_1791212054735,pick_target,completed,,1h,1791212054.8054588,1
cycle_1791212055095,pick_target,completed,,1h,1791212055.1399298,1
cycle_1791212055430,pick_target,completed,,1h,1791212055.4943886,1
cycle_1791212055768,pick_target,completed,,1h,1791212055.8152206,1
cycle_1791212056105,pick_target,completed,,1h,1791212056.1736152,1
cycle_1791212056465,pick_target,completed,,1h,1791212056.5136392,1
cycle_1791212056804,pick_target,completed,,1h,1791212056.871042,1
cycle_1791212057165,pick_target,completed,,1h,1791212057.2263646,1
cycle_1791212057525,pick_target,completed,,1h,1791212057.621315,1
cycle_1791212057915,pick_target,completed,,1h,1791212057.9838054,1
cycle_1791212058255,pick_target,completed,,1h,1791212058.3161128,1
cycle_1791212058621,pick_target,completed,,1h,1791212058.6761565,1
cycle_1791212058970,pick_target,completed,,1h,1791212059.0261793,1
cycle_1791212059350,pick_target,completed,,1h,1791212059.4079275,1
cycle_1791212059724,pick_target,completed,,1h,1791212059.7776833,1
cycle_1791212060064,pick_target,completed,,1h,1791212060.1173806,1
cycle_1791212060395,pick_target,completed,,1h,1791212060.4567516,1
cycle_1791212060775,pick_target,completed,,1h,1791212060.838156,1
cycle_1791212061106,pick_target,completed,,1h,1791212061.154262,1
cycle_1791212061455,pick_target,completed,,1h,1791212061.505719,1
cycle_1791212061775,pick_target,completed,,1h,1791212061.8277457,1
cycle_1791212062145,pick_target,completed,,1h,1791212062.2064118,1
cycle_1791212062485,pick_target,completed,,1h,1791212062.5257406,1
cycle_1791212062835,pick_target,completed,,1h,1791212062.8986442,1
cycle_1791212063176,pick_target,completed,,1h,1791212063.236104,1
cycle_1791212063554,pick_target,completed,,1h,1791212063.6236506,1
cycle_1791212063902,pick_target,completed,,1h,1791212063.964586,1
cycle_1791212064265,pick_target,completed,,1h,1791212064.3371172,1
cycle_1791212064643,pick_target,completed,,1h,1791212064.697954,1
cycle_1791212064984,pick_target,completed,,1h,1791212065.0359054,1
cycle_1791212065323,pick_target,completed,,1h,1791212065.3777704,1
cycle_1791212065693,pick_target,completed,,1h,1791212065.7476783,1
cycle_1791212066055,pick_target,completed,,1h,1791212066.1492083,1
cycle_1791212066467,pick_target,completed,,1h,1791212066.5258253,1
cycle_1791212066794,pick_target,completed,,1h,1791212066.8671951,1
cycle_1791212067144,pick_target,completed,,1h,1791212067.2058637,1
cycle_1791212067477,pick_target,completed,,1h,1791212067.5360503,1
cycle_1791212067836,pick_target,completed,,1h,1791212067.8954167,1
cycle_1791212068196,pick_target,completed,,1h,1791212068.2576103,1
cycle_1791212068543,pick_target,completed,,1h,1791212068.5988598,1
cycle_1791212069050,pick_target,completed,,1h,1791212069.0947263,1
cycle_1791212069397,pick_target,completed,,1h,1791212069.4646015,1
cycle_1791212069757,pick_target,completed,,1h,1791212069.816583,1
cycle_1791212070096,pick_target,completed,,1h,1791212070.1579015,1
cycle_1791212070437,pick_target,completed,,1h,1791212070.5063128,1
cycle_1791212070784,pick_target,completed,,1h,1791212070.8584316,1
cycle_1791212071145,pick_target,completed,,1h,1791212071.2066145,1
cycle_1791212071485,pick_target,completed,,1h,1791212071.5481315,1
cycle_1791212071823,pick_target,completed,,1h,1791212071.8761845,1
cycle_1791212072161,pick_target,completed,,1h,1791212072.2620137,1
cycle_1791212072534,pick_target,completed,,1h,1791212072.587078,1
cycle_1791212072883,pick_target,completed,,1h,1791212072.9398909,1
cycle_1791212073234,pick_target,completed,,1h,1791212073.2864416,1
cycle_1791212073575,pick_target,completed,,1h,1791212073.6363552,1
cycle_1791212073923,pick_target,completed,,1h,1791212073.977154,1
cycle_1791212074288,pick_target,completed,,1h,1791212074.3464355,1
cycle_1791212074625,pick_target,completed,,1h,1791212074.6944585,1
cycle_1791212074966,pick_target,completed,,1h,1791212075.0259511,1
cycle_1791212075306,pick_target,completed,,1h,1791212075.382179,1
cycle_1791212075674,pick_target,completed,,1h,1791212075.734543,1
cycle_1791212076024,pick_target,completed,,1h,1791212076.0844858,1
cycle_1791212076375,pick_target,completed,,1h,1791212076.4255729,1
cycle_1791212076735,pick_target,completed,,1h,1791212076.7766898,1
cycle_1791212077075,pick_target,completed,,1h,1791212077.1362529,1
cycle_1791212077425,pick_target,completed,,1h,1791212077.4880571,1
cycle_1791212077755,pick_target,completed,,1h,1791212077.8160908,1
cycle_1791212078094,pick_target,completed,,1h,1791212078.1445017,1
cycle_1791212078413,pick_target,completed,,1h,1791212078.4669554,1
cycle_1791212078745,pick_target,completed,,1h,1791212078.8066843,1
cycle_1791212079076,pick_target,completed,,1h,1791212079.1381502,1
cycle_1791212079385,pick_target,completed,,1h,1791212079.4397705,1
cycle_1791212079725,pick_target,completed,,1h,1791212079.7919648,1
cycle_1791212080060,pick_target,completed,,1h,1791212080.1190004,1
cycle_1791212080444,pick_target,completed,,1h,1791212080.5133114,1
cycle_1791212080816,pick_target,completed,,1h,1791212080.8802037,1
cycle_1791212081184,pick_target,completed,,1h,1791212081.2476106,1
cycle_1791212081524,pick_target,completed,,1h,1791212081.584386,1
cycle_1791212081882,pick_target,completed,,1h,1791212081.9396152,1
cycle_1791212082213,pick_target,completed,,1h,1791212082.2762468,1
cycle_1791212082577,pick_target,completed,,1h,1791212082.6369703,1
cycle_1791212082916,pick_target,completed,,1h,1791212082.9664023,1
cycle_1791212083235,pick_target,completed,,1h,1791212083.297014,1
cycle_1791212083583,pick_target,completed,,1h,1791212083.6206896,1
cycle_1791212083934,pick_target,completed,,1h,1791212083.9971282,1
cycle_1791212084265,pick_target,completed,,1h,1791212084.3276434,1
cycle_1791212084625,pick_target,completed,,1h,1791212084.6769354,1
cycle_1791212084955,pick_target,completed,,1h,1791212085.036571,1
cycle_1791212085484,pick_target,completed,,1h,1791212085.5334055,1
cycle_1791212085833,pick_target,completed,,1h,1791212085.8858142,1
cycle_1791212086165,pick_target,completed,,1h,1791212086.2262325,1
cycle_1791212086522,pick_target,completed,,1h,1791212086.5924954,1
cycle_1791212086868,pick_target,completed,,1h,1791212086.9070697,1
cycle_1791212087206,pick_target,completed,,1h,1791212087.266623,1
cycle_1791212087566,pick_target,completed,,1h,1791212087.624128,1
cycle_1791212087933,pick_target,completed,,1h,1791212088.0011132,1
cycle_1791212088315,pick_target,completed,,1h,1791212088.3965335,1
cycle_1791212088677,pick_target,completed,,1h,1791212088.735989,1
cycle_1791212089056,pick_target,completed,,1h,1791212089.1181827,1
cycle_1791212089364,pick_target,completed,,1h,1791212089.4156718,1
cycle_1791212089705,pick_target,completed,,1h,1791212089.7746143,1
cycle_1791212090065,pick_target,completed,,1h,1791212090.128821,1
cycle_1791212090415,pick_target,completed,,1h,1791212090.4560704,1
cycle_1791212090734,pick_target,completed,,1h,1791212090.7968686,1
cycle_1791212091065,pick_target,completed,,1h,1791212091.1252522,1
cycle_1791212091405,pick_target,completed,,1h,1791212091.4552004,1
cycle_1791212091722,pick_target,completed,,1h,1791212091.7765284,1
cycle_1791212092065,pick_target,completed,,1h,1791212092.106528,1
cycle_1791212092404,pick_target,completed,,1h,1791212092.4661987,1
cycle_1791212092745,pick_target,completed,,1h,1791212092.8402195,1
cycle_1791212093145,pick_target,completed,,1h,1791212093.1903017,1
cycle_1791212093515,pick_target,completed,,1h,1791212093.5659873,1
cycle_1791212093859,pick_target,completed,,1h,1791212093.906659,1
cycle_1791212094213,pick_target,completed,,1h,1791212094.2662203,1
cycle_1791212094564,pick_target,completed,,1h,1791212094.615983,1
cycle_1791212094944,pick_target,completed,,1h,1791212095.0369503,1
cycle_1791212095355,pick_target,completed,,1h,1791212095.4180534,1
cycle_1791212095704,pick_target,completed,,1h,1791212095.765658,1
cycle_1791212096075,pick_target,completed,,1h,1791212096.1356735,1
cycle_1791212096405,pick_target,completed,,1h,1791212096.4687557,1
cycle_1791212096775,pick_target,completed,,1h,1791212096.836402,1
cycle_1791212097125,pick_target,completed,,1h,1791212097.1856246,1
cycle_1791212097465,pick_target,completed,,1h,1791212097.528106,1
cycle_1791212097795,pick_target,completed,,1h,1791212097.8548558,1
cycle_1791212098144,pick_target,completed,,1h,1791212098.2063255,1
cycle_1791212098494,pick_target,completed,,1h,1791212098.5561225,1
cycle_1791212098907,pick_target,completed,,1h,1791212098.9690037,1
cycle_1791212099265,pick_target,completed,,1h,1791212099.3183956,1
cycle_1791212099605,pick_target,completed,,1h,1791212099.665302,1
cycle_1791212099975,pick_target,completed,,1h,1791212100.0444958,1
cycle_1791212100354,pick_target,completed,,1h,1791212100.4067652,1
cycle_1791212100684,pick_target,completed,,1h,1791212100.744041,1
cycle_1791212101035,pick_target,completed,,1h,1791212101.088141,1
cycle_1791212101365,pick_target,completed,,1h,1791212101.4342136,1
cycle_1791212101704,pick_target,completed,,1h,1791212101.7564251,1
cycle_1791212102046,pick_target,completed,,1h,1791212102.1072423,1
cycle_1791212102384,pick_target,completed,,1h,1791212102.4355154,1
cycle_1791212102733,pick_target,completed,,1h,1791212102.785958,1
cycle_1791212103085,pick_target,completed,,1h,1791212103.1462777,1
cycle_1791212103435,pick_target,completed,,1h,1791212103.4847205,1
cycle_1791212103799,pick_target,completed,,1h,1791212103.8744764,1
cycle_1791212104148,pick_target,completed,,1h,1791212104.198386,1
cycle_1791212104495,pick_target,completed,,1h,1791212104.5455241,1
cycle_1791212104825,pick_target,completed,,1h,1791212104.8952315,1
cycle_1791212105165,pick_target,completed,,1h,1791212105.2269504,1
cycle_1791212105526,pick_target,completed,,1h,1791212105.5868342,1
cycle_1791212105868,pick_target,completed,,1h,1791212105.9302366,1
cycle_1791212106205,pick_target,completed,,1h,1791212106.25305,1
cycle_1791212106546,pick_target,completed,,1h,1791212106.627279,1
cycle_1791212106933,pick_target,completed,,1h,1791212106.9970455,1
cycle_1791212107275,pick_target,completed,,1h,1791212107.3449693,1
cycle_1791212107604,pick_target,completed,,1h,1791212107.6579518,1
cycle_1791212107954,pick_target,completed,,1h,1791212108.0156791,1
cycle_1791212108285,pick_target,completed,,1h,1791212108.3461983,1
cycle_1791212108615,pick_target,completed,,1h,1791212108.6762023,1
cycle_1791212109117,pick_target,completed,,1h,1791212109.176328,1
cycle_1791212109485,pick_target,completed,,1h,1791212109.536991,1
cycle_1791212109824,pick_target,completed,,1h,1791212109.8855205,1
cycle_1791212110193,pick_target,completed,,1h,1791212110.2351344,1
cycle_1791212110525,pick_target,completed,,1h,1791212110.588158,1
cycle_1791212110908,pick_target,completed,,1h,1791212110.9669743,1
cycle_1791212111265,pick_target,completed,,1h,1791212111.3263972,1
cycle_1791212111635,pick_target,completed,,1h,1791212111.6966276,1
cycle_1791212111975,pick_target,completed,,1h,1791212112.0154998,1
cycle_1791212112306,pick_target,completed,,1h,1791212112.3676965,1
cycle_1791212112659,pick_target,completed,,1h,1791212112.708859,1
cycle_1791212112992,pick_target,completed,,1h,1791212113.048764,1
cycle_1791212113368,pick_target,completed,,1h,1791212113.4186904,1
cycle_1791212113708,pick_target,completed,,1h,1791212113.764793,1
cycle_1791212114053,pick_target,completed,,1h,1791212114.105733,1
cycle_1791212114378,pick_target,completed,,1h,1791212114.4287498,1
cycle_1791212114698,pick_target,completed,,1h,1791212114.7551436,1
cycle_1791212115024,pick_target,completed,,1h,1791212115.0761204,1
cycle_1791212115363,pick_target,completed,,1h,1791212115.4175518,1
cycle_1791212115715,pick_target,completed,,1h,1791212115.7771342,1
cycle_1791212116035,pick_target,completed,,1h,1791212116.0857,1
cycle_1791212116346,pick_target,completed,,1h,1791212116.3951657,1
cycle_1791212116661,pick_target,completed,,1h,1791212116.7166026,1
cycle_1791212117070,pick_target,completed,,1h,1791212117.1283994,1
cycle_1791212117417,pick_target,completed,,1h,1791212117.48858,1
cycle_1791212117767,pick_target,completed,,1h,1791212117.825894,1
cycle_1791212118147,pick_target,completed,,1h,1791212118.196609,1
cycle_1791212118496,pick_target,completed,,1h,1791212118.555907,1
cycle_1791212118853,pick_target,completed,,1h,1791212118.906163,1
cycle_1791212119188,pick_target,completed,,1h,1791212119.2470198,1
cycle_1791212119516,pick_target,completed,,1h,1791212119.5659223,1
cycle_1791212119868,pick_target,completed,,1h,1791212119.9171915,1
cycle_1791212120187,pick_target,completed,,1h,1791212120.250954,1
cycle_1791212120569,pick_target,completed,,1h,1791212120.6265771,1
cycle_1791212120964,pick_target,completed,,1h,1791212121.0187435,1
cycle_1791212121284,pick_target,completed,,1h,1791212121.3461165,1
cycle_1791212121633,pick_target,completed,,1h,1791212121.6949432,1
cycle_1791212121976,pick_target,completed,,1h,1791212122.0367787,1
cycle_1791212122310,pick_target,completed,,1h,1791212122.3714743,1
cycle_1791212122665,pick_target,completed,,1h,1791212122.7276895,1
cycle_1791212123075,pick_target,completed,,1h,1791212123.1388788,1
cycle_1791212123425,pick_target,completed,,1h,1791212123.4895418,1
cycle_1791212123764,pick_target,completed,,1h,1791212123.8089747,1
cycle_1791212124096,pick_target,completed,,1h,1791212124.1556025,1
cycle_1791212124466,pick_target,completed,,1h,1791212124.5185647,1
cycle_1791212124851,pick_target,completed,,1h,1791212124.8912196,1
cycle_1791212125170,pick_target,completed,,1h,1791212125.2271135,1
cycle_1791212125495,pick_target,completed,,1h,1791212125.5570476,1
cycle_1791212125814,pick_target,completed,,1h,1791212125.884695,1
cycle_1791212126185,pick_target,completed,,1h,1791212126.2454255,1
cycle_1791212126534,pick_target,completed,,1h,1791212126.5955496,1
cycle_1791212126868,pick_target,completed,,1h,1791212126.918679,1
cycle_1791212127191,pick_target,completed,,1h,1791212127.246965,1
cycle_1791212127506,pick_target,completed,,1h,1791212127.5788007,1
cycle_1791212127870,pick_target,completed,,1h,1791212127.916878,1
cycle_1791212128185,pick_target,completed,,1h,1791212128.2462223,1
cycle_1791212128526,pick_target,completed,,1h,1791212128.5868182,1
cycle_1791212128985,pick_target,completed,,1h,1791212129.0491493,1
cycle_1791212129329,pick_target,completed,,1h,1791212129.376708,1
cycle_1791212129625,pick_target,completed,,1h,1791212129.6836693,1
cycle_1791212129977,pick_target,completed,,1h,1791212130.0378296,1
cycle_1791212130329,pick_target,completed,,1h,1791212130.3868513,1
cycle_1791212130679,pick_target,completed,,1h,1791212130.7355914,1
cycle_1791212131026,pick_target,completed,,1h,1791212131.0848382,1
cycle_1791212131353,pick_target,completed,,1h,1791212131.4056866,1
cycle_1791212131704,pick_target,completed,,1h,1791212131.7556255,1
cycle_1791212132065,pick_target,completed,,1h,1791212132.1270528,1
cycle_1791212132425,pick_target,completed,,1h,1791212132.476349,1
cycle_1791212132758,pick_target,completed,,1h,1791212132.8093305,1
cycle_1791212133076,pick_target,completed,,1h,1791212133.136558,1
cycle_1791212133426,pick_target,completed,,1h,1791212133.5055141,1
cycle_1791212133805,pick_target,completed,,1h,1791212133.869218,1
cycle_1791212134155,pick_target,completed,,1h,1791212134.2069676,1
cycle_1791212134507,pick_target,completed,,1h,1791212134.5758255,1
cycle_1791212134885,pick_target,completed,,1h,1791212134.9367247,1
cycle_1791212135226,pick_target,completed,,1h,1791212135.2867506,1
cycle_1791212135585,pick_target,completed,,1h,1791212135.64675,1
cycle_1791212135984,pick_target,completed,,1h,1791212136.0448875,1
cycle_1791212136316,pick_target,completed,,1h,1791212136.3848083,1
cycle_1791212136655,pick_target,completed,,1h,1791212136.7330542,1
cycle_1791212137026,pick_target,completed,,1h,1791212137.0878377,1
cycle_1791212137356,pick_target,completed,,1h,1791212137.4190824,1
cycle_1791212137701,pick_target,completed,,1h,1791212137.7639055,1
cycle_1791212138036,pick_target,completed,,1h,1791212138.096694,1
cycle_1791212138374,pick_target,completed,,1h,1791212138.435256,1
cycle_1791212138706,pick_target,completed,,1h,1791212138.7669683,1
cycle_1791212139057,pick_target,completed,,1h,1791212139.114825,1
cycle_1791212139375,pick_target,completed,,1h,1791212139.4322355,1
cycle_1791212139706,pick_target,completed,,1h,1791212139.767193,1
cycle_1791212140056,pick_target,completed,,1h,1791212140.1167045,1
cycle_1791212140396,pick_target,completed,,1h,1791212140.4570403,1
cycle_1791212140748,pick_target,completed,,1h,1791212140.805315,1
cycle_1791212141094,pick_target,completed,,1h,1791212141.146691,1
cycle_1791212141426,pick_target,completed,,1h,1791212141.486938,1
cycle_1791212141766,pick_target,completed,,1h,1791212141.835728,1
cycle_1791212142097,pick_target,completed,,1h,1791212142.1570804,1
cycle_1791212142453,pick_target,completed,,1h,1791212142.5048397,1
cycle_1791212142767,pick_target,completed,,1h,1791212142.826575,1
cycle_1791212143116,pick_target,completed,,1h,1791212143.177926,1
cycle_1791212143487,pick_target,completed,,1h,1791212143.5470164,1
cycle_1791212143857,pick_target,completed,,1h,1791212143.9186032,1
cycle_1791212144195,pick_target,completed,,1h,1791212144.2478652,1
cycle_1791212144547,pick_target,completed,,1h,1791212144.597001,1
cycle_1791212144925,pick_target,completed,,1h,1791212144.9869182,1
cycle_1791212145434,pick_target,completed,,1h,1791212145.4870403,1
cycle_1791212145787,pick_target,completed,,1h,1791212145.857905,1
cycle_1791212146108,pick_target,completed,,1h,1791212146.1695817,1
cycle_1791212146455,pick_target,completed,,1h,1791212146.5067017,1
cycle_1791212146795,pick_target,completed,,1h,1791212146.8567863,1
cycle_1791212147125,pick_target,completed,,1h,1791212147.1880238,1
cycle_1791212147476,pick_target,completed,,1h,1791212147.5372608,1
cycle_1791212147804,pick_target,completed,,1h,1791212147.8751087,1
cycle_1791212148155,pick_target,completed,,1h,1791212148.2196918,1
cycle_1791212148506,pick_target,completed,,1h,1791212148.5707436,1
cycle_1791212148874,pick_target,completed,,1h,1791212148.9364567,1
cycle_1791212149246,pick_target,completed,,1h,1791212149.2885654,1
cycle_1791212149577,pick_target,completed,,1h,1791212149.6332257,1
cycle_1791212149917,pick_target,completed,,1h,1791212149.9774213,1
cycle_1791212150237,pick_target,completed,,1h,1791212150.3050866,1
cycle_1791212150567,pick_target,completed,,1h,1791212150.6344934,1
cycle_1791212150931,pick_target,completed,,1h,1791212150.9754536,1
cycle_1791212151253,pick_target,completed,,1h,1791212151.3085184,1
cycle_1791212151607,pick_target,completed,,1h,1791212151.667268,1
cycle_1791212151977,pick_target,completed,,1h,1791212152.0260527,1
cycle_1791212152339,pick_target,completed,,1h,1791212152.4345574,1
cycle_1791212152729,pick_target,completed,,1h,1791212152.7795103,1
cycle_1791212153047,pick_target,completed,,1h,1791212153.107341,1
cycle_1791212153387,pick_target,completed,,1h,1791212153.4465022,1
cycle_1791212153745,pick_target,completed,,1h,1791212153.7953444,1
cycle_1791212154076,pick_target,completed,,1h,1791212154.137966,1
cycle_1791212154419,pick_target,completed,,1h,1791212154.469182,1
cycle_1791212154753,pick_target,completed,,1h,1791212154.8240316,1
cycle_1791212155107,pick_target,completed,,1h,1791212155.1673226,1
cycle_1791212155446,pick_target,completed,,1h,1791212155.5075195,1
cycle_1791212155817,pick_target,completed,,1h,1791212155.8790073,1
cycle_1791212156179,pick_target,completed,,1h,1791212156.237664,1
cycle_1791212156516,pick_target,completed,,1h,1791212156.5672143,1
cycle_1791212156857,pick_target,completed,,1h,1791212156.9069748,1
cycle_1791212157187,pick_target,completed,,1h,1791212157.246889,1
cycle_1791212157536,pick_target,completed,,1h,1791212157.591256,1
cycle_1791212157877,pick_target,completed,,1h,1791212157.9268355,1
cycle_1791212158221,pick_target,completed,,1h,1791212158.2876012,1
cycle_1791212158563,pick_target,completed,,1h,1791212158.6174018,1
cycle_1791212158996,pick_target,completed,,1h,1791212159.0620997,1
cycle_1791212159346,pick_target,completed,,1h,1791212159.39537,1
cycle_1791212159674,pick_target,completed,,1h,1791212159.789369,1
cycle_1791212160109,pick_target,completed,,1h,1791212160.1666584,1
cycle_1791212160447,pick_target,completed,,1h,1791212160.5103526,1
cycle_1791212160795,pick_target,completed,,1h,1791212160.856508,1
cycle_1791212161121,pick_target,completed,,1h,1791212161.1794124,1
cycle_1791212161487,pick_target,completed,,1h,1791212161.5470188,1
cycle_1791212161861,pick_target,completed,,1h,1791212161.9818206,1
cycle_1791212162266,pick_target,completed,,1h,1791212162.320059,1
cycle_1791212162597,pick_target,completed,,1h,1791212162.6571984,1
cycle_1791212162966,pick_target,completed,,1h,1791212163.0259876,1
cycle_1791212163297,pick_target,completed,,1h,1791212163.3571732,1
cycle_1791212163635,pick_target,completed,,1h,1791212163.6894643,1
cycle_1791212164004,pick_target,completed,,1h,1791212164.0579317,1
cycle_1791212164326,pick_target,completed,,1h,1791212164.3805997,1
cycle_1791212164672,pick_target,completed,,1h,1791212164.7151134,1
cycle_1791212164997,pick_target,completed,,1h,1791212165.0565138,1
cycle_1791212165336,pick_target,completed,,1h,1791212165.4035451,1
cycle_1791212165677,pick_target,completed,,1h,1791212165.7370746,1
cycle_1791212166039,pick_target,completed,,1h,1791212166.0897708,1
cycle_1791212166391,pick_target,completed,,1h,1791212166.4545639,1
cycle_1791212166789,pick_target,completed,,1h,1791212166.8377922,1
cycle_1791212167171,pick_target,completed,,1h,1791212167.2272823,1
cycle_1791212167535,pick_target,completed,,1h,1791212167.6642156,1
cycle_1791212167957,pick_target,completed,,1h,1791212168.018869,1
cycle_1791212168345,pick_target,completed,,1h,1791212168.419641,1
cycle_1791212168698,pick_target,completed,,1h,1791212168.7577267,1
cycle_1791212169035,pick_target,completed,,1h,1791212169.0915105,1
cycle_1791212169361,pick_target,completed,,1h,1791212169.4193082,1
cycle_1791212169727,pick_target,completed,,1h,1791212169.767265,1
cycle_1791212170056,pick_target,completed,,1h,1791212170.1172931,1
cycle_1791212170424,pick_target,completed,,1h,1791212170.4776852,1
cycle_1791212170816,pick_target,completed,,1h,1791212170.8714483,1
cycle_1791212171136,pick_target,completed,,1h,1791212171.1976113,1
cycle_1791212171461,pick_target,completed,,1h,1791212171.5177257,1
cycle_1791212171816,pick_target,completed,,1h,1791212171.876657,1
cycle_1791212172203,pick_target,completed,,1h,1791212172.2600985,1
cycle_1791212172545,pick_target,completed,,1h,1791212172.6175537,1
cycle_1791212172916,pick_target,completed,,1h,1791212172.9846315,1
cycle_1791212173286,pick_target,completed,,1h,1791212173.345594,1
cycle_1791212173617,pick_target,completed,,1h,1791212173.677521,1
cycle_1791212173965,pick_target,completed,,1h,1791212174.017366,1
cycle_1791212174296,pick_target,completed,,1h,1791212174.3504548,1
cycle_1791212174664,pick_target,completed,,1h,1791212174.7171326,1
cycle_1791212174988,pick_target,completed,,1h,1791212175.046462,1
cycle_1791212175326,pick_target,completed,,1h,1791212175.3876684,1
cycle_1791212175687,pick_target,completed,,1h,1791212175.7481751,1
cycle_1791212176020,pick_target,completed,,1h,1791212176.0764472,1
cycle_1791212176366,pick_target,completed,,1h,1791212176.427339,1
cycle_1791212176721,pick_target,completed,,1h,1791212176.7773294,1
cycle_1791212177087,pick_target,completed,,1h,1791212177.1375546,1
cycle_1791212177417,pick_target,completed,,1h,1791212177.4770145,1
cycle_1791212177810,pick_target,completed,,1h,1791212177.872262,1
cycle_1791212178166,pick_target,completed,,1h,1791212178.2262383,1
cycle_1791212178531,pick_target,completed,,1h,1791212178.587629,1
cycle_1791212178876,pick_target,completed,,1h,1791212178.9363594,1
cycle_1791212179234,pick_target,completed,,1h,1791212179.2868752,1
cycle_1791212179576,pick_target,completed,,1h,1791212179.637412,1
cycle_1791212179916,pick_target,completed,,1h,1791212179.9776719,1
cycle_1791212180264,pick_target,completed,,1h,1791212180.3173964,1
cycle_1791212180614,pick_target,completed,,1h,1791212180.705803,1
cycle_1791212181066,pick_target,completed,,1h,1791212181.1300788,1
cycle_1791212181434,pick_target,completed,,1h,1791212181.4868398,1
cycle_1791212181796,pick_target,completed,,1h,1791212181.8689864,1
cycle_1791212182176,pick_target,completed,,1h,1791212182.2370503,1
cycle_1791212182516,pick_target,completed,,1h,1791212182.5761676,1
cycle_1791212182840,pick_target,completed,,1h,1791212182.8962152,1
cycle_1791212183174,pick_target,completed,,1h,1791212183.2267082,1
cycle_1791212183515,pick_target,completed,,1h,1791212183.5676572,1
cycle_1791212183859,pick_target,completed,,1h,1791212183.9172668,1
cycle_1791212184216,pick_target,completed,,1h,1791212184.2780123,1
cycle_1791212184620,pick_target,completed,,1h,1791212184.6834345,1
cycle_1791212184988,pick_target,completed,,1h,1791212185.048148,1
cycle_1791212185392,pick_target,completed,,1h,1791212185.4583063,1
cycle_1791212185806,pick_target,completed,,1h,1791212185.8864336,1
cycle_1791212186161,pick_target,completed,,1h,1791212186.2251449,1
cycle_1791212186540,pick_target,completed,,1h,1791212186.5976248,1
cycle_1791212186896,pick_target,completed,,1h,1791212186.9573884,1
cycle_1791212187228,pick_target,completed,,1h,1791212187.2857451,1
cycle_1791212187566,pick_target,completed,,1h,1791212187.6356688,1
cycle_1791212187929,pick_target,completed,,1h,1791212187.986315,1
cycle_1791212188263,pick_target,completed,,1h,1791212188.317387,1
cycle_1791212188595,pick_target,completed,,1h,1791212188.6595728,1
cycle_1791212188976,pick_target,completed,,1h,1791212189.0376117,1
cycle_1791212189306,pick_target,completed,,1h,1791212189.3694715,1
cycle_1791212189666,pick_target,completed,,1h,1791212189.7153099,1
cycle_1791212190006,pick_target,completed,,1h,1791212190.0576828,1
cycle_1791212190337,pick_target,completed,,1h,1791212190.4003153,1
cycle_1791212190677,pick_target,completed,,1h,1791212190.739624,1
cycle_1791212191026,pick_target,completed,,1h,1791212191.145077,1
cycle_1791212191439,pick_target,completed,,1h,1791212191.4874778,1
cycle_1791212191786,pick_target,completed,,1h,1791212191.8622696,1
cycle_1791212192147,pick_target,completed,,1h,1791212192.2079375,1
cycle_1791212192467,pick_target,completed,,1h,1791212192.5355694,1
cycle_1791212192833,pick_target,completed,,1h,1791212192.886113,1
cycle_1791212193147,pick_target,completed,,1h,1791212193.1981122,1
cycle_1791212193467,pick_target,completed,,1h,1791212193.5271852,1
cycle_1791212193808,pick_target,completed,,1h,1791212193.867418,1
cycle_1791212194147,pick_target,completed,,1h,1791212194.207558,1
cycle_1791212194498,pick_target,completed,,1h,1791212194.5660431,1
cycle_1791212194827,pick_target,completed,,1h,1791212194.8871815,1
cycle_1791212195167,pick_target,completed,,1h,1791212195.2330372,1
cycle_1791212195507,pick_target,completed,,1h,1791212195.567174,1
cycle_1791212195871,pick_target,completed,,1h,1791212195.9277358,1
cycle_1791212196236,pick_target,completed,,1h,1791212196.2878911,1
cycle_1791212196567,pick_target,completed,,1h,1791212196.628026,1
cycle_1791212196926,pick_target,completed,,1h,1791212196.9854312,1
cycle_1791212197295,pick_target,completed,,1h,1791212197.3511157,1
cycle_1791212197675,pick_target,completed,,1h,1791212197.727587,1
cycle_1791212198016,pick_target,completed,,1h,1791212198.0761456,1
cycle_1791212198347,pick_target,completed,,1h,1791212198.4073055,1
cycle_1791212198697,pick_target,completed,,1h,1791212198.7578342,1
cycle_1791212199065,pick_target,completed,,1h,1791212199.13484,1
cycle_1791212199460,pick_target,completed,,1h,1791212199.5206823,1
cycle_1791212199808,pick_target,completed,,1h,1791212199.8798945,1
cycle_1791212200177,pick_target,completed,,1h,1791212200.2284122,1
cycle_1791212200526,pick_target,completed,,1h,1791212200.5770605,1
cycle_1791212200869,pick_target,completed,,1h,1791212200.917275,1
cycle_1791212201217,pick_target,completed,,1h,1791212201.5742035,1
cycle_1791212201872,pick_target,completed,,1h,1791212201.9281657,1
cycle_1791212202207,pick_target,completed,,1h,1791212202.268353,1
cycle_1791212202618,pick_target,completed,,1h,1791212202.6803641,1
cycle_1791212203002,pick_target,completed,,1h,1791212203.0587225,1
cycle_1791212203330,pick_target,completed,,1h,1791212203.3875782,1
cycle_1791212203672,pick_target,completed,,1h,1791212203.7238848,1
cycle_1791212204017,pick_target,completed,,1h,1791212204.0781274,1
cycle_1791212204359,pick_target,completed,,1h,1791212204.4156435,1
cycle_1791212204687,pick_target,completed,,1h,1791212204.748932,1
cycle_1791212205088,pick_target,completed,,1h,1791212205.2042506,1
cycle_1791212205486,pick_target,completed,,1h,1791212205.5484278,1
cycle_1791212205827,pick_target,completed,,1h,1791212205.8762307,1
cycle_1791212206516,pick_target,completed,,1h,1791212206.5703487,1
cycle_1791212206858,pick_target,completed,,1h,1791212206.9167304,1
cycle_1791212207227,pick_target,completed,,1h,1791212207.2952688,1
cycle_1791212207605,pick_target,completed,,1h,1791212207.6599004,1
cycle_1791212207937,pick_target,completed,,1h,1791212207.9999835,1
cycle_1791212208320,pick_target,completed,,1h,1791212208.377054,1
cycle_1791212208678,pick_target,completed,,1h,1791212208.7461233,1
cycle_1791212209057,pick_target,completed,,1h,1791212209.11863,1
cycle_1791212209407,pick_target,completed,,1h,1791212209.4684508,1
cycle_1791212209767,pick_target,completed,,1h,1791212209.8289125,1
cycle_1791212210131,pick_target,completed,,1h,1791212210.194582,1
cycle_1791212210476,pick_target,completed,,1h,1791212210.5452914,1
cycle_1791212210817,pick_target,completed,,1h,1791212210.8777812,1
cycle_1791212211155,pick_target,completed,,1h,1791212211.2076983,1
cycle_1791212211496,pick_target,completed,,1h,1791212211.557598,1
cycle_1791212211820,pick_target,completed,,1h,1791212211.956638,1
cycle_1791212212257,pick_target,completed,,1h,1791212212.317995,1
cycle_1791212212586,pick_target,completed,,1h,1791212212.649428,1
cycle_1791212212977,pick_target,completed,,1h,1791212213.037659,1
cycle_1791212213319,pick_target,completed,,1h,1791212213.3575213,1
cycle_1791212213640,pick_target,completed,,1h,1791212213.6980288,1
cycle_1791212213988,pick_target,completed,,1h,1791212214.051162,1
cycle_1791212214317,pick_target,completed,,1h,1791212214.37811,1
cycle_1791212214667,pick_target,completed,,1h,1791212214.7367542,1
cycle_1791212215040,pick_target,completed,,1h,1791212215.0872452,1
cycle_1791212215368,pick_target,completed,,1h,1791212215.4175804,1
cycle_1791212215707,pick_target,completed,,1h,1791212215.7674527,1
cycle_1791212216060,pick_target,completed,,1h,1791212216.1079338,1
cycle_1791212216432,pick_target,completed,,1h,1791212216.4904096,1
cycle_1791212216767,pick_target,completed,,1h,1791212216.8164155,1
cycle_1791212217107,pick_target,completed,,1h,1791212217.1677709,1
cycle_1791212217485,pick_target,completed,,1h,1791212217.5413888,1
cycle_1791212217858,pick_target,completed,,1h,1791212217.9282224,1
cycle_1791212218239,pick_target,completed,,1h,1791212218.2887666,1
cycle_1791212218588,pick_target,completed,,1h,1791212218.640569,1
cycle_1791212218967,pick_target,completed,,1h,1791212219.0278301,1
cycle_1791212219338,pick_target,completed,,1h,1791212219.398461,1
cycle_1791212219696,pick_target,completed,,1h,1791212219.757399,1
cycle_1791212220052,pick_target,completed,,1h,1791212220.1137383,1
cycle_1791212220425,pick_target,completed,,1h,1791212220.478503,1
cycle_1791212220776,pick_target,completed,,1h,1791212220.8349257,1
cycle_1791212221120,pick_target,completed,,1h,1791212221.2491765,1
cycle_1791212221526,pick_target,completed,,1h,1791212221.577426,1
cycle_1791212221870,pick_target,completed,,1h,1791212221.928082,1
cycle_1791212222216,pick_target,completed,,1h,1791212222.269864,1
cycle_1791212222537,pick_target,completed,,1h,1791212222.5858827,1
cycle_1791212222872,pick_target,completed,,1h,1791212222.9294398,1
cycle_1791212223207,pick_target,completed,,1h,1791212223.2669504,1
cycle_1791212223546,pick_target,completed,,1h,1791212223.6249673,1
cycle_1791212223876,pick_target,completed,,1h,1791212223.9375827,1
cycle_1791212224228,pick_target,completed,,1h,1791212224.288442,1
cycle_1791212224555,pick_target,completed,,1h,1791212224.590411,1
cycle_1791212225208,pick_target,completed,,1h,1791212225.2598917,1
cycle_1791212225548,pick_target,completed,,1h,1791212225.608342,1
cycle_1791212225935,pick_target,completed,,1h,1791212225.995751,1
cycle_1791212226268,pick_target,completed,,1h,1791212226.3305802,1
cycle_1791212226607,pick_target,completed,,1h,1791212226.6754773,1
cycle_1791212226942,pick_target,completed,,1h,1791212226.996279,1
cycle_1791212227266,pick_target,completed,,1h,1791212227.327602,1
cycle_1791212227606,pick_target,completed,,1h,1791212227.6668067,1
cycle_1791212227976,pick_target,completed,,1h,1791212228.0395393,1
cycle_1791212228334,pick_target,completed,,1h,1791212228.387879,1
cycle_1791212228676,pick_target,completed,,1h,1791212228.7290068,1
cycle_1791212228976,pick_target,completed,,1h,1791212229.0359492,1
cycle_1791212229323,pick_target,completed,,1h,1791212229.37846,1
cycle_1791212229664,pick_target,completed,,1h,1791212229.7204385,1
cycle_1791212230006,pick_target,completed,,1h,1791212230.084878,1
cycle_1791212230351,pick_target,completed,,1h,1791212230.4188201,1
cycle_1791212230705,pick_target,completed,,1h,1791212230.766357,1
cycle_1791212231096,pick_target,completed,,1h,1791212231.1621625,1
cycle_1791212231439,pick_target,completed,,1h,1791212231.4982808,1
cycle_1791212231776,pick_target,completed,,1h,1791212231.837674,1
cycle_1791212232126,pick_target,completed,,1h,1791212232.177263,1
cycle_1791212232486,pick_target,completed,,1h,1791212232.5365725,1
cycle_1791212232830,pick_target,completed,,1h,1791212232.8907511,1
cycle_1791212233167,pick_target,completed,,1h,1791212233.228979,1
cycle_1791212233507,pick_target,completed,,1h,1791212233.5680466,1
cycle_1791212233836,pick_target,completed,,1h,1791212233.8864841,1
cycle_1791212234172,pick_target,completed,,1h,1791212234.227925,1
cycle_1791212234487,pick_target,completed,,1h,1791212234.540811,1
cycle_1791212234837,pick_target,completed,,1h,1791212234.887815,1
cycle_1791212235229,pick_target,completed,,1h,1791212235.2895732,1
cycle_1791212235586,pick_target,completed,,1h,1791212235.640567,1
cycle_1791212235926,pick_target,completed,,1h,1791212235.9777925,1
cycle_1791212236257,pick_target,completed,,1h,1791212236.3177989,1
cycle_1791212236606,pick_target,completed,,1h,1791212236.6581929,1
cycle_1791212236927,pick_target,completed,,1h,1791212236.986354,1
cycle_1791212237274,pick_target,completed,,1h,1791212237.3347194,1
cycle_1791212237616,pick_target,completed,,1h,1791212237.6770148,1
cycle_1791212237956,pick_target,completed,,1h,1791212238.0262775,1
cycle_1791212238299,pick_target,completed,,1h,1791212238.3963976,1
cycle_1791212238711,pick_target,completed,,1h,1791212238.7682478,1
cycle_1791212239043,pick_target,completed,,1h,1791212239.1057534,1
cycle_1791212239414,pick_target,completed,,1h,1791212239.4762955,1
cycle_1791212239747,pick_target,completed,,1h,1791212239.7969742,1
cycle_1791212240106,pick_target,completed,,1h,1791212240.1610577,1
cycle_1791212240447,pick_target,completed,,1h,1791212240.49676,1
cycle_1791212240786,pick_target,completed,,1h,1791212240.858038,1
cycle_1791212241126,pick_target,completed,,1h,1791212241.1871903,1
cycle_1791212241452,pick_target,completed,,1h,1791212241.5069902,1
cycle_1791212241786,pick_target,completed,,1h,1791212241.857681,1
cycle_1791212242174,pick_target,completed,,1h,1791212242.2310796,1
cycle_1791212242515,pick_target,completed,,1h,1791212242.566672,1
cycle_1791212242884,pick_target,completed,,1h,1791212242.935692,1
cycle_1791212243200,pick_target,completed,,1h,1791212243.2478795,1
cycle_1791212243526,pick_target,completed,,1h,1791212243.578417,1
cycle_1791212243839,pick_target,completed,,1h,1791212243.903235,1
cycle_1791212244217,pick_target,completed,,1h,1791212244.2771204,1
cycle_1791212244557,pick_target,completed,,1h,1791212244.617234,1
cycle_1791212244907,pick_target,completed,,1h,1791212244.967642,1
cycle_1791212245256,pick_target,completed,,1h,1791212245.315253,1
cycle_1791212245587,pick_target,completed,,1h,1791212245.649147,1
cycle_1791212245928,pick_target,completed,,1h,1791212245.992299,1
cycle_1791212246265,pick_target,completed,,1h,1791212246.3182275,1
cycle_1791212246606,pick_target,completed,,1h,1791212246.6701188,1
cycle_1791212246937,pick_target,completed,,1h,1791212246.998399,1
cycle_1791212247286,pick_target,completed,,1h,1791212247.3489215,1
cycle_1791212247656,pick_target,completed,,1h,1791212247.7172232,1
cycle_1791212248017,pick_target,completed,,1h,1791212248.0895731,1
cycle_1791212248356,pick_target,completed,,1h,1791212248.416402,1
cycle_1791212248757,pick_target,completed,,1h,1791212248.8052812,1
cycle_1791212249117,pick_target,completed,,1h,1791212249.1772554,1
cycle_1791212249467,pick_target,completed,,1h,1791212249.5265932,1
cycle_1791212249831,pick_target,completed,,1h,1791212249.8883893,1
cycle_1791212250177,pick_target,completed,,1h,1791212250.2472725,1
cycle_1791212250542,pick_target,completed,,1h,1791212250.600353,1
cycle_1791212250886,pick_target,completed,,1h,1791212250.955448,1
cycle_1791212251254,pick_target,completed,,1h,1791212251.3137786,1
cycle_1791212251586,pick_target,completed,,1h,1791212251.6466243,1
cycle_1791212251926,pick_target,completed,,1h,1791212251.9775264,1
cycle_1791212252264,pick_target,completed,,1h,1791212252.3174205,1
cycle_1791212252619,pick_target,completed,,1h,1791212252.6669474,1
cycle_1791212252937,pick_target,completed,,1h,1791212252.9980445,1
cycle_1791212253289,pick_target,completed,,1h,1791212253.3381073,1
cycle_1791212253637,pick_target,completed,,1h,1791212253.6948295,1
cycle_1791212253967,pick_target,completed,,1h,1791212254.016847,1
cycle_1791212254285,pick_target,completed,,1h,1791212254.3376966,1
cycle_1791212254677,pick_target,completed,,1h,1791212254.746467,1
cycle_1791212255027,pick_target,completed,,1h,1791212255.0871484,1
cycle_1791212255356,pick_target,completed,,1h,1791212255.4083614,1
cycle_1791212255676,pick_target,completed,,1h,1791212255.7254345,1
cycle_1791212256012,pick_target,completed,,1h,1791212256.0688162,1
cycle_1791212256376,pick_target,completed,,1h,1791212256.426758,1
cycle_1791212256706,pick_target,completed,,1h,1791212256.767378,1
cycle_1791212257085,pick_target,completed,,1h,1791212257.1394622,1
cycle_1791212257448,pick_target,completed,,1h,1791212257.4971778,1
cycle_1791212257787,pick_target,completed,,1h,1791212257.8845594,1
cycle_1791212258186,pick_target,completed,,1h,1791212258.2592683,1
cycle_1791212258547,pick_target,completed,,1h,1791212258.5954309,1
cycle_1791212258881,pick_target,completed,,1h,1791212258.9344695,1
cycle_1791212259217,pick_target,completed,,1h,1791212259.2703736,1
cycle_1791212259552,pick_target,completed,,1h,1791212259.6075513,1
cycle_1791212259917,pick_target,completed,,1h,1791212259.9675124,1
cycle_1791212260258,pick_target,completed,,1h,1791212260.3111475,1
cycle_1791212260601,pick_target,completed,,1h,1791212260.6598551,1
cycle_1791212260971,pick_target,completed,,1h,1791212261.0277295,1
cycle_1791212261308,pick_target,completed,,1h,1791212261.3680775,1
cycle_1791212261642,pick_target,completed,,1h,1791212261.703405,1
cycle_1791212262051,pick_target,completed,,1h,1791212262.1053789,1
cycle_1791212262407,pick_target,completed,,1h,1791212262.4719634,1
cycle_1791212262785,pick_target,completed,,1h,1791212262.8585045,1
cycle_1791212263167,pick_target,completed,,1h,1791212263.217084,1
cycle_1791212263493,pick_target,completed,,1h,1791212263.5561051,1
cycle_1791212263831,pick_target,completed,,1h,1791212263.8911767,1
cycle_1791212264167,pick_target,completed,,1h,1791212264.219069,1
cycle_1791212264500,pick_target,completed,,1h,1791212264.5583372,1
cycle_1791212264860,pick_target,completed,,1h,1791212264.908444,1
cycle_1791212265435,pick_target,completed,,1h,1791212265.492829,1
cycle_1791212265768,pick_target,completed,,1h,1791212265.8279052,1
cycle_1791212266141,pick_target,completed,,1h,1791212266.1933713,1
cycle_1791212266478,pick_target,completed,,1h,1791212266.5417535,1
cycle_1791212266860,pick_target,completed,,1h,1791212266.917372,1
cycle_1791212267198,pick_target,completed,,1h,1791212267.2372637,1
cycle_1791212267503,pick_target,completed,,1h,1791212267.5789793,1
cycle_1791212267875,pick_target,completed,,1h,1791212267.9436784,1
cycle_1791212268248,pick_target,completed,,1h,1791212268.316386,1
cycle_1791212268620,pick_target,completed,,1h,1791212268.6872733,1
cycle_1791212269029,pick_target,completed,,1h,1791212269.0987508,1
cycle_1791212269426,pick_target,completed,,1h,1791212269.5012083,1
cycle_1791212269825,pick_target,completed,,1h,1791212269.8993871,1
cycle_1791212270316,pick_target,completed,,1h,1791212270.377918,1
cycle_1791212270696,pick_target,completed,,1h,1791212270.7565944,1
cycle_1791212271075,pick_target,completed,,1h,1791212271.1273534,1
cycle_1791212271425,pick_target,completed,,1h,1791212271.4897797,1
cycle_1791212271782,pick_target,completed,,1h,1791212271.87306,1
cycle_1791212272156,pick_target,completed,,1h,1791212272.2292445,1
cycle_1791212272517,pick_target,completed,,1h,1791212272.567519,1
cycle_1791212272828,pick_target,completed,,1h,1791212272.887949,1
cycle_1791212273183,pick_target,completed,,1h,1791212273.237003,1
cycle_1791212273518,pick_target,completed,,1h,1791212273.5780072,1
cycle_1791212273877,pick_target,completed,,1h,1791212273.9269295,1
cycle_1791212274207,pick_target,completed,,1h,1791212274.276708,1
cycle_1791212274547,pick_target,completed,,1h,1791212274.615947,1
cycle_1791212274887,pick_target,completed,,1h,1791212274.9483294,1
cycle_1791212275227,pick_target,completed,,1h,1791212275.2879772,1
cycle_1791212275568,pick_target,completed,,1h,1791212275.6154811,1
cycle_1791212275904,pick_target,completed,,1h,1791212275.9579387,1
cycle_1791212276267,pick_target,completed,,1h,1791212276.3272455,1
cycle_1791212276611,pick_target,completed,,1h,1791212276.6694531,1
cycle_1791212276938,pick_target,completed,,1h,1791212276.9992223,1
cycle_1791212277290,pick_target,completed,,1h,1791212277.3457813,1
cycle_1791212277611,pick_target,completed,,1h,1791212277.6592028,1
cycle_1791212277931,pick_target,completed,,1h,1791212277.9893348,1
cycle_1791212278297,pick_target,completed,,1h,1791212278.360125,1
cycle_1791212278654,pick_target,completed,,1h,1791212278.7139926,1
cycle_1791212279028,pick_target,completed,,1h,1791212279.0771625,1
cycle_1791212279373,pick_target,completed,,1h,1791212279.4285715,1
cycle_1791212279709,pick_target,completed,,1h,1791212279.76805,1
cycle_1791212280047,pick_target,completed,,1h,1791212280.107789,1
cycle_1791212280378,pick_target,completed,,1h,1791212280.4375868,1
cycle_1791212280707,pick_target,completed,,1h,1791212280.7588415,1
cycle_1791212281046,pick_target,completed,,1h,1791212281.1095822,1
cycle_1791212281408,pick_target,completed,,1h,1791212281.4942033,1
cycle_1791212281767,pick_target,completed,,1h,1791212281.8281775,1
cycle_1791212282117,pick_target,completed,,1h,1791212282.167061,1
cycle_1791212282447,pick_target,completed,,1h,1791212282.506441,1
cycle_1791212282804,pick_target,completed,,1h,1791212282.8694525,1
cycle_1791212283148,pick_target,completed,,1h,1791212283.1974275,1
cycle_1791212283519,pick_target,completed,,1h,1791212283.5682738,1
cycle_1791212283837,pick_target,completed,,1h,1791212283.8891888,1
cycle_1791212284175,pick_target,completed,,1h,1791212284.2283075,1
cycle_1791212284497,pick_target,completed,,1h,1791212284.5514119,1
cycle_1791212284835,pick_target,completed,,1h,1791212284.8873932,1
cycle_1791212285177,pick_target,completed,,1h,1791212285.2280133,1
cycle_1791212285507,pick_target,completed,,1h,1791212285.5685809,1
cycle_1791212285859,pick_target,completed,,1h,1791212285.9181101,1
cycle_1791212286237,pick_target,completed,,1h,1791212286.2856011,1
cycle_1791212286581,pick_target,completed,,1h,1791212286.6282291,1
cycle_1791212286972,pick_target,completed,,1h,1791212287.028344,1
cycle_1791212287296,pick_target,completed,,1h,1791212287.3512895,1
cycle_1791212287654,pick_target,completed,,1h,1791212287.708975,1
cycle_1791212288016,pick_target,completed,,1h,1791212288.0685337,1
cycle_1791212288347,pick_target,completed,,1h,1791212288.4076438,1
cycle_1791212289066,pick_target,completed,,1h,1791212289.1292663,1
cycle_1791212289379,pick_target,completed,,1h,1791212289.439806,1
cycle_1791212289739,pick_target,completed,,1h,1791212289.7892127,1
cycle_1791212290094,pick_target,completed,,1h,1791212290.148473,1
cycle_1791212290427,pick_target,completed,,1h,1791212290.4896727,1
cycle_1791212290777,pick_target,completed,,1h,1791212290.8430912,1
cycle_1791212291124,pick_target,completed,,1h,1791212291.1988254,1
cycle_1791212291496,pick_target,completed,,1h,1791212291.5471613,1
cycle_1791212291829,pick_target,completed,,1h,1791212291.8879766,1
cycle_1791212292186,pick_target,completed,,1h,1791212292.2593827,1
cycle_1791212292536,pick_target,completed,,1h,1791212292.6008554,1
cycle_1791212292925,pick_target,completed,,1h,1791212292.9791994,1
cycle_1791212293256,pick_target,completed,,1h,1791212293.3135014,1
cycle_1791212293617,pick_target,completed,,1h,1791212293.6782486,1
cycle_1791212293950,pick_target,completed,,1h,1791212294.0127656,1
cycle_1791212294343,pick_target,completed,,1h,1791212294.398413,1
cycle_1791212294697,pick_target,completed,,1h,1791212294.758849,1
cycle_1791212295048,pick_target,completed,,1h,1791212295.1165237,1
cycle_1791212295376,pick_target,completed,,1h,1791212295.427436,1
cycle_1791212295726,pick_target,completed,,1h,1791212295.795825,1
cycle_1791212296107,pick_target,completed,,1h,1791212296.185287,1
cycle_1791212296474,pick_target,completed,,1h,1791212296.5267785,1
cycle_1791212296807,pick_target,completed,,1h,1791212296.8645325,1
cycle_1791212297147,pick_target,completed,,1h,1791212297.2071183,1
cycle_1791212297520,pick_target,completed,,1h,1791212297.5667717,1
cycle_1791212297837,pick_target,completed,,1h,1791212297.897651,1
cycle_1791212298195,pick_target,completed,,1h,1791212298.247182,1
cycle_1791212298536,pick_target,completed,,1h,1791212298.589207,1
cycle_1791212298874,pick_target,completed,,1h,1791212298.9280195,1
cycle_1791212299243,pick_target,completed,,1h,1791212299.307338,1
cycle_1791212299646,pick_target,completed,,1h,1791212299.698984,1
cycle_1791212299977,pick_target,completed,,1h,1791212300.037365,1
cycle_1791212300326,pick_target,completed,,1h,1791212300.3774416,1
cycle_1791212300658,pick_target,completed,,1h,1791212300.6951604,1
cycle_1791212300996,pick_target,completed,,1h,1791212301.04864,1
cycle_1791212301341,pick_target,completed,,1h,1791212301.3973072,1
cycle_1791212301667,pick_target,completed,,1h,1791212301.7220445,1
cycle_1791212301991,pick_target,completed,,1h,1791212302.0564516,1
cycle_1791212302329,pick_target,completed,,1h,1791212302.3803895,1
cycle_1791212302654,pick_target,completed,,1h,1791212302.7038736,1
cycle_1791212302996,pick_target,completed,,1h,1791212303.0639415,1
cycle_1791212303354,pick_target,completed,,1h,1791212303.4095397,1
cycle_1791212303679,pick_target,completed,,1h,1791212303.7386763,1
cycle_1791212304037,pick_target,completed,,1h,1791212304.0980587,1
cycle_1791212304371,pick_target,completed,,1h,1791212304.4318786,1
cycle_1791212304702,pick_target,completed,,1h,1791212304.7750533,1
cycle_1791212305067,pick_target,completed,,1h,1791212305.1280434,1
cycle_1791212305404,pick_target,completed,,1h,1791212305.4577916,1
cycle_1791212305755,pick_target,completed,,1h,1791212305.8084617,1
cycle_1791212306087,pick_target,completed,,1h,1791212306.1381514,1
cycle_1791212306441,pick_target,completed,,1h,1791212306.497774,1
cycle_1791212306789,pick_target,completed,,1h,1791212306.8600402,1
cycle_1791212307170,pick_target,completed,,1h,1791212307.2296317,1
cycle_1791212307528,pick_target,completed,,1h,1791212307.5882423,1
cycle_1791212307871,pick_target,completed,,1h,1791212307.9277747,1
cycle_1791212308217,pick_target,completed,,1h,1791212308.2815666,1
cycle_1791212308558,pick_target,completed,,1h,1791212308.6147172,1
cycle_1791212308993,pick_target,completed,,1h,1791212309.0597038,1
cycle_1791212309336,pick_target,completed,,1h,1791212309.3889377,1
cycle_1791212309657,pick_target,completed,,1h,1791212309.7083647,1
cycle_1791212309996,pick_target,completed,,1h,1791212310.057324,1
cycle_1791212310366,pick_target,completed,,1h,1791212310.4191635,1
cycle_1791212310695,pick_target,completed,,1h,1791212310.7475972,1
cycle_1791212311027,pick_target,completed,,1h,1791212311.063718,1
cycle_1791212311341,pick_target,completed,,1h,1791212311.3976264,1
cycle_1791212311666,pick_target,completed,,1h,1791212311.7136707,1
cycle_1791212311997,pick_target,completed,,1h,1791212312.0665424,1
cycle_1791212312346,pick_target,completed,,1h,1791212312.4076252,1
cycle_1791212312680,pick_target,completed,,1h,1791212312.7382858,1
cycle_1791212313041,pick_target,completed,,1h,1791212313.0918474,1
cycle_1791212313362,pick_target,completed,,1h,1791212313.4187791,1
cycle_1791212313707,pick_target,completed,,1h,1791212313.7580378,1
cycle_1791212314059,pick_target,completed,,1h,1791212314.1223674,1
cycle_1791212314497,pick_target,completed,,1h,1791212314.5473773,1
cycle_1791212314835,pick_target,completed,,1h,1791212314.8883688,1
cycle_1791212315177,pick_target,completed,,1h,1791212315.2345686,1
cycle_1791212315497,pick_target,completed,,1h,1791212315.5657578,1
cycle_1791212315838,pick_target,completed,,1h,1791212315.9051576,1
cycle_1791212316216,pick_target,completed,,1h,1791212316.2537644,1
cycle_1791212316532,pick_target,completed,,1h,1791212316.5955503,1
cycle_1791212316887,pick_target,completed,,1h,1791212316.9380918,1
cycle_1791212317206,pick_target,completed,,1h,1791212317.2568884,1
cycle_1791212317545,pick_target,completed,,1h,1791212317.598406,1
cycle_1791212317870,pick_target,completed,,1h,1791212317.9286468,1
cycle_1791212318208,pick_target,completed,,1h,1791212318.2534258,1
cycle_1791212318543,pick_target,completed,,1h,1791212318.5984187,1
cycle_1791212318887,pick_target,completed,,1h,1791212318.9483593,1
cycle_1791212319225,pick_target,completed,,1h,1791212319.279184,1
cycle_1791212319568,pick_target,completed,,1h,1791212319.6278121,1
cycle_1791212319966,pick_target,completed,,1h,1791212320.0181067,1
cycle_1791212320305,pick_target,completed,,1h,1791212320.364755,1
cycle_1791212320686,pick_target,completed,,1h,1791212320.7533197,1
cycle_1791212321036,pick_target,completed,,1h,1791212321.0887191,1
cycle_1791212321382,pick_target,completed,,1h,1791212321.4389267,1
cycle_1791212321718,pick_target,completed,,1h,1791212321.7777233,1
cycle_1791212322065,pick_target,completed,,1h,1791212322.1182284,1
cycle_1791212322387,pick_target,completed,,1h,1791212322.4502947,1
cycle_1791212322721,pick_target,completed,,1h,1791212322.7759695,1
cycle_1791212323048,pick_target,completed,,1h,1791212323.1152115,1
cycle_1791212323405,pick_target,completed,,1h,1791212323.4602227,1
cycle_1791212323727,pick_target,completed,,1h,1791212323.7879748,1
cycle_1791212324076,pick_target,completed,,1h,1791212324.128074,1
cycle_1791212324448,pick_target,completed,,1h,1791212324.498278,1
cycle_1791212324805,pick_target,completed,,1h,1791212324.8776348,1
cycle_1791212325361,pick_target,completed,,1h,1791212325.4190228,1
cycle_1791212325726,pick_target,completed,,1h,1791212325.779363,1
cycle_1791212326050,pick_target,completed,,1h,1791212326.113738,1
cycle_1791212326410,pick_target,completed,,1h,1791212326.4602368,1
cycle_1791212326756,pick_target,completed,,1h,1791212326.8186674,1
cycle_1791212327077,pick_target,completed,,1h,1791212327.138218,1
cycle_1791212327409,pick_target,completed,,1h,1791212327.4656837,1
cycle_1791212327747,pick_target,completed,,1h,1791212327.798868,1
cycle_1791212328088,pick_target,completed,,1h,1791212328.1380465,1
cycle_1791212328418,pick_target,completed,,1h,1791212328.4728477,1
cycle_1791212328758,pick_target,completed,,1h,1791212328.818134,1
cycle_1791212329102,pick_target,completed,,1h,1791212329.1573656,1
cycle_1791212329447,pick_target,completed,,1h,1791212329.4985464,1
cycle_1791212329787,pick_target,completed,,1h,1791212329.8391945,1
cycle_1791212330167,pick_target,completed,,1h,1791212330.2220447,1
cycle_1791212330517,pick_target,completed,,1h,1791212330.5723891,1
cycle_1791212330870,pick_target,completed,,1h,1791212330.9150066,1
cycle_1791212331202,pick_target,completed,,1h,1791212331.2541444,1
cycle_1791212331580,pick_target,completed,,1h,1791212331.63552,1
cycle_1791212331972,pick_target,completed,,1h,1791212332.0279157,1
cycle_1791212332346,pick_target,completed,,1h,1791212332.3996532,1
cycle_1791212332680,pick_target,completed,,1h,1791212332.7289374,1
cycle_1791212333050,pick_target,completed,,1h,1791212333.10767,1
cycle_1791212333408,pick_target,completed,,1h,1791212333.47783,1
cycle_1791212333769,pick_target,completed,,1h,1791212333.8431325,1
cycle_1791212334188,pick_target,completed,,1h,1791212334.2571409,1
cycle_1791212334552,pick_target,completed,,1h,1791212334.6218147,1
cycle_1791212334949,pick_target,completed,,1h,1791212335.0191002,1
cycle_1791212335398,pick_target,completed,,1h,1791212335.4788277,1
cycle_1791212335792,pick_target,completed,,1h,1791212335.8591044,1
cycle_1791212336222,pick_target,completed,,1h,1791212336.2856007,1
cycle_1791212336618,pick_target,completed,,1h,1791212336.6892152,1
cycle_1791212336993,pick_target,completed,,1h,1791212337.0599155,1
cycle_1791212337373,pick_target,completed,,1h,1791212337.441226,1
cycle_1791212337748,pick_target,completed,,1h,1791212337.8157847,1
cycle_1791212338181,pick_target,completed,,1h,1791212338.25048,1
cycle_1791212338583,pick_target,completed,,1h,1791212338.6724854,1
cycle_1791212339036,pick_target,completed,,1h,1791212339.4387894,1
cycle_1791212339796,pick_target,completed,,1h,1791212339.8650045,1
cycle_1791212340133,pick_target,completed,,1h,1791212340.2014701,1
cycle_1791212340485,pick_target,completed,,1h,1791212340.5396023,1
cycle_1791212340807,pick_target,completed,,1h,1791212340.8692536,1
cycle_1791212341142,pick_target,completed,,1h,1791212341.199996,1
cycle_1791212341496,pick_target,completed,,1h,1791212341.5525491,1
cycle_1791212341818,pick_target,completed,,1h,1791212341.8786511,1
cycle_1791212342141,pick_target,completed,,1h,1791212342.1998858,1
cycle_1791212342487,pick_target,completed,,1h,1791212342.5486689,1
cycle_1791212342817,pick_target,completed,,1h,1791212342.8824062,1
cycle_1791212343146,pick_target,completed,,1h,1791212343.1978006,1
cycle_1791212343481,pick_target,completed,,1h,1791212343.5411162,1
cycle_1791212343797,pick_target,completed,,1h,1791212343.8761997,1
cycle_1791212344155,pick_target,completed,,1h,1791212344.2083015,1
cycle_1791212344497,pick_target,completed,,1h,1791212344.5547264,1
cycle_1791212344827,pick_target,completed,,1h,1791212344.87965,1
cycle_1791212345174,pick_target,completed,,1h,1791212345.2286873,1
cycle_1791212345507,pick_target,completed,,1h,1791212345.558804,1
cycle_1791212345830,pick_target,completed,,1h,1791212345.8883126,1
cycle_1791212346149,pick_target,completed,,1h,1791212346.212661,1
cycle_1791212346512,pick_target,completed,,1h,1791212346.5727882,1
cycle_1791212346868,pick_target,completed,,1h,1791212346.919343,1
cycle_1791212347191,pick_target,completed,,1h,1791212347.2387145,1
cycle_1791212347555,pick_target,completed,,1h,1791212347.617138,1
cycle_1791212347898,pick_target,completed,,1h,1791212347.9592164,1
cycle_1791212348238,pick_target,completed,,1h,1791212348.2898636,1
cycle_1791212348572,pick_target,completed,,1h,1791212348.6386812,1
cycle_1791212348979,pick_target,completed,,1h,1791212349.0427618,1
cycle_1791212349333,pick_target,completed,,1h,1791212349.3886878,1
cycle_1791212349679,pick_target,completed,,1h,1791212349.732742,1
cycle_1791212350067,pick_target,completed,,1h,1791212350.1400964,1
cycle_1791212350427,pick_target,completed,,1h,1791212350.4959588,1
cycle_1791212350791,pick_target,completed,,1h,1791212350.8582356,1
cycle_1791212351132,pick_target,completed,,1h,1791212351.1886957,1
cycle_1791212351480,pick_target,completed,,1h,1791212351.5388901,1
cycle_1791212351820,pick_target,completed,,1h,1791212351.8842182,1
cycle_1791212352179,pick_target,completed,,1h,1791212352.22632,1
cycle_1791212352514,pick_target,completed,,1h,1791212352.5783541,1
cycle_1791212352872,pick_target,completed,,1h,1791212352.937113,1
cycle_1791212353219,pick_target,completed,,1h,1791212353.2794883,1
cycle_1791212353558,pick_target,completed,,1h,1791212353.6197736,1
cycle_1791212353888,pick_target,completed,,1h,1791212353.9524627,1
cycle_1791212354248,pick_target,completed,,1h,1791212354.300144,1
cycle_1791212354572,pick_target,completed,,1h,1791212354.628523,1
cycle_1791212354934,pick_target,completed,,1h,1791212355.009168,1
cycle_1791212355280,pick_target,completed,,1h,1791212355.3289404,1
cycle_1791212355618,pick_target,completed,,1h,1791212355.6903942,1
cycle_1791212355978,pick_target,completed,,1h,1791212356.0392087,1
cycle_1791212356330,pick_target,completed,,1h,1791212356.3798797,1
cycle_1791212356648,pick_target,completed,,1h,1791212356.7133741,1
cycle_1791212356993,pick_target,completed,,1h,1791212357.049385,1
cycle_1791212357337,pick_target,completed,,1h,1791212357.3884606,1
cycle_1791212357668,pick_target,completed,,1h,1791212357.7302525,1
cycle_1791212358028,pick_target,completed,,1h,1791212358.1045866,1
cycle_1791212358408,pick_target,completed,,1h,1791212358.469713,1
cycle_1791212358774,pick_target,completed,,1h,1791212358.836831,1
cycle_1791212359118,pick_target,completed,,1h,1791212359.1797698,1
cycle_1791212359478,pick_target,completed,,1h,1791212359.5284886,1
cycle_1791212359818,pick_target,completed,,1h,1791212359.8745666,1
cycle_1791212360168,pick_target,completed,,1h,1791212360.2326565,1
cycle_1791212360508,pick_target,completed,,1h,1791212360.573354,1
cycle_1791212360874,pick_target,completed,,1h,1791212360.9369357,1
cycle_1791212361227,pick_target,completed,,1h,1791212361.2959557,1
cycle_1791212361619,pick_target,completed,,1h,1791212361.6866279,1
cycle_1791212361989,pick_target,completed,,1h,1791212362.0290625,1
cycle_1791212362318,pick_target,completed,,1h,1791212362.3790555,1
cycle_1791212362667,pick_target,completed,,1h,1791212362.7188075,1
cycle_1791212363044,pick_target,completed,,1h,1791212363.0999196,1
cycle_1791212363378,pick_target,completed,,1h,1791212363.4229162,1
cycle_1791212363739,pick_target,completed,,1h,1791212363.7891984,1
cycle_1791212364048,pick_target,completed,,1h,1791212364.1094162,1
cycle_1791212364388,pick_target,completed,,1h,1791212364.4486058,1
cycle_1791212364746,pick_target,completed,,1h,1791212364.798387,1
cycle_1791212365098,pick_target,completed,,1h,1791212365.1580858,1
cycle_1791212365431,pick_target,completed,,1h,1791212365.492685,1
cycle_1791212365778,pick_target,completed,,1h,1791212365.8387208,1
cycle_1791212366109,pick_target,completed,,1h,1791212366.1694036,1
cycle_1791212366459,pick_target,completed,,1h,1791212366.518831,1
cycle_1791212366807,pick_target,completed,,1h,1791212366.8726878,1
cycle_1791212367172,pick_target,completed,,1h,1791212367.2140734,1
cycle_1791212367517,pick_target,completed,,1h,1791212367.5695167,1
cycle_1791212367882,pick_target,completed,,1h,1791212367.9787917,1
cycle_1791212368278,pick_target,completed,,1h,1791212368.3326247,1
cycle_1791212368609,pick_target,completed,,1h,1791212368.658245,1
cycle_1791212368948,pick_target,completed,,1h,1791212369.0362527,1
cycle_1791212369336,pick_target,completed,,1h,1791212369.3883758,1
cycle_1791212369668,pick_target,completed,,1h,1791212369.7299643,1
cycle_1791212369996,pick_target,completed,,1h,1791212370.0489051,1
cycle_1791212370318,pick_target,completed,,1h,1791212370.3840187,1
cycle_1791212370682,pick_target,completed,,1h,1791212370.7384076,1
cycle_1791212371013,pick_target,completed,,1h,1791212371.0679562,1
cycle_1791212371344,pick_target,completed,,1h,1791212371.4148536,1
cycle_1791212371706,pick_target,completed,,1h,1791212371.7711058,1
cycle_1791212372066,pick_target,completed,,1h,1791212372.1209545,1
cycle_1791212372397,pick_target,completed,,1h,1791212372.4576907,1
cycle_1791212372738,pick_target,completed,,1h,1791212372.7980886,1
cycle_1791212373110,pick_target,completed,,1h,1791212373.1690729,1
cycle_1791212373428,pick_target,completed,,1h,1791212373.5028708,1
cycle_1791212373811,pick_target,completed,,1h,1791212373.916648,1
cycle_1791212374259,pick_target,completed,,1h,1791212374.3092363,1
cycle_1791212374589,pick_target,completed,,1h,1791212374.6466105,1
cycle_1791212374926,pick_target,completed,,1h,1791212374.9830902,1
cycle_1791212375284,pick_target,completed,,1h,1791212375.3407571,1
cycle_1791212375921,pick_target,completed,,1h,1791212375.9794579,1
cycle_1791212376285,pick_target,completed,,1h,1791212376.352818,1
cycle_1791212376679,pick_target,completed,,1h,1791212376.727082,1
cycle_1791212377016,pick_target,completed,,1h,1791212377.0767558,1
cycle_1791212377370,pick_target,completed,,1h,1791212377.428629,1
cycle_1791212377697,pick_target,completed,,1h,1791212377.7490568,1
cycle_1791212378149,pick_target,completed,,1h,1791212378.1900115,1
cycle_1791212378456,pick_target,completed,,1h,1791212378.5163994,1
cycle_1791212378808,pick_target,completed,,1h,1791212378.8688703,1
cycle_1791212379145,pick_target,completed,,1h,1791212379.2069616,1
cycle_1791212379487,pick_target,completed,,1h,1791212379.5485194,1
cycle_1791212379859,pick_target,completed,,1h,1791212379.8993793,1
cycle_1791212380194,pick_target,completed,,1h,1791212380.2493677,1
cycle_1791212380539,pick_target,completed,,1h,1791212380.607898,1
cycle_1791212380930,pick_target,completed,,1h,1791212380.988353,1
cycle_1791212381335,pick_target,completed,,1h,1791212381.389532,1
cycle_1791212381639,pick_target,completed,,1h,1791212381.6891773,1
cycle_1791212381978,pick_target,completed,,1h,1791212382.0384173,1
cycle_1791212382329,pick_target,completed,,1h,1791212382.388906,1
cycle_1791212382667,pick_target,completed,,1h,1791212382.7303498,1
cycle_1791212383028,pick_target,completed,,1h,1791212383.0743139,1
cycle_1791212383366,pick_target,completed,,1h,1791212383.4191573,1
cycle_1791212383716,pick_target,completed,,1h,1791212383.767441,1
cycle_1791212384058,pick_target,completed,,1h,1791212384.1184182,1
cycle_1791212384436,pick_target,completed,,1h,1791212384.4890008,1
cycle_1791212384771,pick_target,completed,,1h,1791212384.8351448,1
cycle_1791212385247,pick_target,completed,,1h,1791212385.2990038,1
cycle_1791212385598,pick_target,completed,,1h,1791212385.657997,1
cycle_1791212385954,pick_target,completed,,1h,1791212386.0168302,1
cycle_1791212386308,pick_target,completed,,1h,1791212386.3767989,1
cycle_1791212386666,pick_target,completed,,1h,1791212386.727002,1
cycle_1791212387018,pick_target,completed,,1h,1791212387.0796347,1
cycle_1791212387368,pick_target,completed,,1h,1791212387.429503,1
cycle_1791212387712,pick_target,completed,,1h,1791212387.763545,1
cycle_1791212388062,pick_target,completed,,1h,1791212388.122507,1
cycle_1791212388413,pick_target,completed,,1h,1791212388.4792998,1
cycle_1791212388787,pick_target,completed,,1h,1791212388.8382344,1
cycle_1791212389128,pick_target,completed,,1h,1791212389.1916234,1
cycle_1791212389472,pick_target,completed,,1h,1791212389.56135,1
cycle_1791212389875,pick_target,completed,,1h,1791212389.9314334,1
cycle_1791212390242,pick_target,completed,,1h,1791212390.3462095,1
cycle_1791212390644,pick_target,completed,,1h,1791212390.7092497,1
cycle_1791212391076,pick_target,completed,,1h,1791212391.1388628,1
cycle_1791212391478,pick_target,completed,,1h,1791212391.5370438,1
cycle_1791212391978,pick_target,completed,,1h,1791212392.0296695,1
cycle_1791212392298,pick_target,completed,,1h,1791212392.3662972,1
cycle_1791212392648,pick_target,completed,,1h,1791212392.7240202,1
cycle_1791212393005,pick_target,completed,,1h,1791212393.0578825,1
cycle_1791212393338,pick_target,completed,,1h,1791212393.3983972,1
cycle_1791212393663,pick_target,completed,,1h,1791212393.713142,1
cycle_1791212393998,pick_target,completed,,1h,1791212394.0478096,1
cycle_1791212394376,pick_target,completed,,1h,1791212394.4232852,1
cycle_1791212394689,pick_target,completed,,1h,1791212394.8062565,1
cycle_1791212395090,pick_target,completed,,1h,1791212395.1409204,1
cycle_1791212395398,pick_target,completed,,1h,1791212395.4496958,1
cycle_1791212395729,pick_target,completed,,1h,1791212395.7895892,1
cycle_1791212396089,pick_target,completed,,1h,1791212396.149739,1
cycle_1791212396458,pick_target,completed,,1h,1791212396.5160468,1
cycle_1791212396774,pick_target,completed,,1h,1791212396.8293073,1
cycle_1791212397128,pick_target,completed,,1h,1791212397.1797938,1
cycle_1791212397466,pick_target,completed,,1h,1791212397.5368319,1
cycle_1791212397829,pick_target,completed,,1h,1791212397.879356,1
cycle_1791212398148,pick_target,completed,,1h,1791212398.2046032,1
cycle_1791212398507,pick_target,completed,,1h,1791212398.5572684,1
cycle_1791212398891,pick_target,completed,,1h,1791212398.9497077,1
cycle_1791212399228,pick_target,completed,,1h,1791212399.2932463,1
cycle_1791212399577,pick_target,completed,,1h,1791212399.648496,1
cycle_1791212399936,pick_target,completed,,1h,1791212399.9960706,1
cycle_1791212400288,pick_target,completed,,1h,1791212400.3615422,1
cycle_1791212400628,pick_target,completed,,1h,1791212400.6902733,1
cycle_1791212400979,pick_target,completed,,1h,1791212401.033179,1
cycle_1791212401319,pick_target,completed,,1h,1791212401.3795092,1
cycle_1791212401658,pick_target,completed,,1h,1791212401.7079406,1
cycle_1791212401999,pick_target,completed,,1h,1791212402.0578294,1
cycle_1791212402351,pick_target,completed,,1h,1791212402.3998706,1
cycle_1791212402679,pick_target,completed,,1h,1791212402.7498002,1
cycle_1791212403028,pick_target,completed,,1h,1791212403.0901494,1
cycle_1791212403373,pick_target,completed,,1h,1791212403.4293854,1
cycle_1791212403756,pick_target,completed,,1h,1791212403.8198247,1
cycle_1791212404139,pick_target,completed,,1h,1791212404.2217948,1
cycle_1791212404547,pick_target,completed,,1h,1791212404.5992541,1
cycle_1791212404879,pick_target,completed,,1h,1791212404.9430885,1
cycle_1791212405229,pick_target,completed,,1h,1791212405.300829,1
cycle_1791212405615,pick_target,completed,,1h,1791212405.674627,1
cycle_1791212405950,pick_target,completed,,1h,1791212406.009599,1
cycle_1791212406279,pick_target,completed,,1h,1791212406.3438094,1
cycle_1791212406634,pick_target,completed,,1h,1791212406.677863,1
cycle_1791212406979,pick_target,completed,,1h,1791212407.041895,1
cycle_1791212407390,pick_target,completed,,1h,1791212407.4491894,1
cycle_1791212407767,pick_target,completed,,1h,1791212407.829414,1
cycle_1791212408129,pick_target,completed,,1h,1791212408.189397,1
cycle_1791212408459,pick_target,completed,,1h,1791212408.5189867,1
cycle_1791212408779,pick_target,completed,,1h,1791212408.8398864,1
cycle_1791212409227,pick_target,completed,,1h,1791212409.3802907,1
cycle_1791212409677,pick_target,completed,,1h,1791212409.743446,1
cycle_1791212410043,pick_target,completed,,1h,1791212410.1076381,1
cycle_1791212410362,pick_target,completed,,1h,1791212410.4293463,1
cycle_1791212410718,pick_target,completed,,1h,1791212410.7888727,1
cycle_1791212411121,pick_target,completed,,1h,1791212411.1692593,1
cycle_1791212411446,pick_target,completed,,1h,1791212411.4997175,1
cycle_1791212411769,pick_target,completed,,1h,1791212411.8197756,1
cycle_1791212412109,pick_target,completed,,1h,1791212412.1603534,1
cycle_1791212412439,pick_target,completed,,1h,1791212412.5037227,1
cycle_1791212412769,pick_target,completed,,1h,1791212412.831316,1
cycle_1791212413159,pick_target,completed,,1h,1791212413.2197573,1
cycle_1791212413499,pick_target,completed,,1h,1791212413.558948,1
cycle_1791212413879,pick_target,completed,,1h,1791212413.9577456,1
cycle_1791212414237,pick_target,completed,,1h,1791212414.3116002,1
cycle_1791212414609,pick_target,completed,,1h,1791212414.6681044,1
cycle_1791212414949,pick_target,completed,,1h,1791212415.0136874,1
cycle_1791212415329,pick_target,completed,,1h,1791212415.3916106,1
cycle_1791212415689,pick_target,completed,,1h,1791212415.7573829,1
cycle_1791212416039,pick_target,completed,,1h,1791212416.0996616,1
cycle_1791212416399,pick_target,completed,,1h,1791212416.4610498,1
cycle_1791212416757,pick_target,completed,,1h,1791212416.8094041,1
cycle_1791212417119,pick_target,completed,,1h,1791212417.1709304,1
cycle_1791212417458,pick_target,completed,,1h,1791212417.5194187,1
cycle_1791212417800,pick_target,completed,,1h,1791212417.875734,1
cycle_1791212418169,pick_target,completed,,1h,1791212418.2202332,1
cycle_1791212418497,pick_target,completed,,1h,1791212418.557877,1
cycle_1791212418844,pick_target,completed,,1h,1791212418.8986373,1
cycle_1791212419204,pick_target,completed,,1h,1791212419.2587585,1
cycle_1791212419540,pick_target,completed,,1h,1791212419.5798736,1
cycle_1791212419869,pick_target,completed,,1h,1791212419.9196877,1
cycle_1791212420209,pick_target,completed,,1h,1791212420.277219,1
cycle_1791212420644,pick_target,completed,,1h,1791212420.686719,1
cycle_1791212420960,pick_target,completed,,1h,1791212421.0072553,1
cycle_1791212421297,pick_target,completed,,1h,1791212421.349974,1
cycle_1791212421652,pick_target,completed,,1h,1791212421.70208,1
cycle_1791212421977,pick_target,completed,,1h,1791212422.050525,1
cycle_1791212422329,pick_target,completed,,1h,1791212422.3890896,1
cycle_1791212422683,pick_target,completed,,1h,1791212422.744213,1
cycle_1791212423049,pick_target,completed,,1h,1791212423.1097844,1
cycle_1791212423400,pick_target,completed,,1h,1791212423.4678943,1
cycle_1791212423765,pick_target,completed,,1h,1791212423.8336914,1
cycle_1791212424140,pick_target,completed,,1h,1791212424.1956928,1
cycle_1791212424471,pick_target,completed,,1h,1791212424.5376155,1
cycle_1791212424795,pick_target,completed,,1h,1791212424.8633723,1
cycle_1791212425119,pick_target,completed,,1h,1791212425.1715987,1
cycle_1791212425468,pick_target,completed,,1h,1791212425.5317404,1
cycle_1791212425818,pick_target,completed,,1h,1791212425.8857515,1
cycle_1791212426158,pick_target,completed,,1h,1791212426.2179062,1
cycle_1791212426493,pick_target,completed,,1h,1791212426.5716882,1
cycle_1791212426868,pick_target,completed,,1h,1791212426.973505,1
cycle_1791212427269,pick_target,completed,,1h,1791212427.3292694,1
cycle_1791212427661,pick_target,completed,,1h,1791212427.7194066,1
cycle_1791212428008,pick_target,completed,,1h,1791212428.0692382,1
cycle_1791212428356,pick_target,completed,,1h,1791212428.4123871,1
cycle_1791212428691,pick_target,completed,,1h,1791212428.7881181,1
cycle_1791212429089,pick_target,completed,,1h,1791212429.1498847,1
cycle_1791212429443,pick_target,completed,,1h,1791212429.4920697,1
cycle_1791212429787,pick_target,completed,,1h,1791212429.8416083,1
cycle_1791212430128,pick_target,completed,,1h,1791212430.1877322,1
cycle_1791212430458,pick_target,completed,,1h,1791212430.507973,1
cycle_1791212430797,pick_target,completed,,1h,1791212430.873195,1
cycle_1791212431199,pick_target,completed,,1h,1791212431.2497149,1
cycle_1791212431530,pick_target,completed,,1h,1791212431.5916257,1
cycle_1791212431871,pick_target,completed,,1h,1791212431.9186242,1
cycle_1791212432219,pick_target,completed,,1h,1791212432.281523,1
cycle_1791212432549,pick_target,completed,,1h,1791212432.6176348,1
cycle_1791212432928,pick_target,completed,,1h,1791212432.9917974,1
cycle_1791212433295,pick_target,completed,,1h,1791212433.354029,1
cycle_1791212433638,pick_target,completed,,1h,1791212433.6984,1
cycle_1791212433978,pick_target,completed,,1h,1791212434.0296764,1
cycle_1791212434316,pick_target,completed,,1h,1791212434.3695092,1
cycle_1791212434659,pick_target,completed,,1h,1791212434.727706,1
cycle_1791212435049,pick_target,completed,,1h,1791212435.1054416,1
cycle_1791212435379,pick_target,completed,,1h,1791212435.4197795,1
cycle_1791212435697,pick_target,completed,,1h,1791212435.749734,1
cycle_1791212436038,pick_target,completed,,1h,1791212436.107345,1
cycle_1791212436378,pick_target,completed,,1h,1791212436.4396122,1
cycle_1791212436719,pick_target,completed,,1h,1791212436.7759464,1
cycle_1791212437109,pick_target,completed,,1h,1791212437.1782794,1
cycle_1791212437449,pick_target,completed,,1h,1791212437.5165617,1
cycle_1791212437807,pick_target,completed,,1h,1791212437.8703005,1
cycle_1791212438149,pick_target,completed,,1h,1791212438.210337,1
cycle_1791212438490,pick_target,completed,,1h,1791212438.5415294,1
cycle_1791212438819,pick_target,completed,,1h,1791212438.87571,1
cycle_1791212439163,pick_target,completed,,1h,1791212439.22793,1
cycle_1791212439510,pick_target,completed,,1h,1791212439.570061,1
cycle_1791212439861,pick_target,completed,,1h,1791212439.9118457,1
cycle_1791212440179,pick_target,completed,,1h,1791212440.228439,1
cycle_1791212440508,pick_target,completed,,1h,1791212440.562989,1
cycle_1791212440828,pick_target,completed,,1h,1791212440.885568,1
cycle_1791212441167,pick_target,completed,,1h,1791212441.2184613,1
cycle_1791212441509,pick_target,completed,,1h,1791212441.5682912,1
cycle_1791212441858,pick_target,completed,,1h,1791212441.916849,1
cycle_1791212442191,pick_target,completed,,1h,1791212442.2649252,1
cycle_1791212442579,pick_target,completed,,1h,1791212442.6312926,1
cycle_1791212442941,pick_target,completed,,1h,1791212443.0039194,1
cycle_1791212443277,pick_target,completed,,1h,1791212443.330275,1
cycle_1791212443589,pick_target,completed,,1h,1791212443.6482346,1
cycle_1791212443921,pick_target,completed,,1h,1791212443.9778035,1
cycle_1791212444289,pick_target,completed,,1h,1791212444.3398604,1
cycle_1791212444648,pick_target,completed,,1h,1791212444.710609,1
cycle_1791212444988,pick_target,completed,,1h,1791212445.0415437,1
cycle_1791212445329,pick_target,completed,,1h,1791212445.4060998,1
cycle_1791212445690,pick_target,completed,,1h,1791212445.7402208,1
cycle_1791212446034,pick_target,completed,,1h,1791212446.0877957,1
cycle_1791212446377,pick_target,completed,,1h,1791212446.4301908,1
cycle_1791212446718,pick_target,completed,,1h,1791212446.7771385,1
cycle_1791212447044,pick_target,completed,,1h,1791212447.1098826,1
cycle_1791212447380,pick_target,completed,,1h,1791212447.4424944,1
cycle_1791212447769,pick_target,completed,,1h,1791212447.826293,1
cycle_1791212448114,pick_target,completed,,1h,1791212448.168813,1
cycle_1791212448448,pick_target,completed,,1h,1791212448.5021353,1
cycle_1791212448780,pick_target,completed,,1h,1791212448.8418746,1
cycle_1791212449159,pick_target,completed,,1h,1791212449.2216432,1
cycle_1791212449509,pick_target,completed,,1h,1791212449.5711558,1
cycle_1791212449859,pick_target,completed,,1h,1791212449.9095054,1
cycle_1791212450186,pick_target,completed,,1h,1791212450.2402253,1
cycle_1791212450571,pick_target,completed,,1h,1791212450.6198776,1
cycle_1791212450940,pick_target,completed,,1h,1791212450.9819827,1
cycle_1791212451268,pick_target,completed,,1h,1791212451.3200169,1
cycle_1791212451617,pick_target,completed,,1h,1791212451.6690474,1
cycle_1791212451989,pick_target,completed,,1h,1791212452.059242,1
cycle_1791212452330,pick_target,completed,,1h,1791212452.4906101,1
cycle_1791212452759,pick_target,completed,,1h,1791212452.8292394,1
cycle_1791212453100,pick_target,completed,,1h,1791212453.1602025,1
cycle_1791212453439,pick_target,completed,,1h,1791212453.4890738,1
cycle_1791212453760,pick_target,completed,,1h,1791212453.8083668,1
cycle_1791212454094,pick_target,completed,,1h,1791212454.1479297,1
cycle_1791212454441,pick_target,completed,,1h,1791212454.4994452,1
cycle_1791212454798,pick_target,completed,,1h,1791212454.8712163,1
cycle_1791212455140,pick_target,completed,,1h,1791212455.202126,1
cycle_1791212455502,pick_target,completed,,1h,1791212455.5583785,1
cycle_1791212455872,pick_target,completed,,1h,1791212455.9191747,1
cycle_1791212456219,pick_target,completed,,1h,1791212456.271171,1
cycle_1791212456555,pick_target,completed,,1h,1791212456.6097407,1
cycle_1791212456909,pick_target,completed,,1h,1791212456.9702263,1
cycle_1791212457255,pick_target,completed,,1h,1791212457.3080564,1
cycle_1791212457580,pick_target,completed,,1h,1791212457.6386142,1
cycle_1791212457939,pick_target,completed,,1h,1791212457.9999294,1
cycle_1791212458290,pick_target,completed,,1h,1791212458.349547,1
cycle_1791212458637,pick_target,completed,,1h,1791212458.7444088,1
cycle_1791212459019,pick_target,completed,,1h,1791212459.0697372,1
cycle_1791212459350,pick_target,completed,,1h,1791212459.4200587,1
cycle_1791212459698,pick_target,completed,,1h,1791212459.7608263,1
cycle_1791212460062,pick_target,completed,,1h,1791212460.1092768,1
cycle_1791212460389,pick_target,completed,,1h,1791212460.457818,1
cycle_1791212460720,pick_target,completed,,1h,1791212460.7679646,1
cycle_1791212461152,pick_target,completed,,1h,1791212461.2117777,1
cycle_1791212461520,pick_target,completed,,1h,1791212461.5808103,1
cycle_1791212461861,pick_target,completed,,1h,1791212461.908486,1
cycle_1791212462189,pick_target,completed,,1h,1791212462.2501876,1
cycle_1791212462529,pick_target,completed,,1h,1791212462.589239,1
cycle_1791212462879,pick_target,completed,,1h,1791212462.939491,1
cycle_1791212463230,pick_target,completed,,1h,1791212463.2892895,1
cycle_1791212463587,pick_target,completed,,1h,1791212463.648007,1
cycle_1791212463927,pick_target,completed,,1h,1791212463.9900918,1
cycle_1791212464269,pick_target,completed,,1h,1791212464.3216484,1
cycle_1791212464619,pick_target,completed,,1h,1791212464.679883,1
cycle_1791212464979,pick_target,completed,,1h,1791212465.0400124,1
cycle_1791212465320,pick_target,completed,,1h,1791212465.3685045,1
cycle_1791212465661,pick_target,completed,,1h,1791212465.7183707,1
cycle_1791212466000,pick_target,completed,,1h,1791212466.058618,1
cycle_1791212466339,pick_target,completed,,1h,1791212466.4000874,1
cycle_1791212466680,pick_target,completed,,1h,1791212466.7306585,1
cycle_1791212467009,pick_target,completed,,1h,1791212467.0685441,1
cycle_1791212467333,pick_target,completed,,1h,1791212467.3886049,1
cycle_1791212467710,pick_target,completed,,1h,1791212467.7697997,1
cycle_1791212468068,pick_target,completed,,1h,1791212468.1236846,1
cycle_1791212468412,pick_target,completed,,1h,1791212468.4623322,1
cycle_1791212468740,pick_target,completed,,1h,1791212468.7990453,1
cycle_1791212469102,pick_target,completed,,1h,1791212469.1508396,1
cycle_1791212469427,pick_target,completed,,1h,1791212469.4778793,1
cycle_1791212469777,pick_target,completed,,1h,1791212469.8290153,1
cycle_1791212470109,pick_target,completed,,1h,1791212470.1683052,1
cycle_1791212470440,pick_target,completed,,1h,1791212470.4999819,1
cycle_1791212470770,pick_target,completed,,1h,1791212470.8331394,1
cycle_1791212471100,pick_target,completed,,1h,1791212471.1595619,1
cycle_1791212471465,pick_target,completed,,1h,1791212471.52061,1
cycle_1791212471821,pick_target,completed,,1h,1791212471.8707983,1
cycle_1791212472148,pick_target,completed,,1h,1791212472.2000542,1
cycle_1791212472478,pick_target,completed,,1h,1791212472.5402186,1
cycle_1791212472864,pick_target,completed,,1h,1791212472.9188013,1
cycle_1791212473210,pick_target,completed,,1h,1791212473.2689047,1
cycle_1791212473546,pick_target,completed,,1h,1791212473.5990765,1
cycle_1791212473924,pick_target,completed,,1h,1791212473.978306,1
cycle_1791212474286,pick_target,completed,,1h,1791212474.340171,1
cycle_1791212474620,pick_target,completed,,1h,1791212474.6790764,1
cycle_1791212474982,pick_target,completed,,1h,1791212475.0431297,1
cycle_1791212475318,pick_target,completed,,1h,1791212475.3689141,1
cycle_1791212475662,pick_target,completed,,1h,1791212475.708791,1
cycle_1791212476008,pick_target,completed,,1h,1791212476.060063,1
cycle_1791212476349,pick_target,completed,,1h,1791212476.409185,1
cycle_1791212476702,pick_target,completed,,1h,1791212476.762242,1
cycle_1791212477030,pick_target,completed,,1h,1791212477.0887923,1
cycle_1791212477380,pick_target,completed,,1h,1791212477.4300766,1
cycle_1791212477710,pick_target,completed,,1h,1791212477.7550626,1
cycle_1791212478080,pick_target,completed,,1h,1791212478.1418672,1
cycle_1791212478498,pick_target,completed,,1h,1791212478.596734,1
cycle_1791212479008,pick_target,completed,,1h,1791212479.0599778,1
cycle_1791212479389,pick_target,completed,,1h,1791212479.4502873,1
cycle_1791212479817,pick_target,completed,,1h,1791212479.8907735,1
cycle_1791212480229,pick_target,completed,,1h,1791212480.3095667,1
cycle_1791212480609,pick_target,completed,,1h,1791212480.6948044,1
cycle_1791212481069,pick_target,completed,,1h,1791212481.122592,1
cycle_1791212481430,pick_target,completed,,1h,1791212481.4865923,1
cycle_1791212481773,pick_target,completed,,1h,1791212481.8239484,1
cycle_1791212482129,pick_target,completed,,1h,1791212482.1893737,1
cycle_1791212482509,pick_target,completed,,1h,1791212482.559439,1
cycle_1791212482875,pick_target,completed,,1h,1791212482.9300508,1
cycle_1791212483329,pick_target,completed,,1h,1791212483.3887599,1
cycle_1791212483708,pick_target,completed,,1h,1791212483.7575085,1
cycle_1791212484096,pick_target,completed,,1h,1791212484.1691406,1
cycle_1791212484487,pick_target,completed,,1h,1791212484.5489862,1
cycle_1791212484829,pick_target,completed,,1h,1791212484.9299667,1
cycle_1791212485224,pick_target,completed,,1h,1791212485.2725842,1
cycle_1791212485589,pick_target,completed,,1h,1791212485.6373818,1
cycle_1791212485949,pick_target,completed,,1h,1791212486.0002856,1
cycle_1791212486348,pick_target,completed,,1h,1791212486.3857658,1
cycle_1791212486751,pick_target,completed,,1h,1791212486.8102398,1
cycle_1791212487111,pick_target,completed,,1h,1791212487.201765,1
cycle_1791212487509,pick_target,completed,,1h,1791212487.5629046,1
cycle_1791212487889,pick_target,completed,,1h,1791212487.9493155,1
cycle_1791212488229,pick_target,completed,,1h,1791212488.2821116,1
cycle_1791212488569,pick_target,completed,,1h,1791212488.629768,1
cycle_1791212488966,pick_target,completed,,1h,1791212489.0286148,1
cycle_1791212489329,pick_target,completed,,1h,1791212489.3784618,1
cycle_1791212489710,pick_target,completed,,1h,1791212489.7809186,1
cycle_1791212490140,pick_target,completed,,1h,1791212490.1900296,1
cycle_1791212490460,pick_target,completed,,1h,1791212490.529522,1
cycle_1791212490830,pick_target,completed,,1h,1791212490.8822548,1
cycle_1791212491283,pick_target,completed,,1h,1791212491.3317401,1
cycle_1791212491596,pick_target,completed,,1h,1791212491.6586337,1
cycle_1791212491912,pick_target,completed,,1h,1791212491.9579022,1
cycle_1791212492232,pick_target,completed,,1h,1791212492.302902,1
cycle_1791212492608,pick_target,completed,,1h,1791212492.6587188,1
cycle_1791212492970,pick_target,completed,,1h,1791212493.018841,1
cycle_1791212493288,pick_target,completed,,1h,1791212493.3987467,1
cycle_1791212493689,pick_target,completed,,1h,1791212493.7408097,1
cycle_1791212494040,pick_target,completed,,1h,1791212494.0900502,1
cycle_1791212494449,pick_target,completed,,1h,1791212494.5099037,1
cycle_1791212494775,pick_target,completed,,1h,1791212494.8301773,1
cycle_1791212495170,pick_target,completed,,1h,1791212495.2289853,1
cycle_1791212495530,pick_target,completed,,1h,1791212495.5889797,1
cycle_1791212495894,pick_target,completed,,1h,1791212495.943533,1
cycle_1791212496281,pick_target,completed,,1h,1791212496.3496752,1
cycle_1791212496629,pick_target,completed,,1h,1791212496.6781282,1
cycle_1791212497030,pick_target,completed,,1h,1791212497.0776532,1
cycle_1791212497388,pick_target,completed,,1h,1791212497.4371116,1
cycle_1791212497730,pick_target,completed,,1h,1791212497.7905254,1
cycle_1791212498130,pick_target,completed,,1h,1791212498.1798344,1
cycle_1791212498472,pick_target,completed,,1h,1791212498.5345328,1
cycle_1791212498869,pick_target,completed,,1h,1791212498.9341762,1
cycle_1791212499215,pick_target,completed,,1h,1791212499.2689815,1
cycle_1791212499559,pick_target,completed,,1h,1791212499.6191335,1
cycle_1791212499938,pick_target,completed,,1h,1791212499.996069,1
cycle_1791212500340,pick_target,completed,,1h,1791212500.4095755,1
cycle_1791212500697,pick_target,completed,,1h,1791212500.7710924,1
cycle_1791212501089,pick_target,completed,,1h,1791212501.1361966,1
cycle_1791212501469,pick_target,completed,,1h,1791212501.516473,1
cycle_1791212501859,pick_target,completed,,1h,1791212501.9348743,1
cycle_1791212502269,pick_target,completed,,1h,1791212502.3296793,1
cycle_1791212502631,pick_target,completed,,1h,1791212502.7083583,1
cycle_1791212503012,pick_target,completed,,1h,1791212503.0684874,1
cycle_1791212503352,pick_target,completed,,1h,1791212503.4098358,1
cycle_1791212503709,pick_target,completed,,1h,1791212503.7693357,1
cycle_1791212504050,pick_target,completed,,1h,1791212504.1103013,1
cycle_1791212504391,pick_target,completed,,1h,1791212504.4692962,1
cycle_1791212504735,pick_target,completed,,1h,1791212504.7998486,1
cycle_1791212505149,pick_target,completed,,1h,1791212505.1974967,1
cycle_1791212505509,pick_target,completed,,1h,1791212505.5695422,1
cycle_1791212505869,pick_target,completed,,1h,1791212505.9380684,1
cycle_1791212506250,pick_target,completed,,1h,1791212506.3286812,1
cycle_1791212506649,pick_target,completed,,1h,1791212506.70858,1
cycle_1791212507008,pick_target,completed,,1h,1791212507.06092,1
cycle_1791212507372,pick_target,completed,,1h,1791212507.4301312,1
cycle_1791212507709,pick_target,completed,,1h,1791212507.769148,1
cycle_1791212508089,pick_target,completed,,1h,1791212508.1360533,1
cycle_1791212508495,pick_target,completed,,1h,1791212508.5466483,1
cycle_1791212508887,pick_target,completed,,1h,1791212508.9499578,1
cycle_1791212509341,pick_target,completed,,1h,1791212509.4115953,1
cycle_1791212509696,pick_target,completed,,1h,1791212509.7496803,1
cycle_1791212510048,pick_target,completed,,1h,1791212510.1098228,1
cycle_1791212510409,pick_target,completed,,1h,1791212510.4715972,1
cycle_1791212510750,pick_target,completed,,1h,1791212510.8085513,1
cycle_1791212511089,pick_target,completed,,1h,1791212511.1339247,1
cycle_1791212511420,pick_target,completed,,1h,1791212511.4703052,1
cycle_1791212511789,pick_target,completed,,1h,1791212511.8686566,1
cycle_1791212512149,pick_target,completed,,1h,1791212512.202275,1
cycle_1791212512489,pick_target,completed,,1h,1791212512.5534322,1
cycle_1791212512863,pick_target,completed,,1h,1791212512.920238,1
cycle_1791212513254,pick_target,completed,,1h,1791212513.3298643,1
cycle_1791212513628,pick_target,completed,,1h,1791212513.679105,1
cycle_1791212513970,pick_target,completed,,1h,1791212514.014937,1
cycle_1791212514349,pick_target,completed,,1h,1791212514.402216,1
cycle_1791212514695,pick_target,completed,,1h,1791212514.747003,1
cycle_1791212515033,pick_target,completed,,1h,1791212515.109313,1
cycle_1791212515410,pick_target,completed,,1h,1791212515.4690168,1
cycle_1791212515768,pick_target,completed,,1h,1791212515.816172,1
cycle_1791212516152,pick_target,completed,,1h,1791212516.2284696,1
cycle_1791212516528,pick_target,completed,,1h,1791212516.587365,1
cycle_1791212516940,pick_target,completed,,1h,1791212516.9916399,1
cycle_1791212517289,pick_target,completed,,1h,1791212517.3371496,1
cycle_1791212517649,pick_target,completed,,1h,1791212517.7049491,1
cycle_1791212517979,pick_target,completed,,1h,1791212518.0274887,1
cycle_1791212518358,pick_target,completed,,1h,1791212518.4295573,1
cycle_1791212518860,pick_target,completed,,1h,1791212518.9281106,1
cycle_1791212519280,pick_target,completed,,1h,1791212519.3494463,1
cycle_1791212519737,pick_target,completed,,1h,1791212519.8315053,1
cycle_1791212520168,pick_target,completed,,1h,1791212520.2172773,1
cycle_1791212520549,pick_target,completed,,1h,1791212520.6087608,1
cycle_1791212520889,pick_target,completed,,1h,1791212520.9300735,1
cycle_1791212521231,pick_target,completed,,1h,1791212521.3094158,1
cycle_1791212521597,pick_target,completed,,1h,1791212521.6694996,1
cycle_1791212521977,pick_target,completed,,1h,1791212522.0370426,1
cycle_1791212522338,pick_target,completed,,1h,1791212522.408787,1
cycle_1791212522690,pick_target,completed,,1h,1791212522.7503,1
cycle_1791212523060,pick_target,completed,,1h,1791212523.1194696,1
cycle_1791212523404,pick_target,completed,,1h,1791212523.4806943,1
cycle_1791212523787,pick_target,completed,,1h,1791212523.8686843,1
cycle_1791212524137,pick_target,completed,,1h,1791212524.2090883,1
cycle_1791212524509,pick_target,completed,,1h,1791212524.5715308,1
cycle_1791212524872,pick_target,completed,,1h,1791212524.9503448,1
cycle_1791212525289,pick_target,completed,,1h,1791212525.3496192,1
cycle_1791212525668,pick_target,completed,,1h,1791212525.729141,1
cycle_1791212526013,pick_target,completed,,1h,1791212526.0750916,1
cycle_1791212526396,pick_target,completed,,1h,1791212526.4691126,1
cycle_1791212526789,pick_target,completed,,1h,1791212526.8359406,1
cycle_1791212527128,pick_target,completed,,1h,1791212527.1773493,1
cycle_1791212527502,pick_target,completed,,1h,1791212527.5412326,1
cycle_1791212527837,pick_target,completed,,1h,1791212527.897429,1
cycle_1791212528209,pick_target,completed,,1h,1791212528.2696524,1
cycle_1791212528589,pick_target,completed,,1h,1791212528.6491625,1
cycle_1791212528926,pick_target,completed,,1h,1791212528.9723828,1
cycle_1791212529262,pick_target,completed,,1h,1791212529.3296444,1
cycle_1791212529608,pick_target,completed,,1h,1791212529.6568933,1
cycle_1791212529993,pick_target,completed,,1h,1791212530.0695214,1
cycle_1791212530369,pick_target,completed,,1h,1791212530.4103513,1
cycle_1791212530740,pick_target,completed,,1h,1791212530.7920768,1
cycle_1791212531080,pick_target,completed,,1h,1791212531.1376104,1
cycle_1791212531450,pick_target,completed,,1h,1791212531.500775,1
cycle_1791212531869,pick_target,completed,,1h,1791212531.9294167,1
cycle_1791212532208,pick_target,completed,,1h,1791212532.2587721,1
cycle_1791212532589,pick_target,completed,,1h,1791212532.6500707,1
cycle_1791212532972,pick_target,completed,,1h,1791212533.0271776,1
cycle_1791212533337,pick_target,completed,,1h,1791212533.4099607,1
cycle_1791212533734,pick_target,completed,,1h,1791212533.8593154,1
cycle_1791212534179,pick_target,completed,,1h,1791212534.2602885,1
cycle_1791212534568,pick_target,completed,,1h,1791212534.629056,1
cycle_1791212534928,pick_target,completed,,1h,1791212534.985638,1
cycle_1791212535291,pick_target,completed,,1h,1791212535.3497066,1
cycle_1791212535630,pick_target,completed,,1h,1791212535.6906374,1
cycle_1791212535970,pick_target,completed,,1h,1791212536.031762,1
cycle_1791212536329,pick_target,completed,,1h,1791212536.3901112,1
cycle_1791212536665,pick_target,completed,,1h,1791212536.7188315,1
cycle_1791212537056,pick_target,completed,,1h,1791212537.1290834,1
cycle_1791212537429,pick_target,completed,,1h,1791212537.489784,1
cycle_1791212537769,pick_target,completed,,1h,1791212537.829501,1
cycle_1791212538149,pick_target,completed,,1h,1791212538.1968982,1
cycle_1791212538509,pick_target,completed,,1h,1791212538.5712376,1
cycle_1791212538875,pick_target,completed,,1h,1791212538.927653,1
cycle_1791212539240,pick_target,completed,,1h,1791212539.2949038,1
cycle_1791212539590,pick_target,completed,,1h,1791212539.6495028,1
cycle_1791212539965,pick_target,completed,,1h,1791212540.0283718,1
cycle_1791212540310,pick_target,completed,,1h,1791212540.370463,1
cycle_1791212540628,pick_target,completed,,1h,1791212540.679184,1
cycle_1791212541030,pick_target,completed,,1h,1791212541.0986214,1
cycle_1791212541431,pick_target,completed,,1h,1791212541.4910214,1
cycle_1791212541789,pick_target,completed,,1h,1791212541.8382678,1
cycle_1791212542131,pick_target,completed,,1h,1791212542.21181,1
cycle_1791212542487,pick_target,completed,,1h,1791212542.5521781,1
cycle_1791212542841,pick_target,completed,,1h,1791212542.9099247,1
cycle_1791212543230,pick_target,completed,,1h,1791212543.2894292,1
cycle_1791212543608,pick_target,completed,,1h,1791212543.669734,1
cycle_1791212543969,pick_target,completed,,1h,1791212544.0253983,1
cycle_1791212544355,pick_target,completed,,1h,1791212544.411654,1
cycle_1791212544759,pick_target,completed,,1h,1791212544.8137558,1
cycle_1791212545117,pick_target,completed,,1h,1791212545.18945,1
cycle_1791212545469,pick_target,completed,,1h,1791212545.530518,1
cycle_1791212545838,pick_target,completed,,1h,1791212545.8944464,1
cycle_1791212546189,pick_target,completed,,1h,1791212546.2274165,1
cycle_1791212546549,pick_target,completed,,1h,1791212546.6097443,1
cycle_1791212546909,pick_target,completed,,1h,1791212546.9686933,1
cycle_1791212547334,pick_target,completed,,1h,1791212547.3867335,1
cycle_1791212547709,pick_target,completed,,1h,1791212547.756046,1
cycle_1791212548077,pick_target,completed,,1h,1791212548.1487799,1
cycle_1791212548429,pick_target,completed,,1h,1791212548.4787226,1
cycle_1791212548820,pick_target,completed,,1h,1791212548.8891478,1
cycle_1791212549158,pick_target,completed,,1h,1791212549.2317164,1
cycle_1791212549549,pick_target,completed,,1h,1791212549.610314,1
cycle_1791212549949,pick_target,completed,,1h,1791212549.9977098,1
cycle_1791212550420,pick_target,completed,,1h,1791212550.5347805,1
cycle_1791212550961,pick_target,completed,,1h,1791212551.0639877,1
cycle_1791212551494,pick_target,completed,,1h,1791212551.5693917,1
cycle_1791212552031,pick_target,completed,,1h,1791212552.144671,1
cycle_1791212552473,pick_target,completed,,1h,1791212552.5678349,1
cycle_1791212552909,pick_target,completed,,1h,1791212552.9700694,1
cycle_1791212553269,pick_target,completed,,1h,1791212553.3206508,1
cycle_1791212553670,pick_target,completed,,1h,1791212553.7559812,1
cycle_1791212554070,pick_target,completed,,1h,1791212554.1296859,1
cycle_1791212554409,pick_target,completed,,1h,1791212554.4700131,1
cycle_1791212554761,pick_target,completed,,1h,1791212554.8231444,1
cycle_1791212555129,pick_target,completed,,1h,1791212555.172328,1
cycle_1791212555477,pick_target,completed,,1h,1791212555.569418,1
cycle_1791212555890,pick_target,completed,,1h,1791212555.9403734,1
cycle_1791212556210,pick_target,completed,,1h,1791212556.2976284,1
cycle_1791212556597,pick_target,completed,,1h,1791212556.6611297,1
cycle_1791212556950,pick_target,completed,,1h,1791212557.0053554,1
cycle_1791212557309,pick_target,completed,,1h,1791212557.3696496,1
cycle_1791212557669,pick_target,completed,,1h,1791212557.7177806,1
cycle_1791212557991,pick_target,completed,,1h,1791212558.052848,1
cycle_1791212558342,pick_target,completed,,1h,1791212558.3898346,1
cycle_1791212558680,pick_target,completed,,1h,1791212558.7497482,1
cycle_1791212559049,pick_target,completed,,1h,1791212559.0979526,1
cycle_1791212559369,pick_target,completed,,1h,1791212559.4258368,1
cycle_1791212559725,pick_target,completed,,1h,1791212559.7670429,1
cycle_1791212560106,pick_target,completed,,1h,1791212560.1718335,1
cycle_1791212560509,pick_target,completed,,1h,1791212560.5626898,1
cycle_1791212560874,pick_target,completed,,1h,1791212560.9264023,1
cycle_1791212561242,pick_target,completed,,1h,1791212561.3090239,1
cycle_1791212561610,pick_target,completed,,1h,1791212561.6587903,1
cycle_1791212561977,pick_target,completed,,1h,1791212562.051035,1
cycle_1791212562374,pick_target,completed,,1h,1791212562.4507563,1
cycle_1791212562738,pick_target,completed,,1h,1791212562.7985613,1
cycle_1791212563150,pick_target,completed,,1h,1791212563.197113,1
cycle_1791212563501,pick_target,completed,,1h,1791212563.571535,1
cycle_1791212563929,pick_target,completed,,1h,1791212563.9788308,1
cycle_1791212564260,pick_target,completed,,1h,1791212564.339135,1
cycle_1791212564628,pick_target,completed,,1h,1791212564.679629,1
cycle_1791212564989,pick_target,completed,,1h,1791212565.0494363,1
cycle_1791212565357,pick_target,completed,,1h,1791212565.4095473,1
cycle_1791212565691,pick_target,completed,,1h,1791212565.7504494,1
cycle_1791212566054,pick_target,completed,,1h,1791212566.1080773,1
cycle_1791212566403,pick_target,completed,,1h,1791212566.458657,1
cycle_1791212566749,pick_target,completed,,1h,1791212566.8102777,1
cycle_1791212567082,pick_target,completed,,1h,1791212567.1413717,1
cycle_1791212567429,pick_target,completed,,1h,1791212567.4933722,1
cycle_1791212567769,pick_target,completed,,1h,1791212567.8280108,1
cycle_1791212568124,pick_target,completed,,1h,1791212568.1797464,1
cycle_1791212568469,pick_target,completed,,1h,1791212568.5174034,1
cycle_1791212568870,pick_target,completed,,1h,1791212568.9221685,1
cycle_1791212569255,pick_target,completed,,1h,1791212569.3211305,1
cycle_1791212569641,pick_target,completed,,1h,1791212569.7117002,1
cycle_1791212570053,pick_target,completed,,1h,1791212570.1194384,1
cycle_1791212570468,pick_target,completed,,1h,1791212570.5211082,1
cycle_1791212570829,pick_target,completed,,1h,1791212570.8816657,1
cycle_1791212571208,pick_target,completed,,1h,1791212571.2615237,1
cycle_1791212571579,pick_target,completed,,1h,1791212571.6296518,1
cycle_1791212571949,pick_target,completed,,1h,1791212572.0161123,1
cycle_1791212572300,pick_target,completed,,1h,1791212572.3507817,1
cycle_1791212572640,pick_target,completed,,1h,1791212572.7155795,1
cycle_1791212573015,pick_target,completed,,1h,1791212573.0843546,1
cycle_1791212573350,pick_target,completed,,1h,1791212573.4007509,1
cycle_1791212573709,pick_target,completed,,1h,1791212573.7570906,1
cycle_1791212574068,pick_target,completed,,1h,1791212574.1283963,1
cycle_1791212574419,pick_target,completed,,1h,1791212574.4591484,1
cycle_1791212574745,pick_target,completed,,1h,1791212574.8098195,1
cycle_1791212575107,pick_target,completed,,1h,1791212575.1596065,1
cycle_1791212575490,pick_target,completed,,1h,1791212575.5462692,1
cycle_1791212575872,pick_target,completed,,1h,1791212575.931447,1
cycle_1791212576230,pick_target,completed,,1h,1791212576.2903028,1
cycle_1791212576571,pick_target,completed,,1h,1791212576.630665,1
cycle_1791212576930,pick_target,completed,,1h,1791212576.990968,1
cycle_1791212577273,pick_target,completed,,1h,1791212577.3438344,1
cycle_1791212577650,pick_target,completed,,1h,1791212577.710211,1
cycle_1791212578029,pick_target,completed,,1h,1791212578.0887034,1
cycle_1791212578358,pick_target,completed,,1h,1791212578.411159,1
cycle_1791212578710,pick_target,completed,,1h,1791212578.7683916,1
cycle_1791212579053,pick_target,completed,,1h,1791212579.1122468,1
cycle_1791212579387,pick_target,completed,,1h,1791212579.4416993,1
cycle_1791212579750,pick_target,completed,,1h,1791212579.8092399,1
cycle_1791212580081,pick_target,completed,,1h,1791212580.150268,1
cycle_1791212580492,pick_target,completed,,1h,1791212580.5492735,1
cycle_1791212580870,pick_target,completed,,1h,1791212580.9275715,1
cycle_1791212581197,pick_target,completed,,1h,1791212581.2598748,1
cycle_1791212581551,pick_target,completed,,1h,1791212581.6112292,1
cycle_1791212581880,pick_target,completed,,1h,1791212581.9511104,1
cycle_1791212582230,pick_target,completed,,1h,1791212582.2807593,1
cycle_1791212582571,pick_target,completed,,1h,1791212582.6296582,1
cycle_1791212582946,pick_target,completed,,1h,1791212582.9995363,1
cycle_1791212583327,pick_target,completed,,1h,1791212583.3657956,1
cycle_1791212583658,pick_target,completed,,1h,1791212583.7097254,1
cycle_1791212584010,pick_target,completed,,1h,1791212584.0585902,1
cycle_1791212584329,pick_target,completed,,1h,1791212584.3894708,1
cycle_1791212584681,pick_target,completed,,1h,1791212584.730261,1
cycle_1791212585008,pick_target,completed,,1h,1791212585.059694,1
cycle_1791212585359,pick_target,completed,,1h,1791212585.4264345,1
cycle_1791212585730,pick_target,completed,,1h,1791212585.7899675,1
cycle_1791212586092,pick_target,completed,,1h,1791212586.1412902,1
cycle_1791212586461,pick_target,completed,,1h,1791212586.5117242,1
cycle_1791212586790,pick_target,completed,,1h,1791212586.8341408,1
cycle_1791212587123,pick_target,completed,,1h,1791212587.1707864,1
cycle_1791212587458,pick_target,completed,,1h,1791212587.530092,1
cycle_1791212587801,pick_target,completed,,1h,1791212587.8754742,1
cycle_1791212588229,pick_target,completed,,1h,1791212588.2739372,1
cycle_1791212588598,pick_target,completed,,1h,1791212588.6705213,1
cycle_1791212588958,pick_target,completed,,1h,1791212589.0294008,1
cycle_1791212589309,pick_target,completed,,1h,1791212589.3653452,1
cycle_1791212589774,pick_target,completed,,1h,1791212589.869776,1
cycle_1791212590169,pick_target,completed,,1h,1791212590.2169852,1
cycle_1791212590523,pick_target,completed,,1h,1791212590.5814085,1
cycle_1791212590886,pick_target,completed,,1h,1791212590.9406362,1
cycle_1791212591187,pick_target,completed,,1h,1791212591.2406738,1
cycle_1791212591529,pick_target,completed,,1h,1791212591.588982,1
cycle_1791212591897,pick_target,completed,,1h,1791212591.971172,1
cycle_1791212592309,pick_target,completed,,1h,1791212592.35742,1
cycle_1791212592689,pick_target,completed,,1h,1791212592.7467628,1
cycle_1791212593018,pick_target,completed,,1h,1791212593.0895767,1
cycle_1791212593372,pick_target,completed,,1h,1791212593.4629624,1
cycle_1791212593770,pick_target,completed,,1h,1791212593.8396947,1
cycle_1791212594130,pick_target,completed,,1h,1791212594.1899934,1
cycle_1791212594491,pick_target,completed,,1h,1791212594.542261,1
cycle_1791212594818,pick_target,completed,,1h,1791212594.8894732,1
cycle_1791212595176,pick_target,completed,,1h,1791212595.2264435,1
cycle_1791212595508,pick_target,completed,,1h,1791212595.5571928,1
cycle_1791212595879,pick_target,completed,,1h,1791212595.9522195,1
cycle_1791212596252,pick_target,completed,,1h,1791212596.329452,1
cycle_1791212596601,pick_target,completed,,1h,1791212596.650117,1
cycle_1791212596931,pick_target,completed,,1h,1791212596.9909446,1
cycle_1791212597269,pick_target,completed,,1h,1791212597.3198345,1
cycle_1791212597609,pick_target,completed,,1h,1791212597.6600773,1
cycle_1791212597971,pick_target,completed,,1h,1791212598.0091352,1
cycle_1791212598282,pick_target,completed,,1h,1791212598.3338542,1
cycle_1791212598600,pick_target,completed,,1h,1791212598.6606572,1
cycle_1791212598949,pick_target,completed,,1h,1791212599.020715,1
cycle_1791212599331,pick_target,completed,,1h,1791212599.3947127,1
cycle_1791212599700,pick_target,completed,,1h,1791212599.747057,1
cycle_1791212600052,pick_target,completed,,1h,1791212600.129644,1
cycle_1791212600442,pick_target,completed,,1h,1791212600.510059,1
cycle_1791212600829,pick_target,completed,,1h,1791212600.8769205,1
cycle_1791212601230,pick_target,completed,,1h,1791212601.282293,1
cycle_1791212601609,pick_target,completed,,1h,1791212601.6578639,1
cycle_1791212602010,pick_target,completed,,1h,1791212602.060151,1
cycle_1791212602385,pick_target,completed,,1h,1791212602.4331048,1
cycle_1791212602785,pick_target,completed,,1h,1791212602.8702674,1
cycle_1791212603147,pick_target,completed,,1h,1791212603.2099652,1
cycle_1791212603491,pick_target,completed,,1h,1791212603.5395594,1
cycle_1791212603875,pick_target,completed,,1h,1791212603.9498177,1
cycle_1791212604249,pick_target,completed,,1h,1791212604.3092887,1
cycle_1791212604590,pick_target,completed,,1h,1791212604.6359754,1
cycle_1791212604979,pick_target,completed,,1h,1791212605.0483694,1
cycle_1791212605343,pick_target,completed,,1h,1791212605.4103656,1
cycle_1791212605730,pick_target,completed,,1h,1791212605.778008,1
cycle_1791212606077,pick_target,completed,,1h,1791212606.1503959,1
cycle_1791212606486,pick_target,completed,,1h,1791212606.5379794,1
cycle_1791212606871,pick_target,completed,,1h,1791212606.9301136,1
cycle_1791212607270,pick_target,completed,,1h,1791212607.3300142,1
cycle_1791212607609,pick_target,completed,,1h,1791212607.6563945,1
cycle_1791212607970,pick_target,completed,,1h,1791212608.0224466,1
cycle_1791212608491,pick_target,completed,,1h,1791212608.5695667,1
cycle_1791212609114,pick_target,completed,,1h,1791212609.1787393,1
cycle_1791212609549,pick_target,completed,,1h,1791212609.59712,1
cycle_1791212609910,pick_target,completed,,1h,1791212609.9566321,1
cycle_1791212610342,pick_target,completed,,1h,1791212610.4187398,1
cycle_1791212610749,pick_target,completed,,1h,1791212610.7970693,1
cycle_1791212611109,pick_target,completed,,1h,1791212611.1718936,1
cycle_1791212611490,pick_target,completed,,1h,1791212611.537966,1
cycle_1791212611874,pick_target,completed,,1h,1791212611.9500904,1
cycle_1791212612249,pick_target,completed,,1h,1791212612.2882125,1
cycle_1791212612565,pick_target,completed,,1h,1791212612.6165729,1
cycle_1791212612918,pick_target,completed,,1h,1791212612.9681687,1
cycle_1791212613271,pick_target,completed,,1h,1791212613.3302233,1
cycle_1791212613630,pick_target,completed,,1h,1791212613.6854544,1
cycle_1791212613971,pick_target,completed,,1h,1791212614.0326886,1
cycle_1791212614372,pick_target,completed,,1h,1791212614.4434626,1
cycle_1791212614741,pick_target,completed,,1h,1791212614.808572,1
cycle_1791212615121,pick_target,completed,,1h,1791212615.176833,1
cycle_1791212615530,pick_target,completed,,1h,1791212615.578632,1
cycle_1791212615898,pick_target,completed,,1h,1791212615.9553635,1
cycle_1791212616250,pick_target,completed,,1h,1791212616.3115375,1
cycle_1791212616650,pick_target,completed,,1h,1791212616.716025,1
cycle_1791212617011,pick_target,completed,,1h,1791212617.0802011,1
cycle_1791212617352,pick_target,completed,,1h,1791212617.4152203,1
cycle_1791212617714,pick_target,completed,,1h,1791212617.7703552,1
cycle_1791212618063,pick_target,completed,,1h,1791212618.1301332,1
cycle_1791212618386,pick_target,completed,,1h,1791212618.4485173,1
cycle_1791212618762,pick_target,completed,,1h,1791212618.8496716,1
cycle_1791212619149,pick_target,completed,,1h,1791212619.2103472,1
cycle_1791212619502,pick_target,completed,,1h,1791212619.562281,1
cycle_1791212619838,pick_target,completed,,1h,1791212619.8918285,1
cycle_1791212620167,pick_target,completed,,1h,1791212620.2207808,1
cycle_1791212620510,pick_target,completed,,1h,1791212620.565458,1
cycle_1791212620872,pick_target,completed,,1h,1791212620.923298,1
cycle_1791212621210,pick_target,completed,,1h,1791212621.2710843,1
cycle_1791212621570,pick_target,completed,,1h,1791212621.6319702,1
cycle_1791212621918,pick_target,completed,,1h,1791212621.9912145,1
cycle_1791212622339,pick_target,completed,,1h,1791212622.4109972,1
cycle_1791212622709,pick_target,completed,,1h,1791212622.7696638,1
cycle_1791212623080,pick_target,completed,,1h,1791212623.1419005,1
cycle_1791212623447,pick_target,completed,,1h,1791212623.5016928,1
cycle_1791212623861,pick_target,completed,,1h,1791212623.91185,1
cycle_1791212624211,pick_target,completed,,1h,1791212624.271219,1
cycle_1791212624581,pick_target,completed,,1h,1791212624.6604273,1
cycle_1791212624931,pick_target,completed,,1h,1791212624.991068,1
cycle_1791212625262,pick_target,completed,,1h,1791212625.3201506,1
cycle_1791212625650,pick_target,completed,,1h,1791212625.6987433,1
cycle_1791212626008,pick_target,completed,,1h,1791212626.0705273,1
cycle_1791212626352,pick_target,completed,,1h,1791212626.4084883,1
cycle_1791212626688,pick_target,completed,,1h,1791212626.7387533,1
cycle_1791212627049,pick_target,completed,,1h,1791212627.0966756,1
cycle_1791212627412,pick_target,completed,,1h,1791212627.46837,1
cycle_1791212627750,pick_target,completed,,1h,1791212627.8099494,1
cycle_1791212628110,pick_target,completed,,1h,1791212628.169924,1
cycle_1791212628440,pick_target,completed,,1h,1791212628.4880722,1
cycle_1791212628763,pick_target,completed,,1h,1791212628.8020067,1
cycle_1791212629149,pick_target,completed,,1h,1791212629.2102787,1
cycle_1791212629509,pick_target,completed,,1h,1791212629.5714438,1
cycle_1791212629828,pick_target,completed,,1h,1791212629.8792245,1
cycle_1791212630236,pick_target,completed,,1h,1791212630.2868266,1
cycle_1791212630590,pick_target,completed,,1h,1791212630.6499949,1
cycle_1791212630949,pick_target,completed,,1h,1791212630.9981523,1
cycle_1791212631292,pick_target,completed,,1h,1791212631.3582323,1
cycle_1791212631668,pick_target,completed,,1h,1791212631.7312546,1
cycle_1791212632050,pick_target,completed,,1h,1791212632.1021557,1
cycle_1791212632370,pick_target,completed,,1h,1791212632.4287941,1
cycle_1791212632712,pick_target,completed,,1h,1791212632.7774339,1
cycle_1791212633111,pick_target,completed,,1h,1791212633.1711123,1
cycle_1791212633431,pick_target,completed,,1h,1791212633.476295,1
cycle_1791212633792,pick_target,completed,,1h,1791212633.870905,1
cycle_1791212634167,pick_target,completed,,1h,1791212634.2308357,1
cycle_1791212634530,pick_target,completed,,1h,1791212634.5911698,1
cycle_1791212634890,pick_target,completed,,1h,1791212634.9531083,1
cycle_1791212635291,pick_target,completed,,1h,1791212635.3504338,1
cycle_1791212635670,pick_target,completed,,1h,1791212635.7423108,1
cycle_1791212636041,pick_target,completed,,1h,1791212636.0898159,1
cycle_1791212636382,pick_target,completed,,1h,1791212636.4365804,1
cycle_1791212636750,pick_target,completed,,1h,1791212636.7981033,1
cycle_1791212637128,pick_target,completed,,1h,1791212637.17665,1
cycle_1791212637473,pick_target,completed,,1h,1791212637.5497577,1
cycle_1791212637811,pick_target,completed,,1h,1791212637.874893,1
cycle_1791212638150,pick_target,completed,,1h,1791212638.2016938,1
cycle_1791212638537,pick_target,completed,,1h,1791212638.5902622,1
cycle_1791212638950,pick_target,completed,,1h,1791212639.009981,1
cycle_1791212639349,pick_target,completed,,1h,1791212639.399975,1
cycle_1791212639709,pick_target,completed,,1h,1791212639.7696996,1
cycle_1791212640045,pick_target,completed,,1h,1791212640.0928426,1
cycle_1791212640391,pick_target,completed,,1h,1791212640.4425983,1
cycle_1791212640722,pick_target,completed,,1h,1791212640.779028,1
cycle_1791212641082,pick_target,completed,,1h,1791212641.1179178,1
cycle_1791212641390,pick_target,completed,,1h,1791212641.451789,1
cycle_1791212641732,pick_target,completed,,1h,1791212641.791965,1
cycle_1791212642110,pick_target,completed,,1h,1791212642.1592047,1
cycle_1791212642470,pick_target,completed,,1h,1791212642.5083501,1
cycle_1791212642808,pick_target,completed,,1h,1791212642.8758876,1
cycle_1791212643211,pick_target,completed,,1h,1791212643.271224,1
cycle_1791212643594,pick_target,completed,,1h,1791212643.6460602,1
cycle_1791212644010,pick_target,completed,,1h,1791212644.0705678,1
cycle_1791212644390,pick_target,completed,,1h,1791212644.4405565,1
cycle_1791212644770,pick_target,completed,,1h,1791212644.8290093,1
cycle_1791212645152,pick_target,completed,,1h,1791212645.2083478,1
cycle_1791212645478,pick_target,completed,,1h,1791212645.5574014,1
cycle_1791212645877,pick_target,completed,,1h,1791212645.938001,1
cycle_1791212646268,pick_target,completed,,1h,1791212646.3309436,1
cycle_1791212646609,pick_target,completed,,1h,1791212646.671251,1
cycle_1791212646988,pick_target,completed,,1h,1791212647.0432727,1
cycle_1791212647329,pick_target,completed,,1h,1791212647.380338,1
cycle_1791212647659,pick_target,completed,,1h,1791212647.7085679,1
cycle_1791212648010,pick_target,completed,,1h,1791212648.0607116,1
cycle_1791212648347,pick_target,completed,,1h,1791212648.3898897,1
cycle_1791212648711,pick_target,completed,,1h,1791212648.7701075,1
cycle_1791212649069,pick_target,completed,,1h,1791212649.1299777,1
cycle_1791212649431,pick_target,completed,,1h,1791212649.4780347,1
cycle_1791212649785,pick_target,completed,,1h,1791212649.8370268,1
cycle_1791212650151,pick_target,completed,,1h,1791212650.2017336,1
cycle_1791212650513,pick_target,completed,,1h,1791212650.5722888,1
cycle_1791212650917,pick_target,completed,,1h,1791212650.9803536,1
cycle_1791212651270,pick_target,completed,,1h,1791212651.3409777,1
cycle_1791212651630,pick_target,completed,,1h,1791212651.6911602,1
cycle_1791212652002,pick_target,completed,,1h,1791212652.064282,1
cycle_1791212652392,pick_target,completed,,1h,1791212652.4814043,1
cycle_1791212652791,pick_target,completed,,1h,1791212652.8646882,1
cycle_1791212653163,pick_target,completed,,1h,1791212653.2307262,1
cycle_1791212653524,pick_target,completed,,1h,1791212653.5827117,1
cycle_1791212653864,pick_target,completed,,1h,1791212653.9231663,1
cycle_1791212654210,pick_target,completed,,1h,1791212654.264564,1
cycle_1791212654553,pick_target,completed,,1h,1791212654.6127949,1
cycle_1791212654884,pick_target,completed,,1h,1791212654.9418762,1
cycle_1791212655221,pick_target,completed,,1h,1791212655.3058338,1
cycle_1791212655591,pick_target,completed,,1h,1791212655.652829,1
cycle_1791212655975,pick_target,completed,,1h,1791212656.0313058,1
cycle_1791212656340,pick_target,completed,,1h,1791212656.4209743,1
cycle_1791212656704,pick_target,completed,,1h,1791212656.7599604,1
cycle_1791212657037,pick_target,completed,,1h,1791212657.0897243,1
cycle_1791212657361,pick_target,completed,,1h,1791212657.4111419,1
cycle_1791212657701,pick_target,completed,,1h,1791212657.761927,1
cycle_1791212658051,pick_target,completed,,1h,1791212658.112336,1
cycle_1791212658392,pick_target,completed,,1h,1791212658.441052,1
cycle_1791212658737,pick_target,completed,,1h,1791212658.802171,1
cycle_1791212659111,pick_target,completed,,1h,1791212659.1707504,1
cycle_1791212659461,pick_target,completed,,1h,1791212659.5282762,1
cycle_1791212659804,pick_target,completed,,1h,1791212659.8607771,1
cycle_1791212660145,pick_target,completed,,1h,1791212660.2009106,1
cycle_1791212660479,pick_target,completed,,1h,1791212660.5395095,1
cycle_1791212660811,pick_target,completed,,1h,1791212660.8755345,1
cycle_1791212661141,pick_target,completed,,1h,1791212661.20288,1
cycle_1791212661471,pick_target,completed,,1h,1791212661.5309515,1
cycle_1791212661821,pick_target,completed,,1h,1791212661.8728926,1
cycle_1791212662141,pick_target,completed,,1h,1791212662.2019038,1
cycle_1791212662481,pick_target,completed,,1h,1791212662.5458848,1
cycle_1791212662811,pick_target,completed,,1h,1791212662.8727376,1
cycle_1791212663153,pick_target,completed,,1h,1791212663.2118428,1
cycle_1791212663481,pick_target,completed,,1h,1791212663.5414212,1
cycle_1791212663821,pick_target,completed,,1h,1791212663.8709939,1
cycle_1791212664254,pick_target,completed,,1h,1791212664.3178706,1
cycle_1791212664624,pick_target,completed,,1h,1791212664.6804886,1
cycle_1791212664981,pick_target,completed,,1h,1791212665.0414212,1
cycle_1791212665353,pick_target,completed,,1h,1791212665.4226217,1
cycle_1791212665711,pick_target,completed,,1h,1791212665.7720351,1
cycle_1791212666062,pick_target,completed,,1h,1791212666.121314,1
cycle_1791212666436,pick_target,completed,,1h,1791212666.4944386,1
cycle_1791212666782,pick_target,completed,,1h,1791212666.8450184,1
cycle_1791212667124,pick_target,completed,,1h,1791212667.1797569,1
cycle_1791212667472,pick_target,completed,,1h,1791212667.533512,1
cycle_1791212667813,pick_target,completed,,1h,1791212667.8718839,1
cycle_1791212668141,pick_target,completed,,1h,1791212668.2034569,1
cycle_1791212668489,pick_target,completed,,1h,1791212668.5418015,1
cycle_1791212668862,pick_target,completed,,1h,1791212668.9110534,1
cycle_1791212669222,pick_target,completed,,1h,1791212669.2814128,1
cycle_1791212669581,pick_target,completed,,1h,1791212669.6392412,1
cycle_1791212669940,pick_target,completed,,1h,1791212670.0019794,1
cycle_1791212670272,pick_target,completed,,1h,1791212670.3313549,1
cycle_1791212670602,pick_target,completed,,1h,1791212670.6601346,1
cycle_1791212670941,pick_target,completed,,1h,1791212671.0088842,1
cycle_1791212671301,pick_target,completed,,1h,1791212671.3483264,1
cycle_1791212671659,pick_target,completed,,1h,1791212671.711253,1
cycle_1791212672001,pick_target,completed,,1h,1791212672.0529974,1
cycle_1791212672320,pick_target,completed,,1h,1791212672.3825505,1
cycle_1791212672679,pick_target,completed,,1h,1791212672.7407002,1
cycle_1791212673041,pick_target,completed,,1h,1791212673.0936518,1
cycle_1791212673359,pick_target,completed,,1h,1791212673.4236088,1
cycle_1791212673690,pick_target,completed,,1h,1791212673.7410898,1
cycle_1791212674040,pick_target,completed,,1h,1791212674.090754,1
cycle_1791212674363,pick_target,completed,,1h,1791212674.416834,1
cycle_1791212674698,pick_target,completed,,1h,1791212674.7537255,1
cycle_1791212675041,pick_target,completed,,1h,1791212675.0903697,1
cycle_1791212675361,pick_target,completed,,1h,1791212675.4200244,1
cycle_1791212675692,pick_target,completed,,1h,1791212675.7530227,1
cycle_1791212676031,pick_target,completed,,1h,1791212676.0978777,1
cycle_1791212676361,pick_target,completed,,1h,1791212676.4219873,1
cycle_1791212676702,pick_target,completed,,1h,1791212676.7611654,1
cycle_1791212677041,pick_target,completed,,1h,1791212677.110705,1
cycle_1791212677420,pick_target,completed,,1h,1791212677.4711227,1
cycle_1791212677751,pick_target,completed,,1h,1791212677.8101637,1
cycle_1791212678103,pick_target,completed,,1h,1791212678.15319,1
cycle_1791212678441,pick_target,completed,,1h,1791212678.4918685,1
cycle_1791212678791,pick_target,completed,,1h,1791212678.8430114,1
cycle_1791212679112,pick_target,completed,,1h,1791212679.181996,1
cycle_1791212679458,pick_target,completed,,1h,1791212679.5109193,1
cycle_1791212679845,pick_target,completed,,1h,1791212679.9044247,1
cycle_1791212680182,pick_target,completed,,1h,1791212680.2434328,1
cycle_1791212680566,pick_target,completed,,1h,1791212680.6243823,1
cycle_1791212680926,pick_target,completed,,1h,1791212680.9813085,1
cycle_1791212681261,pick_target,completed,,1h,1791212681.3219252,1
cycle_1791212681606,pick_target,completed,,1h,1791212681.6622574,1
cycle_1791212681932,pick_target,completed,,1h,1791212681.9833512,1
cycle_1791212682281,pick_target,completed,,1h,1791212682.3309457,1
cycle_1791212682632,pick_target,completed,,1h,1791212682.6922548,1
cycle_1791212682972,pick_target,completed,,1h,1791212683.0338905,1
cycle_1791212683313,pick_target,completed,,1h,1791212683.369684,1
cycle_1791212683651,pick_target,completed,,1h,1791212683.7014503,1
cycle_1791212683992,pick_target,completed,,1h,1791212684.053242,1
cycle_1791212684352,pick_target,completed,,1h,1791212684.4114501,1
cycle_1791212684692,pick_target,completed,,1h,1791212684.7521393,1
cycle_1791212685049,pick_target,completed,,1h,1791212685.1018956,1
cycle_1791212685393,pick_target,completed,,1h,1791212685.445944,1
cycle_1791212685723,pick_target,completed,,1h,1791212685.781347,1
cycle_1791212686062,pick_target,completed,,1h,1791212686.1222894,1
cycle_1791212686401,pick_target,completed,,1h,1791212686.447539,1
cycle_1791212686728,pick_target,completed,,1h,1791212686.7812011,1
cycle_1791212687073,pick_target,completed,,1h,1791212687.1209908,1
cycle_1791212687391,pick_target,completed,,1h,1791212687.4516814,1
cycle_1791212687731,pick_target,completed,,1h,1791212687.799814,1
cycle_1791212688091,pick_target,completed,,1h,1791212688.1498044,1
cycle_1791212688431,pick_target,completed,,1h,1791212688.4915695,1
cycle_1791212688781,pick_target,completed,,1h,1791212688.8399765,1
cycle_1791212689141,pick_target,completed,,1h,1791212689.2007205,1
cycle_1791212689471,pick_target,completed,,1h,1791212689.520126,1
cycle_1791212689805,pick_target,completed,,1h,1791212689.873241,1
cycle_1791212690164,pick_target,completed,,1h,1791212690.2111309,1
cycle_1791212690462,pick_target,completed,,1h,1791212690.520043,1
cycle_1791212690810,pick_target,completed,,1h,1791212690.8737988,1
cycle_1791212691180,pick_target,completed,,1h,1791212691.2305734,1
cycle_1791212691494,pick_target,completed,,1h,1791212691.5441623,1
cycle_1791212691841,pick_target,completed,,1h,1791212691.9013493,1
cycle_1791212692193,pick_target,completed,,1h,1791212692.2606332,1
cycle_1791212692544,pick_target,completed,,1h,1791212692.6144946,1
cycle_1791212692922,pick_target,completed,,1h,1791212692.9802845,1
cycle_1791212693261,pick_target,completed,,1h,1791212693.3126993,1
cycle_1791212693602,pick_target,completed,,1h,1791212693.669468,1
cycle_1791212693941,pick_target,completed,,1h,1791212693.999371,1
cycle_1791212694261,pick_target,completed,,1h,1791212694.3299596,1
cycle_1791212694612,pick_target,completed,,1h,1791212694.6736782,1
cycle_1791212694971,pick_target,completed,,1h,1791212695.022378,1
cycle_1791212695332,pick_target,completed,,1h,1791212695.393732,1
cycle_1791212695661,pick_target,completed,,1h,1791212695.7105186,1
cycle_1791212695993,pick_target,completed,,1h,1791212696.0592134,1
cycle_1791212696331,pick_target,completed,,1h,1791212696.392402,1
cycle_1791212696698,pick_target,completed,,1h,1791212696.751661,1
cycle_1791212697054,pick_target,completed,,1h,1791212697.102091,1
cycle_1791212697362,pick_target,completed,,1h,1791212697.4314957,1
cycle_1791212697732,pick_target,completed,,1h,1791212697.7978747,1
cycle_1791212698090,pick_target,completed,,1h,1791212698.1506424,1
cycle_1791212698413,pick_target,completed,,1h,1791212698.473094,1
cycle_1791212698828,pick_target,completed,,1h,1791212698.8814082,1
cycle_1791212699192,pick_target,completed,,1h,1791212699.2524347,1
cycle_1791212699533,pick_target,completed,,1h,1791212699.6014297,1
cycle_1791212699889,pick_target,completed,,1h,1791212699.94335,1
cycle_1791212700212,pick_target,completed,,1h,1791212700.281635,1
cycle_1791212700551,pick_target,completed,,1h,1791212700.6121235,1
cycle_1791212700882,pick_target,completed,,1h,1791212700.943828,1
cycle_1791212701243,pick_target,completed,,1h,1791212701.291043,1
cycle_1791212701623,pick_target,completed,,1h,1791212701.6847906,1
cycle_1791212701992,pick_target,completed,,1h,1791212702.0524118,1
cycle_1791212702353,pick_target,completed,,1h,1791212702.4135115,1
cycle_1791212702681,pick_target,completed,,1h,1791212702.7422276,1
cycle_1791212703023,pick_target,completed,,1h,1791212703.0840502,1
cycle_1791212703395,pick_target,completed,,1h,1791212703.4518285,1
cycle_1791212703733,pick_target,completed,,1h,1791212703.7836235,1
cycle_1791212704172,pick_target,completed,,1h,1791212704.2520053,1
cycle_1791212704552,pick_target,completed,,1h,1791212704.6188831,1
cycle_1791212704893,pick_target,completed,,1h,1791212704.9436748,1
cycle_1791212705222,pick_target,completed,,1h,1791212705.2892892,1
cycle_1791212705571,pick_target,completed,,1h,1791212705.6316013,1
cycle_1791212705922,pick_target,completed,,1h,1791212705.9856367,1
cycle_1791212706283,pick_target,completed,,1h,1791212706.3212247,1
cycle_1791212706613,pick_target,completed,,1h,1791212706.6858895,1
cycle_1791212706992,pick_target,completed,,1h,1791212707.0513322,1
cycle_1791212707311,pick_target,completed,,1h,1791212707.363709,1
cycle_1791212707633,pick_target,completed,,1h,1791212707.6915622,1
cycle_1791212707983,pick_target,completed,,1h,1791212708.0418327,1
cycle_1791212708333,pick_target,completed,,1h,1791212708.4014308,1
cycle_1791212708661,pick_target,completed,,1h,1791212708.7228127,1
cycle_1791212708991,pick_target,completed,,1h,1791212709.0421345,1
cycle_1791212709322,pick_target,completed,,1h,1791212709.3836787,1
cycle_1791212709680,pick_target,completed,,1h,1791212709.7401087,1
cycle_1791212710043,pick_target,completed,,1h,1791212710.1013799,1
cycle_1791212710393,pick_target,completed,,1h,1791212710.4422083,1
cycle_1791212710742,pick_target,completed,,1h,1791212710.792067,1
cycle_1791212711062,pick_target,completed,,1h,1791212711.1231582,1
cycle_1791212711411,pick_target,completed,,1h,1791212711.463874,1
cycle_1791212711750,pick_target,completed,,1h,1791212711.8124864,1
cycle_1791212712111,pick_target,completed,,1h,1791212712.1622043,1
cycle_1791212712442,pick_target,completed,,1h,1791212712.5001488,1
cycle_1791212712772,pick_target,completed,,1h,1791212712.8155043,1
cycle_1791212713091,pick_target,completed,,1h,1791212713.152039,1
cycle_1791212713442,pick_target,completed,,1h,1791212713.5024846,1
cycle_1791212713782,pick_target,completed,,1h,1791212713.8705027,1
cycle_1791212714162,pick_target,completed,,1h,1791212714.2232118,1
cycle_1791212714522,pick_target,completed,,1h,1791212714.5819025,1
cycle_1791212714891,pick_target,completed,,1h,1791212714.9418097,1
cycle_1791212715282,pick_target,completed,,1h,1791212715.3316736,1
cycle_1791212715633,pick_target,completed,,1h,1791212715.697464,1
cycle_1791212715986,pick_target,completed,,1h,1791212716.0491674,1
cycle_1791212716311,pick_target,completed,,1h,1791212716.3712866,1
cycle_1791212716672,pick_target,completed,,1h,1791212716.731849,1
cycle_1791212717022,pick_target,completed,,1h,1791212717.0824726,1
cycle_1791212717363,pick_target,completed,,1h,1791212717.4172096,1
cycle_1791212717708,pick_target,completed,,1h,1791212717.7634652,1
cycle_1791212718043,pick_target,completed,,1h,1791212718.1025949,1
cycle_1791212718403,pick_target,completed,,1h,1791212718.4544597,1
cycle_1791212718732,pick_target,completed,,1h,1791212718.7909276,1
cycle_1791212719092,pick_target,completed,,1h,1791212719.1487248,1
cycle_1791212719437,pick_target,completed,,1h,1791212719.4925814,1
cycle_1791212719784,pick_target,completed,,1h,1791212719.8949463,1
cycle_1791212720224,pick_target,completed,,1h,1791212720.2863722,1
cycle_1791212720591,pick_target,completed,,1h,1791212720.6526718,1
cycle_1791212720940,pick_target,completed,,1h,1791212720.9919205,1
cycle_1791212721263,pick_target,completed,,1h,1791212721.3299315,1
cycle_1791212721611,pick_target,completed,,1h,1791212721.662229,1
cycle_1791212721942,pick_target,completed,,1h,1791212722.0029917,1
cycle_1791212722293,pick_target,completed,,1h,1791212722.3525221,1
cycle_1791212722642,pick_target,completed,,1h,1791212722.7015574,1
cycle_1791212722993,pick_target,completed,,1h,1791212723.0527692,1
cycle_1791212723334,pick_target,completed,,1h,1791212723.3814876,1
cycle_1791212723685,pick_target,completed,,1h,1791212723.7434092,1
cycle_1791212724012,pick_target,completed,,1h,1791212724.0721676,1
cycle_1791212724373,pick_target,completed,,1h,1791212724.4318774,1
cycle_1791212724732,pick_target,completed,,1h,1791212724.8219342,1
cycle_1791212725101,pick_target,completed,,1h,1791212725.1635494,1
cycle_1791212725433,pick_target,completed,,1h,1791212725.4813318,1
cycle_1791212725764,pick_target,completed,,1h,1791212725.8213296,1
cycle_1791212726099,pick_target,completed,,1h,1791212726.1558363,1
cycle_1791212726442,pick_target,completed,,1h,1791212726.5065775,1
cycle_1791212726801,pick_target,completed,,1h,1791212726.8756707,1
cycle_1791212727153,pick_target,completed,,1h,1791212727.2065058,1
cycle_1791212727481,pick_target,completed,,1h,1791212727.550179,1
cycle_1791212727841,pick_target,completed,,1h,1791212727.9023063,1
cycle_1791212728198,pick_target,completed,,1h,1791212728.2510018,1
cycle_1791212728527,pick_target,completed,,1h,1791212728.592065,1
cycle_1791212728932,pick_target,completed,,1h,1791212728.981021,1
cycle_1791212729251,pick_target,completed,,1h,1791212729.3171885,1
cycle_1791212729652,pick_target,completed,,1h,1791212729.703701,1
cycle_1791212730002,pick_target,completed,,1h,1791212730.0618093,1
cycle_1791212730365,pick_target,completed,,1h,1791212730.4147916,1
cycle_1791212730700,pick_target,completed,,1h,1791212730.7511678,1
cycle_1791212731050,pick_target,completed,,1h,1791212731.105707,1
cycle_1791212731419,pick_target,completed,,1h,1791212731.4743388,1
cycle_1791212731761,pick_target,completed,,1h,1791212731.8101237,1
cycle_1791212732100,pick_target,completed,,1h,1791212732.151323,1
cycle_1791212732441,pick_target,completed,,1h,1791212732.4923,1
cycle_1791212732782,pick_target,completed,,1h,1791212732.8409145,1
cycle_1791212733132,pick_target,completed,,1h,1791212733.1820424,1
cycle_1791212733470,pick_target,completed,,1h,1791212733.5218441,1
cycle_1791212733801,pick_target,completed,,1h,1791212733.8741214,1
cycle_1791212734151,pick_target,completed,,1h,1791212734.2107418,1
cycle_1791212734481,pick_target,completed,,1h,1791212734.5426526,1
cycle_1791212734813,pick_target,completed,,1h,1791212734.873467,1
cycle_1791212735160,pick_target,completed,,1h,1791212735.2114713,1
cycle_1791212735521,pick_target,completed,,1h,1791212735.5661275,1
cycle_1791212735847,pick_target,completed,,1h,1791212735.9022782,1
cycle_1791212736182,pick_target,completed,,1h,1791212736.2514355,1
cycle_1791212736562,pick_target,completed,,1h,1791212736.6111944,1
cycle_1791212736913,pick_target,completed,,1h,1791212736.972481,1
cycle_1791212737251,pick_target,completed,,1h,1791212737.313983,1
cycle_1791212737602,pick_target,completed,,1h,1791212737.6618276,1
cycle_1791212737970,pick_target,completed,,1h,1791212738.0225165,1
cycle_1791212738302,pick_target,completed,,1h,1791212738.3623395,1
cycle_1791212738641,pick_target,completed,,1h,1791212738.7027397,1
cycle_1791212738983,pick_target,completed,,1h,1791212739.0342865,1
cycle_1791212739300,pick_target,completed,,1h,1791212739.351248,1
cycle_1791212739652,pick_target,completed,,1h,1791212739.7017856,1
cycle_1791212739983,pick_target,completed,,1h,1791212740.042062,1
cycle_1791212740324,pick_target,completed,,1h,1791212740.3907423,1
cycle_1791212740674,pick_target,completed,,1h,1791212740.7226975,1
cycle_1791212741002,pick_target,completed,,1h,1791212741.0618398,1
cycle_1791212741343,pick_target,completed,,1h,1791212741.4013093,1
cycle_1791212741712,pick_target,completed,,1h,1791212741.7612443,1
cycle_1791212742041,pick_target,completed,,1h,1791212742.1071594,1
cycle_1791212742372,pick_target,completed,,1h,1791212742.4258149,1
cycle_1791212742701,pick_target,completed,,1h,1791212742.7606332,1
cycle_1791212743036,pick_target,completed,,1h,1791212743.0917087,1
cycle_1791212743381,pick_target,completed,,1h,1791212743.4417768,1
cycle_1791212743722,pick_target,completed,,1h,1791212743.7902336,1
cycle_1791212744062,pick_target,completed,,1h,1791212744.1116726,1
cycle_1791212744402,pick_target,completed,,1h,1791212744.462332,1
cycle_1791212744759,pick_target,completed,,1h,1791212744.8109748,1
cycle_1791212745093,pick_target,completed,,1h,1791212745.1606266,1
cycle_1791212745431,pick_target,completed,,1h,1791212745.501501,1
cycle_1791212745801,pick_target,completed,,1h,1791212745.874577,1
cycle_1791212746156,pick_target,completed,,1h,1791212746.2126324,1
cycle_1791212746510,pick_target,completed,,1h,1791212746.5680788,1
cycle_1791212746831,pick_target,completed,,1h,1791212746.892621,1
cycle_1791212747182,pick_target,completed,,1h,1791212747.2313762,1
cycle_1791212747522,pick_target,completed,,1h,1791212747.5727391,1
cycle_1791212747880,pick_target,completed,,1h,1791212747.9337962,1
cycle_1791212748210,pick_target,completed,,1h,1791212748.2656658,1
cycle_1791212748572,pick_target,completed,,1h,1791212748.6311102,1
cycle_1791212748922,pick_target,completed,,1h,1791212748.9908729,1
cycle_1791212749263,pick_target,completed,,1h,1791212749.3219323,1
cycle_1791212749603,pick_target,completed,,1h,1791212749.6619167,1
cycle_1791212749964,pick_target,completed,,1h,1791212750.0145504,1
cycle_1791212750302,pick_target,completed,,1h,1791212750.3709025,1
cycle_1791212750654,pick_target,completed,,1h,1791212750.7250106,1
cycle_1791212751003,pick_target,completed,,1h,1791212751.0703504,1
cycle_1791212751343,pick_target,completed,,1h,1791212751.4018056,1
cycle_1791212751694,pick_target,completed,,1h,1791212751.7528615,1
cycle_1791212752053,pick_target,completed,,1h,1791212752.11173,1
cycle_1791212752390,pick_target,completed,,1h,1791212752.4425719,1
cycle_1791212752743,pick_target,completed,,1h,1791212752.8021421,1
cycle_1791212753092,pick_target,completed,,1h,1791212753.152203,1
cycle_1791212753421,pick_target,completed,,1h,1791212753.4728863,1
cycle_1791212753762,pick_target,completed,,1h,1791212753.8234766,1
cycle_1791212754104,pick_target,completed,,1h,1791212754.1545026,1
cycle_1791212754432,pick_target,completed,,1h,1791212754.491607,1
cycle_1791212754772,pick_target,completed,,1h,1791212754.832305,1
cycle_1791212755133,pick_target,completed,,1h,1791212755.193112,1
cycle_1791212755477,pick_target,completed,,1h,1791212755.532228,1
cycle_1791212755814,pick_target,completed,,1h,1791212755.8751245,1
cycle_1791212756154,pick_target,completed,,1h,1791212756.2267306,1
cycle_1791212756525,pick_target,completed,,1h,1791212756.583725,1
cycle_1791212756876,pick_target,completed,,1h,1791212756.9317572,1
cycle_1791212757223,pick_target,completed,,1h,1791212757.2840626,1
cycle_1791212757562,pick_target,completed,,1h,1791212757.6237059,1
cycle_1791212757923,pick_target,completed,,1h,1791212757.987356,1
cycle_1791212758275,pick_target,completed,,1h,1791212758.3428261,1
cycle_1791212758643,pick_target,completed,,1h,1791212758.73793,1
cycle_1791212759038,pick_target,completed,,1h,1791212759.0919166,1
cycle_1791212759372,pick_target,completed,,1h,1791212759.4321356,1
cycle_1791212759713,pick_target,completed,,1h,1791212759.7730284,1
cycle_1791212760074,pick_target,completed,,1h,1791212760.1320233,1
cycle_1791212760428,pick_target,completed,,1h,1791212760.4819586,1
cycle_1791212760761,pick_target,completed,,1h,1791212760.812357,1
cycle_1791212761092,pick_target,completed,,1h,1791212761.151152,1
cycle_1791212761433,pick_target,completed,,1h,1791212761.4811563,1
cycle_1791212761752,pick_target,completed,,1h,1791212761.8222625,1
cycle_1791212762092,pick_target,completed,,1h,1791212762.159799,1
cycle_1791212762436,pick_target,completed,,1h,1791212762.4979496,1
cycle_1791212762771,pick_target,completed,,1h,1791212762.840801,1
cycle_1791212763130,pick_target,completed,,1h,1791212763.192817,1
cycle_1791212763490,pick_target,completed,,1h,1791212763.542701,1
cycle_1791212763823,pick_target,completed,,1h,1791212763.8830893,1
cycle_1791212764164,pick_target,completed,,1h,1791212764.2241185,1
cycle_1791212764512,pick_target,completed,,1h,1791212764.5608768,1
cycle_1791212764823,pick_target,completed,,1h,1791212764.8774526,1
cycle_1791212765145,pick_target,completed,,1h,1791212765.1988924,1
cycle_1791212765474,pick_target,completed,,1h,1791212765.5327244,1
cycle_1791212765793,pick_target,completed,,1h,1791212765.8646884,1
cycle_1791212766141,pick_target,completed,,1h,1791212766.2083747,1
cycle_1791212766481,pick_target,completed,,1h,1791212766.5429878,1
cycle_1791212766842,pick_target,completed,,1h,1791212766.9027603,1
cycle_1791212767183,pick_target,completed,,1h,1791212767.2417126,1
cycle_1791212767533,pick_target,completed,,1h,1791212767.5825663,1
cycle_1791212767877,pick_target,completed,,1h,1791212767.9324677,1
cycle_1791212768212,pick_target,completed,,1h,1791212768.2885818,1
cycle_1791212768581,pick_target,completed,,1h,1791212768.6412082,1
cycle_1791212768922,pick_target,completed,,1h,1791212768.9748476,1
cycle_1791212769233,pick_target,completed,,1h,1791212769.2921739,1
cycle_1791212769573,pick_target,completed,,1h,1791212769.6334283,1
cycle_1791212769922,pick_target,completed,,1h,1791212769.98129,1
cycle_1791212770252,pick_target,completed,,1h,1791212770.3122787,1
cycle_1791212770601,pick_target,completed,,1h,1791212770.6753824,1
cycle_1791212770961,pick_target,completed,,1h,1791212771.022937,1
cycle_1791212771302,pick_target,completed,,1h,1791212771.3618445,1
cycle_1791212771702,pick_target,completed,,1h,1791212771.7623777,1
cycle_1791212772050,pick_target,completed,,1h,1791212772.1013465,1
cycle_1791212772382,pick_target,completed,,1h,1791212772.4369807,1
cycle_1791212772714,pick_target,completed,,1h,1791212772.7732205,1
cycle_1791212773052,pick_target,completed,,1h,1791212773.1127682,1
cycle_1791212773384,pick_target,completed,,1h,1791212773.440991,1
cycle_1791212773711,pick_target,completed,,1h,1791212773.773446,1
cycle_1791212774052,pick_target,completed,,1h,1791212774.1133785,1
cycle_1791212774395,pick_target,completed,,1h,1791212774.4593718,1
cycle_1791212774760,pick_target,completed,,1h,1791212774.8137708,1
cycle_1791212775092,pick_target,completed,,1h,1791212775.1412098,1
cycle_1791212775421,pick_target,completed,,1h,1791212775.4736154,1
cycle_1791212775753,pick_target,completed,,1h,1791212775.8083723,1
cycle_1791212776112,pick_target,completed,,1h,1791212776.1732426,1
cycle_1791212776481,pick_target,completed,,1h,1791212776.542415,1
cycle_1791212776812,pick_target,completed,,1h,1791212776.8743706,1
cycle_1791212777172,pick_target,completed,,1h,1791212777.234127,1
cycle_1791212777522,pick_target,completed,,1h,1791212777.5818028,1
cycle_1791212777873,pick_target,completed,,1h,1791212777.921061,1
cycle_1791212778191,pick_target,completed,,1h,1791212778.268201,1
cycle_1791212778553,pick_target,completed,,1h,1791212778.6033733,1
cycle_1791212778890,pick_target,completed,,1h,1791212778.942867,1
cycle_1791212779232,pick_target,completed,,1h,1791212779.3010094,1
cycle_1791212779591,pick_target,completed,,1h,1791212779.6423163,1
cycle_1791212779948,pick_target,completed,,1h,1791212779.9974535,1
cycle_1791212780262,pick_target,completed,,1h,1791212780.3243885,1
cycle_1791212780601,pick_target,completed,,1h,1791212780.662396,1
cycle_1791212780973,pick_target,completed,,1h,1791212781.0329564,1
cycle_1791212781312,pick_target,completed,,1h,1791212781.3858728,1
cycle_1791212781661,pick_target,completed,,1h,1791212781.7249224,1
cycle_1791212782002,pick_target,completed,,1h,1791212782.0631173,1
cycle_1791212782343,pick_target,completed,,1h,1791212782.392846,1
cycle_1791212782682,pick_target,completed,,1h,1791212782.7415686,1
cycle_1791212783032,pick_target,completed,,1h,1791212783.0931108,1
cycle_1791212783352,pick_target,completed,,1h,1791212783.4095094,1
cycle_1791212783692,pick_target,completed,,1h,1791212783.756,1
cycle_1791212784067,pick_target,completed,,1h,1791212784.1263914,1
cycle_1791212784412,pick_target,completed,,1h,1791212784.4738016,1
cycle_1791212784779,pick_target,completed,,1h,1791212784.832598,1
cycle_1791212785112,pick_target,completed,,1h,1791212785.1716688,1
cycle_1791212785452,pick_target,completed,,1h,1791212785.512346,1
cycle_1791212785794,pick_target,completed,,1h,1791212785.843097,1
cycle_1791212786122,pick_target,completed,,1h,1791212786.181164,1
cycle_1791212786452,pick_target,completed,,1h,1791212786.5131066,1
cycle_1791212786802,pick_target,completed,,1h,1791212786.8641741,1
cycle_1791212787142,pick_target,completed,,1h,1791212787.2014942,1
cycle_1791212787494,pick_target,completed,,1h,1791212787.5522916,1
cycle_1791212787872,pick_target,completed,,1h,1791212787.9427428,1
cycle_1791212788212,pick_target,completed,,1h,1791212788.2746222,1
cycle_1791212788542,pick_target,completed,,1h,1791212788.6012123,1
cycle_1791212788943,pick_target,completed,,1h,1791212789.002666,1
cycle_1791212789282,pick_target,completed,,1h,1791212789.333136,1
cycle_1791212789613,pick_target,completed,,1h,1791212789.672935,1
cycle_1791212790015,pick_target,completed,,1h,1791212790.0657148,1
cycle_1791212790354,pick_target,completed,,1h,1791212790.4133015,1
cycle_1791212790730,pick_target,completed,,1h,1791212790.8048277,1
cycle_1791212791082,pick_target,completed,,1h,1791212791.142121,1
cycle_1791212791433,pick_target,completed,,1h,1791212791.4995718,1
cycle_1791212791783,pick_target,completed,,1h,1791212791.8333213,1
cycle_1791212792123,pick_target,completed,,1h,1791212792.1830285,1
cycle_1791212792464,pick_target,completed,,1h,1791212792.5229194,1
cycle_1791212792794,pick_target,completed,,1h,1791212792.867651,1
cycle_1791212793164,pick_target,completed,,1h,1791212793.2230113,1
cycle_1791212793522,pick_target,completed,,1h,1791212793.5811899,1
cycle_1791212793923,pick_target,completed,,1h,1791212793.9848616,1
cycle_1791212794273,pick_target,completed,,1h,1791212794.323843,1
cycle_1791212794633,pick_target,completed,,1h,1791212794.693237,1
cycle_1791212794993,pick_target,completed,,1h,1791212795.0547626,1
cycle_1791212795343,pick_target,completed,,1h,1791212795.4030104,1
cycle_1791212795701,pick_target,completed,,1h,1791212795.770584,1
cycle_1791212796043,pick_target,completed,,1h,1791212796.1037173,1
cycle_1791212796383,pick_target,completed,,1h,1791212796.445947,1
cycle_1791212796734,pick_target,completed,,1h,1791212796.7943156,1
cycle_1791212797074,pick_target,completed,,1h,1791212797.132062,1
cycle_1791212797431,pick_target,completed,,1h,1791212797.4828951,1
cycle_1791212797783,pick_target,completed,,1h,1791212797.84214,1
cycle_1791212798123,pick_target,completed,,1h,1791212798.1833732,1
cycle_1791212798481,pick_target,completed,,1h,1791212798.5321302,1
cycle_1791212798842,pick_target,completed,,1h,1791212798.903389,1
cycle_1791212799172,pick_target,completed,,1h,1791212799.2220993,1
cycle_1791212799502,pick_target,completed,,1h,1791212799.5616035,1
cycle_1791212799863,pick_target,completed,,1h,1791212799.9112365,1
cycle_1791212800182,pick_target,completed,,1h,1791212800.2422557,1
cycle_1791212800550,pick_target,completed,,1h,1791212800.6034255,1
cycle_1791212800874,pick_target,completed,,1h,1791212800.9329078,1
cycle_1791212801224,pick_target,completed,,1h,1791212801.2857194,1
cycle_1791212801572,pick_target,completed,,1h,1791212801.6344464,1
cycle_1791212801932,pick_target,completed,,1h,1791212801.993229,1
cycle_1791212802283,pick_target,completed,,1h,1791212802.342496,1
cycle_1791212802635,pick_target,completed,,1h,1791212802.691953,1
cycle_1791212802992,pick_target,completed,,1h,1791212803.0517514,1
cycle_1791212803345,pick_target,completed,,1h,1791212803.395424,1
cycle_1791212803674,pick_target,completed,,1h,1791212803.733104,1
cycle_1791212804041,pick_target,completed,,1h,1791212804.1045475,1
cycle_1791212804392,pick_target,completed,,1h,1791212804.4419637,1
cycle_1791212804733,pick_target,completed,,1h,1791212804.7959485,1
cycle_1791212805131,pick_target,completed,,1h,1791212805.18237,1
cycle_1791212805463,pick_target,completed,,1h,1791212805.5220356,1
cycle_1791212805813,pick_target,completed,,1h,1791212805.8750455,1
cycle_1791212806142,pick_target,completed,,1h,1791212806.2026227,1
cycle_1791212806473,pick_target,completed,,1h,1791212806.5323157,1
cycle_1791212806897,pick_target,completed,,1h,1791212806.9522345,1
cycle_1791212807219,pick_target,completed,,1h,1791212807.271925,1
cycle_1791212807545,pick_target,completed,,1h,1791212807.602599,1
cycle_1791212807881,pick_target,completed,,1h,1791212807.943691,1
cycle_1791212808240,pick_target,completed,,1h,1791212808.292535,1
cycle_1791212808584,pick_target,completed,,1h,1791212808.6311388,1
cycle_1791212808934,pick_target,completed,,1h,1791212808.9941044,1
cycle_1791212809262,pick_target,completed,,1h,1791212809.3115346,1
cycle_1791212809583,pick_target,completed,,1h,1791212809.6431527,1
cycle_1791212809933,pick_target,completed,,1h,1791212809.9848635,1
cycle_1791212810243,pick_target,completed,,1h,1791212810.3100743,1
cycle_1791212810591,pick_target,completed,,1h,1791212810.6538258,1
cycle_1791212810962,pick_target,completed,,1h,1791212811.022998,1
cycle_1791212811313,pick_target,completed,,1h,1791212811.3622656,1
cycle_1791212811632,pick_target,completed,,1h,1791212811.6952069,1
cycle_1791212811971,pick_target,completed,,1h,1791212812.030114,1
cycle_1791212812303,pick_target,completed,,1h,1791212812.3697808,1
cycle_1791212812642,pick_target,completed,,1h,1791212812.701151,1
cycle_1791212812982,pick_target,completed,,1h,1791212813.044309,1
cycle_1791212813355,pick_target,completed,,1h,1791212813.4003751,1
cycle_1791212813673,pick_target,completed,,1h,1791212813.839968,1
cycle_1791212814155,pick_target,completed,,1h,1791212814.2048671,1
cycle_1791212814492,pick_target,completed,,1h,1791212814.5529592,1
cycle_1791212814864,pick_target,completed,,1h,1791212814.911516,1
cycle_1791212815181,pick_target,completed,,1h,1791212815.2338245,1
cycle_1791212815533,pick_target,completed,,1h,1791212815.6016643,1
cycle_1791212815875,pick_target,completed,,1h,1791212815.921732,1
cycle_1791212816192,pick_target,completed,,1h,1791212816.2525237,1
cycle_1791212816540,pick_target,completed,,1h,1791212816.5997398,1
cycle_1791212816890,pick_target,completed,,1h,1791212816.9418976,1
cycle_1791212817250,pick_target,completed,,1h,1791212817.31016,1
cycle_1791212817603,pick_target,completed,,1h,1791212817.6519914,1
cycle_1791212817935,pick_target,completed,,1h,1791212817.9930892,1
cycle_1791212818272,pick_target,completed,,1h,1791212818.3226006,1
cycle_1791212818593,pick_target,completed,,1h,1791212818.6514459,1
cycle_1791212819032,pick_target,completed,,1h,1791212819.0935965,1
cycle_1791212819362,pick_target,completed,,1h,1791212819.4209151,1
cycle_1791212819693,pick_target,completed,,1h,1791212819.7524998,1
cycle_1791212820033,pick_target,completed,,1h,1791212820.1026955,1
cycle_1791212820402,pick_target,completed,,1h,1791212820.4630241,1
cycle_1791212820756,pick_target,completed,,1h,1791212820.813585,1
cycle_1791212821103,pick_target,completed,,1h,1791212821.1524582,1
cycle_1791212821433,pick_target,completed,,1h,1791212821.492195,1
cycle_1791212821784,pick_target,completed,,1h,1791212821.8415153,1
cycle_1791212822130,pick_target,completed,,1h,1791212822.182274,1
cycle_1791212822454,pick_target,completed,,1h,1791212822.5153368,1
cycle_1791212822802,pick_target,completed,,1h,1791212822.8752966,1
cycle_1791212823155,pick_target,completed,,1h,1791212823.2028704,1
cycle_1791212823490,pick_target,completed,,1h,1791212823.542854,1
cycle_1791212823814,pick_target,completed,,1h,1791212823.8750176,1
cycle_1791212824159,pick_target,completed,,1h,1791212824.211143,1
cycle_1791212824482,pick_target,completed,,1h,1791212824.542028,1
cycle_1791212824862,pick_target,completed,,1h,1791212824.9195921,1
cycle_1791212825192,pick_target,completed,,1h,1791212825.2524955,1
cycle_1791212825542,pick_target,completed,,1h,1791212825.603273,1
cycle_1791212826181,pick_target,completed,,1h,1791212826.2326834,1
cycle_1791212826552,pick_target,completed,,1h,1791212826.6232388,1
cycle_1791212826882,pick_target,completed,,1h,1791212826.942329,1
cycle_1791212827233,pick_target,completed,,1h,1791212827.2924392,1
cycle_1791212827583,pick_target,completed,,1h,1791212827.642226,1
cycle_1791212827912,pick_target,completed,,1h,1791212827.9713974,1
cycle_1791212828242,pick_target,completed,,1h,1791212828.291384,1
cycle_1791212828573,pick_target,completed,,1h,1791212828.639523,1
cycle_1791212828923,pick_target,completed,,1h,1791212828.9737687,1
cycle_1791212829263,pick_target,completed,,1h,1791212829.3221488,1
cycle_1791212829592,pick_target,completed,,1h,1791212829.6600313,1
cycle_1791212829933,pick_target,completed,,1h,1791212829.9931195,1
cycle_1791212830264,pick_target,completed,,1h,1791212830.3111808,1
cycle_1791212830602,pick_target,completed,,1h,1791212830.666948,1
cycle_1791212830950,pick_target,completed,,1h,1791212831.0169075,1
cycle_1791212831263,pick_target,completed,,1h,1791212831.3223917,1
cycle_1791212831634,pick_target,completed,,1h,1791212831.6837225,1
cycle_1791212831982,pick_target,completed,,1h,1791212832.041739,1
cycle_1791212832318,pick_target,completed,,1h,1791212832.3645666,1
cycle_1791212832642,pick_target,completed,,1h,1791212832.7028983,1
cycle_1791212832982,pick_target,completed,,1h,1791212833.031432,1
cycle_1791212833307,pick_target,completed,,1h,1791212833.387358,1
cycle_1791212833673,pick_target,completed,,1h,1791212833.7331574,1
cycle_1791212834001,pick_target,completed,,1h,1791212834.0635154,1
cycle_1791212834332,pick_target,completed,,1h,1791212834.393923,1
cycle_1791212834691,pick_target,completed,,1h,1791212834.7734811,1
cycle_1791212835049,pick_target,completed,,1h,1791212835.1020792,1
cycle_1791212835372,pick_target,completed,,1h,1791212835.4330983,1
cycle_1791212835721,pick_target,completed,,1h,1791212835.7720387,1
cycle_1791212836059,pick_target,completed,,1h,1791212836.1076288,1
cycle_1791212836372,pick_target,completed,,1h,1791212836.4330637,1
cycle_1791212836722,pick_target,completed,,1h,1791212836.7717795,1
cycle_1791212837052,pick_target,completed,,1h,1791212837.1127932,1
cycle_1791212837392,pick_target,completed,,1h,1791212837.4527671,1
cycle_1791212837737,pick_target,completed,,1h,1791212837.7874477,1
cycle_1791212838081,pick_target,completed,,1h,1791212838.132655,1
cycle_1791212838414,pick_target,completed,,1h,1791212838.4817507,1
cycle_1791212838762,pick_target,completed,,1h,1791212838.8220868,1
cycle_1791212839113,pick_target,completed,,1h,1791212839.1737828,1
cycle_1791212839482,pick_target,completed,,1h,1791212839.5318503,1
cycle_1791212839826,pick_target,completed,,1h,1791212839.8820703,1
cycle_1791212840142,pick_target,completed,,1h,1791212840.2020068,1
cycle_1791212840483,pick_target,completed,,1h,1791212840.5425966,1
cycle_1791212840833,pick_target,completed,,1h,1791212840.8919175,1
cycle_1791212841161,pick_target,completed,,1h,1791212841.212754,1
cycle_1791212841502,pick_target,completed,,1h,1791212841.5625381,1
cycle_1791212841833,pick_target,completed,,1h,1791212841.8917944,1
cycle_1791212842173,pick_target,completed,,1h,1791212842.2479177,1
cycle_1791212842543,pick_target,completed,,1h,1791212842.6023579,1
cycle_1791212842903,pick_target,completed,,1h,1791212842.9528172,1
cycle_1791212843223,pick_target,completed,,1h,1791212843.282175,1
cycle_1791212843580,pick_target,completed,,1h,1791212843.6332324,1
cycle_1791212843940,pick_target,completed,,1h,1791212843.993778,1
cycle_1791212844293,pick_target,completed,,1h,1791212844.3534858,1
cycle_1791212844624,pick_target,completed,,1h,1791212844.683538,1
cycle_1791212844991,pick_target,completed,,1h,1791212845.0439236,1
cycle_1791212845333,pick_target,completed,,1h,1791212845.4014025,1
cycle_1791212845703,pick_target,completed,,1h,1791212845.8010437,1
cycle_1791212846142,pick_target,completed,,1h,1791212846.2076375,1
cycle_1791212846532,pick_target,completed,,1h,1791212846.5857897,1
cycle_1791212846844,pick_target,completed,,1h,1791212846.9025009,1
cycle_1791212847184,pick_target,completed,,1h,1791212847.2444847,1
cycle_1791212847554,pick_target,completed,,1h,1791212847.6027787,1
cycle_1791212847894,pick_target,completed,,1h,1791212847.9439516,1
cycle_1791212848243,pick_target,completed,,1h,1791212848.3034987,1
cycle_1791212848574,pick_target,completed,,1h,1791212848.6338227,1
cycle_1791212848989,pick_target,completed,,1h,1791212849.0436711,1
cycle_1791212849324,pick_target,completed,,1h,1791212849.383388,1
cycle_1791212849663,pick_target,completed,,1h,1791212849.7129374,1
cycle_1791212850003,pick_target,completed,,1h,1791212850.0562236,1
cycle_1791212850354,pick_target,completed,,1h,1791212850.4132485,1
cycle_1791212850703,pick_target,completed,,1h,1791212850.763379,1
cycle_1791212851052,pick_target,completed,,1h,1791212851.1039443,1
cycle_1791212851383,pick_target,completed,,1h,1791212851.4433334,1
cycle_1791212851734,pick_target,completed,,1h,1791212851.7929602,1
cycle_1791212852074,pick_target,completed,,1h,1791212852.1231356,1
cycle_1791212852414,pick_target,completed,,1h,1791212852.473417,1
cycle_1791212852764,pick_target,completed,,1h,1791212852.8155708,1
cycle_1791212853113,pick_target,completed,,1h,1791212853.172301,1
cycle_1791212853442,pick_target,completed,,1h,1791212853.4923105,1
cycle_1791212853773,pick_target,completed,,1h,1791212853.8320663,1
cycle_1791212854112,pick_target,completed,,1h,1791212854.1790013,1
cycle_1791212854456,pick_target,completed,,1h,1791212854.513071,1
cycle_1791212854792,pick_target,completed,,1h,1791212854.8653426,1
cycle_1791212855142,pick_target,completed,,1h,1791212855.2042477,1
cycle_1791212855523,pick_target,completed,,1h,1791212855.582246,1
cycle_1791212855876,pick_target,completed,,1h,1791212855.9341888,1
cycle_1791212856225,pick_target,completed,,1h,1791212856.2843363,1
cycle_1791212856563,pick_target,completed,,1h,1791212856.612724,1
cycle_1791212856903,pick_target,completed,,1h,1791212856.952061,1
cycle_1791212857243,pick_target,completed,,1h,1791212857.306714,1
cycle_1791212857633,pick_target,completed,,1h,1791212857.6839993,1
cycle_1791212857983,pick_target,completed,,1h,1791212858.0410712,1
cycle_1791212858314,pick_target,completed,,1h,1791212858.365739,1
cycle_1791212858643,pick_target,completed,,1h,1791212858.7033093,1
cycle_1791212858993,pick_target,completed,,1h,1791212859.0548713,1
cycle_1791212859343,pick_target,completed,,1h,1791212859.4028738,1
cycle_1791212859702,pick_target,completed,,1h,1791212859.7608395,1
cycle_1791212860035,pick_target,completed,,1h,1791212860.0918536,1
cycle_1791212860372,pick_target,completed,,1h,1791212860.4324248,1
cycle_1791212860723,pick_target,completed,,1h,1791212860.7842934,1
cycle_1791212861063,pick_target,completed,,1h,1791212861.12309,1
cycle_1791212861384,pick_target,completed,,1h,1791212861.443748,1
cycle_1791212861723,pick_target,completed,,1h,1791212861.782747,1
cycle_1791212862064,pick_target,completed,,1h,1791212862.1155648,1
cycle_1791212862410,pick_target,completed,,1h,1791212862.4630983,1
cycle_1791212862744,pick_target,completed,,1h,1791212862.8027177,1
cycle_1791212863122,pick_target,completed,,1h,1791212863.1723778,1
cycle_1791212863455,pick_target,completed,,1h,1791212863.5138965,1
cycle_1791212863793,pick_target,completed,,1h,1791212863.8648567,1
cycle_1791212864142,pick_target,completed,,1h,1791212864.2017908,1
cycle_1791212864482,pick_target,completed,,1h,1791212864.5408773,1
cycle_1791212864823,pick_target,completed,,1h,1791212864.8891854,1
cycle_1791212865173,pick_target,completed,,1h,1791212865.234491,1
cycle_1791212865534,pick_target,completed,,1h,1791212865.5955658,1
cycle_1791212865892,pick_target,completed,,1h,1791212865.9621656,1
cycle_1791212866240,pick_target,completed,,1h,1791212866.2929025,1
cycle_1791212866584,pick_target,completed,,1h,1791212866.6341147,1
cycle_1791212866912,pick_target,completed,,1h,1791212866.962707,1
cycle_1791212867251,pick_target,completed,,1h,1791212867.3023584,1
cycle_1791212867583,pick_target,completed,,1h,1791212867.6428401,1
cycle_1791212867932,pick_target,completed,,1h,1791212867.9894192,1
cycle_1791212868273,pick_target,completed,,1h,1791212868.336487,1
cycle_1791212868623,pick_target,completed,,1h,1791212868.6918428,1
cycle_1791212868973,pick_target,completed,,1h,1791212869.0429058,1
cycle_1791212869391,pick_target,completed,,1h,1791212869.451845,1
cycle_1791212869743,pick_target,completed,,1h,1791212869.8036988,1
cycle_1791212870104,pick_target,completed,,1h,1791212870.1631527,1
cycle_1791212870443,pick_target,completed,,1h,1791212870.502978,1
cycle_1791212870793,pick_target,completed,,1h,1791212870.861174,1
cycle_1791212871123,pick_target,completed,,1h,1791212871.1838474,1
cycle_1791212871453,pick_target,completed,,1h,1791212871.511384,1
cycle_1791212871783,pick_target,completed,,1h,1791212871.8350496,1
cycle_1791212872123,pick_target,completed,,1h,1791212872.1731029,1
cycle_1791212872470,pick_target,completed,,1h,1791212872.5310552,1
cycle_1791212872803,pick_target,completed,,1h,1791212872.863637,1
cycle_1791212873132,pick_target,completed,,1h,1791212873.1916614,1
cycle_1791212873463,pick_target,completed,,1h,1791212873.5229614,1
cycle_1791212873793,pick_target,completed,,1h,1791212873.8658848,1
cycle_1791212874143,pick_target,completed,,1h,1791212874.2015955,1
cycle_1791212874490,pick_target,completed,,1h,1791212874.5540345,1
cycle_1791212874842,pick_target,completed,,1h,1791212874.8882482,1
cycle_1791212875193,pick_target,completed,,1h,1791212875.2555237,1
cycle_1791212875555,pick_target,completed,,1h,1791212875.6146479,1
cycle_1791212875913,pick_target,completed,,1h,1791212875.973686,1
cycle_1791212876252,pick_target,completed,,1h,1791212876.3110554,1
cycle_1791212876593,pick_target,completed,,1h,1791212876.6468587,1
cycle_1791212876931,pick_target,completed,,1h,1791212876.9848216,1
cycle_1791212877293,pick_target,completed,,1h,1791212877.3536296,1
cycle_1791212877653,pick_target,completed,,1h,1791212877.7148612,1
cycle_1791212878003,pick_target,completed,,1h,1791212878.0627544,1
cycle_1791212878353,pick_target,completed,,1h,1791212878.413248,1
cycle_1791212878692,pick_target,completed,,1h,1791212878.8195722,1
cycle_1791212879104,pick_target,completed,,1h,1791212879.1629534,1
cycle_1791212879444,pick_target,completed,,1h,1791212879.503061,1
cycle_1791212879783,pick_target,completed,,1h,1791212879.8468347,1
cycle_1791212880135,pick_target,completed,,1h,1791212880.1925015,1
cycle_1791212880473,pick_target,completed,,1h,1791212880.535067,1
cycle_1791212880813,pick_target,completed,,1h,1791212880.8771482,1
cycle_1791212881153,pick_target,completed,,1h,1791212881.222061,1
cycle_1791212881493,pick_target,completed,,1h,1791212881.556098,1
cycle_1791212881834,pick_target,completed,,1h,1791212881.8927073,1
cycle_1791212882163,pick_target,completed,,1h,1791212882.2329214,1
cycle_1791212882513,pick_target,completed,,1h,1791212882.5801003,1
cycle_1791212882862,pick_target,completed,,1h,1791212882.923519,1
cycle_1791212883183,pick_target,completed,,1h,1791212883.2390492,1
cycle_1791212883512,pick_target,completed,,1h,1791212883.5728629,1
cycle_1791212883884,pick_target,completed,,1h,1791212883.9437191,1
cycle_1791212884223,pick_target,completed,,1h,1791212884.283453,1
cycle_1791212884568,pick_target,completed,,1h,1791212884.6207714,1
cycle_1791212884934,pick_target,completed,,1h,1791212884.9863803,1
cycle_1791212885263,pick_target,completed,,1h,1791212885.3238592,1
cycle_1791212885611,pick_target,completed,,1h,1791212885.6640148,1
cycle_1791212885973,pick_target,completed,,1h,1791212886.033706,1
cycle_1791212886346,pick_target,completed,,1h,1791212886.4033794,1
cycle_1791212886683,pick_target,completed,,1h,1791212886.7328892,1
cycle_1791212887013,pick_target,completed,,1h,1791212887.073164,1
cycle_1791212887363,pick_target,completed,,1h,1791212887.4232159,1
cycle_1791212887733,pick_target,completed,,1h,1791212887.8009024,1
cycle_1791212888102,pick_target,completed,,1h,1791212888.1632376,1
cycle_1791212888432,pick_target,completed,,1h,1791212888.5013742,1
cycle_1791212888775,pick_target,completed,,1h,1791212888.834475,1
cycle_1791212889113,pick_target,completed,,1h,1791212889.174047,1
cycle_1791212889463,pick_target,completed,,1h,1791212889.531187,1
cycle_1791212889803,pick_target,completed,,1h,1791212889.9077973,1
cycle_1791212890184,pick_target,completed,,1h,1791212890.2440076,1
cycle_1791212890523,pick_target,completed,,1h,1791212890.5820234,1
cycle_1791212890877,pick_target,completed,,1h,1791212890.9336085,1
cycle_1791212891222,pick_target,completed,,1h,1791212891.2827768,1
cycle_1791212891570,pick_target,completed,,1h,1791212891.6219425,1
cycle_1791212891893,pick_target,completed,,1h,1791212891.9540246,1
cycle_1791212892242,pick_target,completed,,1h,1791212892.3048985,1
cycle_1791212892583,pick_target,completed,,1h,1791212892.643588,1
cycle_1791212892942,pick_target,completed,,1h,1791212893.002372,1
cycle_1791212893283,pick_target,completed,,1h,1791212893.3340027,1
cycle_1791212893613,pick_target,completed,,1h,1791212893.6744323,1
cycle_1791212893974,pick_target,completed,,1h,1791212894.033322,1
cycle_1791212894313,pick_target,completed,,1h,1791212894.3816943,1
cycle_1791212894657,pick_target,completed,,1h,1791212894.7120183,1
cycle_1791212895006,pick_target,completed,,1h,1791212895.0724869,1
cycle_1791212895364,pick_target,completed,,1h,1791212895.4287596,1
cycle_1791212895723,pick_target,completed,,1h,1791212895.78266,1
cycle_1791212896056,pick_target,completed,,1h,1791212896.1139293,1
cycle_1791212896398,pick_target,completed,,1h,1791212896.4532988,1
cycle_1791212896713,pick_target,completed,,1h,1791212896.7731159,1
cycle_1791212897073,pick_target,completed,,1h,1791212897.1234303,1
cycle_1791212897426,pick_target,completed,,1h,1791212897.4730036,1
cycle_1791212897742,pick_target,completed,,1h,1791212897.8030052,1
cycle_1791212898107,pick_target,completed,,1h,1791212898.1635816,1
cycle_1791212898433,pick_target,completed,,1h,1791212898.4928231,1
cycle_1791212898773,pick_target,completed,,1h,1791212898.8332834,1
cycle_1791212899102,pick_target,completed,,1h,1791212899.1627755,1
cycle_1791212899436,pick_target,completed,,1h,1791212899.4830253,1
cycle_1791212899755,pick_target,completed,,1h,1791212899.813068,1
cycle_1791212900093,pick_target,completed,,1h,1791212900.1613631,1
cycle_1791212900441,pick_target,completed,,1h,1791212900.4923363,1
cycle_1791212900763,pick_target,completed,,1h,1791212900.8224766,1
cycle_1791212901103,pick_target,completed,,1h,1791212901.1637287,1
cycle_1791212901432,pick_target,completed,,1h,1791212901.4928038,1
cycle_1791212901763,pick_target,completed,,1h,1791212901.8314915,1
cycle_1791212902092,pick_target,completed,,1h,1791212902.1428623,1
cycle_1791212902704,pick_target,completed,,1h,1791212902.7714536,1
cycle_1791212903052,pick_target,completed,,1h,1791212903.10216,1
cycle_1791212903383,pick_target,completed,,1h,1791212903.4432962,1
cycle_1791212903705,pick_target,completed,,1h,1791212903.8139129,1
cycle_1791212904177,pick_target,completed,,1h,1791212904.2347474,1
cycle_1791212904533,pick_target,completed,,1h,1791212904.5969763,1
cycle_1791212904863,pick_target,completed,,1h,1791212904.9126732,1
cycle_1791212905205,pick_target,completed,,1h,1791212905.2596726,1
cycle_1791212905554,pick_target,completed,,1h,1791212905.6141357,1
cycle_1791212905885,pick_target,completed,,1h,1791212905.9442744,1
cycle_1791212906224,pick_target,completed,,1h,1791212906.2739208,1
cycle_1791212906544,pick_target,completed,,1h,1791212906.603231,1
cycle_1791212906903,pick_target,completed,,1h,1791212906.9529068,1
cycle_1791212907307,pick_target,completed,,1h,1791212907.3546107,1
cycle_1791212907661,pick_target,completed,,1h,1791212907.713622,1
cycle_1791212907995,pick_target,completed,,1h,1791212908.0472422,1
cycle_1791212908333,pick_target,completed,,1h,1791212908.3972201,1
cycle_1791212908662,pick_target,completed,,1h,1791212908.7228909,1
cycle_1791212909074,pick_target,completed,,1h,1791212909.1339536,1
cycle_1791212909433,pick_target,completed,,1h,1791212909.4838674,1
cycle_1791212909773,pick_target,completed,,1h,1791212909.822802,1
cycle_1791212910093,pick_target,completed,,1h,1791212910.1418347,1
cycle_1791212910414,pick_target,completed,,1h,1791212910.4734623,1
cycle_1791212910754,pick_target,completed,,1h,1791212910.8129275,1
cycle_1791212911083,pick_target,completed,,1h,1791212911.1433773,1
cycle_1791212911414,pick_target,completed,,1h,1791212911.4733846,1
cycle_1791212911743,pick_target,completed,,1h,1791212911.7935388,1
cycle_1791212912103,pick_target,completed,,1h,1791212912.1539552,1
cycle_1791212912433,pick_target,completed,,1h,1791212912.492945,1
cycle_1791212912773,pick_target,completed,,1h,1791212912.8337257,1
cycle_1791212913123,pick_target,completed,,1h,1791212913.1820588,1
cycle_1791212913462,pick_target,completed,,1h,1791212913.512118,1
cycle_1791212913793,pick_target,completed,,1h,1791212913.8644898,1
cycle_1791212914144,pick_target,completed,,1h,1791212914.2022219,1
cycle_1791212914501,pick_target,completed,,1h,1791212914.552608,1
cycle_1791212914866,pick_target,completed,,1h,1791212914.9262047,1
cycle_1791212915194,pick_target,completed,,1h,1791212915.2521942,1
cycle_1791212915533,pick_target,completed,,1h,1791212915.5938041,1
cycle_1791212915891,pick_target,completed,,1h,1791212915.9439466,1
cycle_1791212916231,pick_target,completed,,1h,1791212916.2912512,1
cycle_1791212916554,pick_target,completed,,1h,1791212916.6070771,1
cycle_1791212916874,pick_target,completed,,1h,1791212916.9231486,1
cycle_1791212917214,pick_target,completed,,1h,1791212917.2720659,1
cycle_1791212917533,pick_target,completed,,1h,1791212917.5929458,1
cycle_1791212917875,pick_target,completed,,1h,1791212917.9335203,1
cycle_1791212918223,pick_target,completed,,1h,1791212918.2720773,1
cycle_1791212918554,pick_target,completed,,1h,1791212918.613742,1
cycle_1791212918893,pick_target,completed,,1h,1791212918.9631634,1
cycle_1791212919238,pick_target,completed,,1h,1791212919.3258843,1
cycle_1791212919634,pick_target,completed,,1h,1791212919.6953437,1
cycle_1791212919985,pick_target,completed,,1h,1791212920.042697,1
cycle_1791212920384,pick_target,completed,,1h,1791212920.4342227,1
cycle_1791212920724,pick_target,completed,,1h,1791212920.7829206,1
cycle_1791212921072,pick_target,completed,,1h,1791212921.1244426,1
cycle_1791212921395,pick_target,completed,,1h,1791212921.446842,1
cycle_1791212921714,pick_target,completed,,1h,1791212921.7732573,1
cycle_1791212922083,pick_target,completed,,1h,1791212922.1340966,1
cycle_1791212922404,pick_target,completed,,1h,1791212922.4630198,1
cycle_1791212922752,pick_target,completed,,1h,1791212922.8037598,1
cycle_1791212923095,pick_target,completed,,1h,1791212923.1538537,1
cycle_1791212923424,pick_target,completed,,1h,1791212923.4855475,1
cycle_1791212923774,pick_target,completed,,1h,1791212923.823114,1
cycle_1791212924104,pick_target,completed,,1h,1791212924.1719475,1
cycle_1791212924445,pick_target,completed,,1h,1791212924.5035338,1
cycle_1791212924795,pick_target,completed,,1h,1791212924.8695495,1
cycle_1791212925144,pick_target,completed,,1h,1791212925.2028792,1
cycle_1791212925484,pick_target,completed,,1h,1791212925.5443282,1
cycle_1791212925824,pick_target,completed,,1h,1791212925.8850796,1
cycle_1791212926164,pick_target,completed,,1h,1791212926.2318566,1
cycle_1791212926527,pick_target,completed,,1h,1791212926.5841856,1
cycle_1791212926884,pick_target,completed,,1h,1791212926.9578836,1
cycle_1791212927236,pick_target,completed,,1h,1791212927.2931561,1
cycle_1791212927573,pick_target,completed,,1h,1791212927.6238935,1
cycle_1791212927919,pick_target,completed,,1h,1791212928.0118825,1
cycle_1791212928284,pick_target,completed,,1h,1791212928.3457916,1
cycle_1791212928624,pick_target,completed,,1h,1791212928.6917336,1
cycle_1791212928985,pick_target,completed,,1h,1791212929.0568748,1
cycle_1791212929344,pick_target,completed,,1h,1791212929.4037335,1
cycle_1791212929709,pick_target,completed,,1h,1791212929.764372,1
cycle_1791212930074,pick_target,completed,,1h,1791212930.1345475,1
cycle_1791212930432,pick_target,completed,,1h,1791212930.482902,1
cycle_1791212930774,pick_target,completed,,1h,1791212930.8362439,1
cycle_1791212931133,pick_target,completed,,1h,1791212931.1842804,1
cycle_1791212931464,pick_target,completed,,1h,1791212931.5214412,1
cycle_1791212931814,pick_target,completed,,1h,1791212931.8756287,1
cycle_1791212932139,pick_target,completed,,1h,1791212932.1936402,1
cycle_1791212932484,pick_target,completed,,1h,1791212932.544246,1
cycle_1791212932835,pick_target,completed,,1h,1791212932.893025,1
cycle_1791212933184,pick_target,completed,,1h,1791212933.2443838,1
cycle_1791212933534,pick_target,completed,,1h,1791212933.6016915,1
cycle_1791212933876,pick_target,completed,,1h,1791212933.9335272,1
cycle_1791212934214,pick_target,completed,,1h,1791212934.2812426,1
cycle_1791212934583,pick_target,completed,,1h,1791212934.6346319,1
cycle_1791212934895,pick_target,completed,,1h,1791212934.945396,1
cycle_1791212935214,pick_target,completed,,1h,1791212935.281141,1
cycle_1791212935564,pick_target,completed,,1h,1791212935.6237917,1
cycle_1791212935925,pick_target,completed,,1h,1791212935.9830506,1
cycle_1791212936265,pick_target,completed,,1h,1791212936.3131354,1
cycle_1791212936611,pick_target,completed,,1h,1791212936.6630542,1
cycle_1791212936945,pick_target,completed,,1h,1791212937.053792,1
cycle_1791212937334,pick_target,completed,,1h,1791212937.394563,1
cycle_1791212937693,pick_target,completed,,1h,1791212937.743735,1
cycle_1791212938044,pick_target,completed,,1h,1791212938.1033914,1
cycle_1791212938374,pick_target,completed,,1h,1791212938.4337413,1
cycle_1791212938743,pick_target,completed,,1h,1791212938.7938063,1
cycle_1791212939084,pick_target,completed,,1h,1791212939.143366,1
cycle_1791212939445,pick_target,completed,,1h,1791212939.505829,1
cycle_1791212939784,pick_target,completed,,1h,1791212939.8439074,1
cycle_1791212940155,pick_target,completed,,1h,1791212940.2155821,1
cycle_1791212940495,pick_target,completed,,1h,1791212940.5545251,1
cycle_1791212940834,pick_target,completed,,1h,1791212940.9073086,1
cycle_1791212941205,pick_target,completed,,1h,1791212941.2541418,1
cycle_1791212941544,pick_target,completed,,1h,1791212941.5950894,1
cycle_1791212941880,pick_target,completed,,1h,1791212941.9343307,1
cycle_1791212942215,pick_target,completed,,1h,1791212942.2818658,1
cycle_1791212942565,pick_target,completed,,1h,1791212942.624983,1
cycle_1791212942924,pick_target,completed,,1h,1791212942.9947133,1
cycle_1791212943275,pick_target,completed,,1h,1791212943.325397,1
cycle_1791212943614,pick_target,completed,,1h,1791212943.6732893,1
cycle_1791212943965,pick_target,completed,,1h,1791212944.0232594,1
cycle_1791212944325,pick_target,completed,,1h,1791212944.386835,1
cycle_1791212944663,pick_target,completed,,1h,1791212944.7313697,1
cycle_1791212944999,pick_target,completed,,1h,1791212945.0619285,1
cycle_1791212945355,pick_target,completed,,1h,1791212945.4230764,1
cycle_1791212945725,pick_target,completed,,1h,1791212945.78482,1
cycle_1791212946064,pick_target,completed,,1h,1791212946.1234636,1
cycle_1791212946405,pick_target,completed,,1h,1791212946.4723513,1
cycle_1791212946755,pick_target,completed,,1h,1791212946.8149178,1
cycle_1791212947104,pick_target,completed,,1h,1791212947.1640706,1
cycle_1791212947465,pick_target,completed,,1h,1791212947.5246089,1
cycle_1791212947804,pick_target,completed,,1h,1791212947.8793828,1
cycle_1791212948145,pick_target,completed,,1h,1791212948.2049682,1
cycle_1791212948474,pick_target,completed,,1h,1791212948.5343788,1
cycle_1791212948824,pick_target,completed,,1h,1791212948.8838124,1
cycle_1791212949164,pick_target,completed,,1h,1791212949.233002,1
cycle_1791212949515,pick_target,completed,,1h,1791212949.5745132,1
cycle_1791212949844,pick_target,completed,,1h,1791212949.9069138,1
cycle_1791212950204,pick_target,completed,,1h,1791212950.2648733,1
cycle_1791212950564,pick_target,completed,,1h,1791212950.6278987,1
cycle_1791212950925,pick_target,completed,,1h,1791212950.9847574,1
cycle_1791212951278,pick_target,completed,,1h,1791212951.3332844,1
cycle_1791212951625,pick_target,completed,,1h,1791212951.6753306,1
cycle_1791212951964,pick_target,completed,,1h,1791212952.0245745,1
cycle_1791212952334,pick_target,completed,,1h,1791212952.3944814,1
cycle_1791212952694,pick_target,completed,,1h,1791212952.754485,1
cycle_1791212953035,pick_target,completed,,1h,1791212953.0953307,1
cycle_1791212953374,pick_target,completed,,1h,1791212953.4279027,1
cycle_1791212953694,pick_target,completed,,1h,1791212953.7541583,1
cycle_1791212954053,pick_target,completed,,1h,1791212954.1182506,1
cycle_1791212954403,pick_target,completed,,1h,1791212954.4541514,1
cycle_1791212954737,pick_target,completed,,1h,1791212954.7937493,1
cycle_1791212955093,pick_target,completed,,1h,1791212955.1438584,1
cycle_1791212955444,pick_target,completed,,1h,1791212955.493848,1
cycle_1791212955784,pick_target,completed,,1h,1791212955.8435318,1
cycle_1791212956124,pick_target,completed,,1h,1791212956.1840146,1
cycle_1791212956474,pick_target,completed,,1h,1791212956.5236125,1
cycle_1791212956844,pick_target,completed,,1h,1791212956.9044874,1
cycle_1791212957195,pick_target,completed,,1h,1791212957.2549438,1
cycle_1791212957542,pick_target,completed,,1h,1791212957.5935514,1
cycle_1791212957882,pick_target,completed,,1h,1791212957.9346156,1
cycle_1791212958215,pick_target,completed,,1h,1791212958.2653642,1
cycle_1791212958526,pick_target,completed,,1h,1791212958.5738425,1
cycle_1791212958844,pick_target,completed,,1h,1791212958.9041352,1
cycle_1791212959205,pick_target,completed,,1h,1791212959.2645001,1
cycle_1791212959547,pick_target,completed,,1h,1791212959.6039057,1
cycle_1791212959894,pick_target,completed,,1h,1791212959.9438705,1
cycle_1791212960233,pick_target,completed,,1h,1791212960.3484902,1
cycle_1791212960646,pick_target,completed,,1h,1791212960.7034364,1
cycle_1791212960994,pick_target,completed,,1h,1791212961.0467405,1
cycle_1791212961308,pick_target,completed,,1h,1791212961.3665862,1
cycle_1791212961654,pick_target,completed,,1h,1791212961.7131793,1
cycle_1791212962005,pick_target,completed,,1h,1791212962.074186,1
cycle_1791212962355,pick_target,completed,,1h,1791212962.4034746,1
cycle_1791212962694,pick_target,completed,,1h,1791212962.7615058,1
cycle_1791212963059,pick_target,completed,,1h,1791212963.114126,1
cycle_1791212963395,pick_target,completed,,1h,1791212963.4542267,1
cycle_1791212963754,pick_target,completed,,1h,1791212963.8141415,1
cycle_1791212964113,pick_target,completed,,1h,1791212964.1736565,1
cycle_1791212964475,pick_target,completed,,1h,1791212964.5343533,1
cycle_1791212964813,pick_target,completed,,1h,1791212964.8795457,1
cycle_1791212965184,pick_target,completed,,1h,1791212965.2448282,1
cycle_1791212965558,pick_target,completed,,1h,1791212965.6221242,1
cycle_1791212965915,pick_target,completed,,1h,1791212965.9751532,1
cycle_1791212966264,pick_target,completed,,1h,1791212966.3298259,1
cycle_1791212966633,pick_target,completed,,1h,1791212966.6920435,1
cycle_1791212966965,pick_target,completed,,1h,1791212967.02421,1
cycle_1791212967322,pick_target,completed,,1h,1791212967.374416,1
cycle_1791212967665,pick_target,completed,,1h,1791212967.7257733,1
cycle_1791212968046,pick_target,completed,,1h,1791212968.104538,1
cycle_1791212968413,pick_target,completed,,1h,1791212968.473931,1
cycle_1791212968775,pick_target,completed,,1h,1791212968.8423908,1
cycle_1791212969142,pick_target,completed,,1h,1791212969.2024362,1
cycle_1791212969485,pick_target,completed,,1h,1791212969.5518293,1
cycle_1791212969845,pick_target,completed,,1h,1791212969.9033663,1
cycle_1791212970185,pick_target,completed,,1h,1791212970.2439096,1
cycle_1791212970525,pick_target,completed,,1h,1791212970.5838742,1
cycle_1791212970878,pick_target,completed,,1h,1791212970.9444888,1
cycle_1791212971215,pick_target,completed,,1h,1791212971.2756772,1
cycle_1791212971536,pick_target,completed,,1h,1791212971.5857494,1
cycle_1791212971876,pick_target,completed,,1h,1791212971.936497,1
cycle_1791212972215,pick_target,completed,,1h,1791212972.273824,1
cycle_1791212972555,pick_target,completed,,1h,1791212972.6143882,1
cycle_1791212972930,pick_target,completed,,1h,1791212972.994393,1
cycle_1791212973283,pick_target,completed,,1h,1791212973.3357308,1
cycle_1791212973614,pick_target,completed,,1h,1791212973.6734264,1
cycle_1791212973974,pick_target,completed,,1h,1791212974.0357144,1
cycle_1791212974315,pick_target,completed,,1h,1791212974.388188,1
cycle_1791212974665,pick_target,completed,,1h,1791212974.715669,1
cycle_1791212975004,pick_target,completed,,1h,1791212975.0640802,1
cycle_1791212975355,pick_target,completed,,1h,1791212975.4149942,1
cycle_1791212975679,pick_target,completed,,1h,1791212975.7375803,1
cycle_1791212976041,pick_target,completed,,1h,1791212976.094541,1
cycle_1791212976376,pick_target,completed,,1h,1791212976.4361866,1
cycle_1791212976737,pick_target,completed,,1h,1791212976.8176677,1
cycle_1791212977146,pick_target,completed,,1h,1791212977.206403,1
cycle_1791212977508,pick_target,completed,,1h,1791212977.5721881,1
cycle_1791212977894,pick_target,completed,,1h,1791212977.952742,1
cycle_1791212978655,pick_target,completed,,1h,1791212978.7144716,1
cycle_1791212978994,pick_target,completed,,1h,1791212979.0542278,1
cycle_1791212979343,pick_target,completed,,1h,1791212979.393813,1
cycle_1791212979704,pick_target,completed,,1h,1791212979.754305,1
cycle_1791212980044,pick_target,completed,,1h,1791212980.105814,1
cycle_1791212980375,pick_target,completed,,1h,1791212980.4341695,1
cycle_1791212980714,pick_target,completed,,1h,1791212980.7762718,1
cycle_1791212981079,pick_target,completed,,1h,1791212981.1428044,1
cycle_1791212981425,pick_target,completed,,1h,1791212981.4855864,1
cycle_1791212981775,pick_target,completed,,1h,1791212981.8286238,1
cycle_1791212982124,pick_target,completed,,1h,1791212982.1831038,1
cycle_1791212982551,pick_target,completed,,1h,1791212982.6876404,1
cycle_1791212982984,pick_target,completed,,1h,1791212983.0450757,1
cycle_1791212983335,pick_target,completed,,1h,1791212983.3854556,1
cycle_1791212983663,pick_target,completed,,1h,1791212983.7252133,1
cycle_1791212983994,pick_target,completed,,1h,1791212984.0532327,1
cycle_1791212984344,pick_target,completed,,1h,1791212984.4056957,1
cycle_1791212984695,pick_target,completed,,1h,1791212984.7377439,1
cycle_1791212984998,pick_target,completed,,1h,1791212985.0484765,1
cycle_1791212985309,pick_target,completed,,1h,1791212985.359092,1
cycle_1791212985618,pick_target,completed,,1h,1791212985.668089,1
cycle_1791212985946,pick_target,completed,,1h,1791212986.00425,1
cycle_1791212986395,pick_target,completed,,1h,1791212986.45439,1
cycle_1791212986729,pick_target,completed,,1h,1791212986.7871585,1
cycle_1791212987086,pick_target,completed,,1h,1791212987.1443908,1
cycle_1791212987426,pick_target,completed,,1h,1791212987.4836864,1
cycle_1791212987765,pick_target,completed,,1h,1791212987.8243253,1
cycle_1791212988155,pick_target,completed,,1h,1791212988.214855,1
cycle_1791212988495,pick_target,completed,,1h,1791212988.5454426,1
cycle_1791212988845,pick_target,completed,,1h,1791212988.9077923,1
cycle_1791212989185,pick_target,completed,,1h,1791212989.244975,1
cycle_1791212989526,pick_target,completed,,1h,1791212989.591888,1
cycle_1791212989885,pick_target,completed,,1h,1791212989.9582517,1
cycle_1791212990225,pick_target,completed,,1h,1791212990.2749636,1
cycle_1791212990544,pick_target,completed,,1h,1791212990.6044843,1
cycle_1791212990895,pick_target,completed,,1h,1791212990.9553387,1
cycle_1791212991245,pick_target,completed,,1h,1791212991.2944453,1
cycle_1791212991621,pick_target,completed,,1h,1791212991.7018018,1
cycle_1791212991975,pick_target,completed,,1h,1791212992.0346992,1
cycle_1791212992326,pick_target,completed,,1h,1791212992.3741477,1
cycle_1791212992674,pick_target,completed,,1h,1791212992.7522047,1
cycle_1791212993037,pick_target,completed,,1h,1791212993.1029866,1
cycle_1791212993395,pick_target,completed,,1h,1791212993.4450426,1
cycle_1791212993743,pick_target,completed,,1h,1791212993.794876,1
cycle_1791212994095,pick_target,completed,,1h,1791212994.1546166,1
cycle_1791212994445,pick_target,completed,,1h,1791212994.5050638,1
cycle_1791212994795,pick_target,completed,,1h,1791212994.8742936,1
cycle_1791212995206,pick_target,completed,,1h,1791212995.2601979,1
cycle_1791212995575,pick_target,completed,,1h,1791212995.6351972,1
cycle_1791212995935,pick_target,completed,,1h,1791212995.994653,1
cycle_1791212996295,pick_target,completed,,1h,1791212996.3542664,1
cycle_1791212996656,pick_target,completed,,1h,1791212996.7081726,1
cycle_1791212996975,pick_target,completed,,1h,1791212997.034189,1
cycle_1791212997328,pick_target,completed,,1h,1791212997.38725,1
cycle_1791212997695,pick_target,completed,,1h,1791212997.7459052,1
cycle_1791212998085,pick_target,completed,,1h,1791212998.153666,1
cycle_1791212998456,pick_target,completed,,1h,1791212998.5137184,1
cycle_1791212998826,pick_target,completed,,1h,1791212998.884668,1
cycle_1791212999181,pick_target,completed,,1h,1791212999.234738,1
cycle_1791212999527,pick_target,completed,,1h,1791212999.5847554,1
cycle_1791212999880,pick_target,completed,,1h,1791212999.9449613,1
cycle_1791213000240,pick_target,completed,,1h,1791213000.3051233,1
cycle_1791213000566,pick_target,completed,,1h,1791213000.6119273,1
cycle_1791213000880,pick_target,completed,,1h,1791213000.9306753,1
cycle_1791213001198,pick_target,completed,,1h,1791213001.2422035,1
cycle_1791213001525,pick_target,completed,,1h,1791213001.570523,1
cycle_1791213001867,pick_target,completed,,1h,1791213001.9331474,1
cycle_1791214214280,completed,completed,LiquiditySweepCHOCH,4h,1791214580.8945878,1
cycle_1791214582249,completed,completed,Strategy_trial-50,1h,1791214633.6722133,1
cycle_1791214635071,completed,completed,GoldVolCompressionBreakout,4h,1791214654.2728467,1
cycle_1791214655640,completed,completed,LondonNY_LiquiditySweep_Choch,4h,1791215056.6048522,1
cycle_1791215057866,completed,completed,Gold_VolExpansion_TrendContinuation,4h,1791215085.584265,1
cycle_1791215086753,completed,completed,Gold_HTF_Aligned_FVG_Reversion,1h,1791215107.4668612,1
cycle_1791215108857,completed,completed,Gold_Session_VWAP_MeanReversion_Expansion,1h,1791215129.8125103,1
cycle_1791215131299,completed,completed,Gold_Squeeze_Momentum_Breakout,4h,1791215166.6881568,1
cycle_1791215167838,completed,completed,Gold_Daily_Range_Liquidity_Continuation,4h,1791215188.8906634,1
cycle_1791215190082,completed,completed,Gold_4H_Trend_Keltner_Pullback,1h,1791215231.2361028,1
cycle_1791215232399,completed,completed,Gold_Asia_OR_Directional_Sweep,1h,1791215264.036787,1
cycle_1791215265335,completed,completed,Gold_Structural_Displacement_Momentum,4h,1791215297.216622,1
cycle_1791215298382,completed,completed,Gold_4H_BOS_ADX_Momentum,1h,1791215328.6026146,1
cycle_1791215329837,completed,completed,Strategy_trial-0c,4h,1791215374.3679242,1
cycle_1791215375612,completed,completed,Gold_4H_ZScore_Donchian_Regime,4h,1791215403.2921896,1
cycle_1791215404472,completed,completed,GoldKeltnerSweepMomentum,1h,1791215723.3214266,1
cycle_1791215724522,completed,completed,GoldSessionLiquidityReversal,1h,1791215846.0240774,1
cycle_1791215847237,completed,completed,GoldVolExpansionBreakout,4h,1791215875.5783832,1
cycle_1791215876768,completed,completed,GoldSessionMomentumBreakout,1h,1791216058.0485132,1
cycle_1791216059237,completed,completed,GoldKeltnerTrendContinuation,4h,1791216082.0077648,1
cycle_1791216083179,completed,completed,GoldLiquiditySweepReversal,4h,1791216116.1099696,1
cycle_1791216117319,completed,completed,GoldVolSqueezeTrend,4h,1791216146.931425,1
cycle_1791216148159,completed,completed,GoldHTFMicrostructureAlignment,1h,1791216539.1332264,1
cycle_1791216540342,completed,completed,GoldDonchianVolExpansion,1h,1791216691.9113936,1
cycle_1791216693085,completed,completed,GoldAdxRsiTrendPullback,4h,1791216721.9346025,1
cycle_1791216723096,completed,completed,GoldBosPremiumDiscount,4h,1791216907.4794333,1
cycle_1791216908695,completed,completed,GoldVWAPMeanReversion,1h,1791216951.6065664,1
cycle_1791216952817,completed,completed,GoldEMARocMomentumTrend,1h,1791217098.6579103,1
cycle_1791217099836,completed,completed,Strategy_trial-2a,4h,1791217149.586456,1
cycle_1791217150783,completed,completed,GoldZScoreSessionReversion,1h,1791217185.6689625,1
cycle_1791217186845,completed,completed,GoldSessionRangeVolatilityBreakout,1h,1791217210.680586,1
cycle_1791217211888,completed,completed,GoldSupertrendRsiMomentum,4h,1791217237.7851336,1
cycle_1791217239010,completed,completed,GoldStochKeltnerMomentumPullback,1h,1791217264.7334394,1
cycle_1791217265883,completed,completed,GoldBollingerRsiContinuation,4h,1791217427.5203724,1
cycle_1791217428694,completed,completed,GoldHTFDonchianTrendFlow,1h,1791217464.073798,1
cycle_1791217465275,completed,completed,GoldDualSessionRangeExpansion,4h,1791217555.3851862,1
cycle_1791217556669,completed,completed,Strategy_trial-a6,1h,1791217813.8199773,1
cycle_1791217815154,completed,completed,GoldChochAtrMomentum,4h,1791217836.5354164,1
cycle_1791217837684,completed,completed,GoldWmaRsiVolTrend,4h,1791217874.77509,1
cycle_1791217875960,completed,completed,GoldFvgAdxMomentum,4h,1791217908.8052702,1
cycle_1791217909990,completed,completed,GoldKeltnerRocTrend,4h,1791217941.5060499,1
cycle_1791217943020,completed,completed,GoldLiquiditySweepTrendContinuation,1h,1791218056.7850583,1
cycle_1791218057967,completed,completed,GoldSqueezeRsiMomentum,4h,1791218089.701653,1
cycle_1791218091131,completed,completed,GoldHTFMACDSessionMomentum,1h,1791218199.7385938,1
cycle_1791218200931,completed,completed,GoldVolPercentileDonchianBreakout,1h,1791218233.3918185,1
cycle_1791218234573,completed,completed,GoldHTFTrendPullback,1h,1791218367.6235707,1
cycle_1791218368884,completed,completed,GoldBosPremiumDiscountTrend,1h,1791218507.4901032,1
cycle_1791218508670,completed,completed,GoldSessionVwapAdxTrend,1h,1791218530.5005457,1
cycle_1791218531671,completed,completed,GoldRsiAdxTrendPullback,4h,1791218562.2864268,1
cycle_1791218563461,completed,completed,GoldWmaVolRegimeTrend,4h,1791218594.7704158,1
cycle_1791218595967,completed,completed,GoldEmaRocSessionMomentum,4h,1791218711.712755,1
cycle_1791218712906,completed,completed,GoldZScoreEmaReversion,1h,1791218818.0148206,1
cycle_1791218819194,completed,completed,GoldSupertrendRsiMomentum,4h,1791218847.727924,1
cycle_1791218848935,completed,completed,GoldKeltnerBosMomentum,1h,1791218869.084628,1
cycle_1791218870322,completed,completed,GoldBollingerSweepContinuation,1h,1791218905.0983298,1
cycle_1791218906274,completed,completed,GoldStochDonchianSessionMomentum,1h,1791218929.1301486,1
cycle_1791218930320,completed,completed,Strategy_trial-f1,1h,1791219180.4673157,1
cycle_1791219181751,completed,completed,Strategy_trial-b5,4h,1791219393.427244,1
cycle_1791219394638,completed,completed,GoldAdxChochSessionMomentum,1h,1791219414.4556978,1
cycle_1791219415699,completed,completed,GoldSessionRangeAtrBreakout,4h,1791219548.4017553,1
cycle_1791219549586,completed,completed,GoldFvgRsiTrendContinuation,4h,1791219598.9625475,1
cycle_1791219600158,completed,completed,GoldOpeningRangeVolExpansion,1h,1791219630.6930091,1
cycle_1791219631886,completed,completed,GoldLiquiditySweepEmaTrend,4h,1791219718.6714206,1
cycle_1791219719845,completed,completed,Strategy_trial-2d,4h,1791219775.7724693,1
cycle_1791219777024,completed,completed,GoldHtfKeltnerMomentumBreakout,1h,1791219801.3074675,1
cycle_1791219802508,completed,completed,GoldSqueezeVolExpansion,1h,1791219937.7538807,1
cycle_1791219939036,completed,completed,Strategy_trial-5d,1h,1791219994.8863406,1
cycle_1791219996133,completed,completed,GoldPremiumDiscountMacdTrend,1h,1791220201.350067,1
cycle_1791220202683,completed,completed,GoldWmaRocSessionMomentum,1h,1791220378.7483106,1
cycle_1791220379979,completed,completed,GoldAdxDonchianVolBreakout,4h,1791220407.4086928,1
cycle_1791220408584,completed,completed,GoldHtfTrendVolPullback,1h,1791220658.590458,1
cycle_1791220659760,completed,completed,GoldVolPercentileRsiSwing,4h,1791220714.60049,1
cycle_1791220715780,completed,completed,Strategy_trial-9a,4h,1791221018.8201401,1
cycle_1791221020013,completed,completed,GoldSupertrendRsiPullback,4h,1791221047.574194,1
cycle_1791221048775,completed,completed,GoldZscoreBosSessionTrend,1h,1791221217.513078,1
cycle_1791221218725,completed,completed,,1h,1791221592.6496608,1
cycle_1791221593937,completed,completed,GoldKeltnerSweepMomentum,4h,1791221670.119241,1
cycle_1791221671917,completed,completed,Strategy_trial-95,4h,1791221893.3398626,1
cycle_1791221894531,completed,completed,GoldKeltnerSweepReversal,1h,1791221929.184818,1
cycle_1791221930636,completed,completed,GoldSessionORB_TrendContinuation,1h,1791222056.029248,1
cycle_1791222057223,completed,completed,GoldVolatilityAdaptiveTrend,4h,1791222376.8701637,1
cycle_1791222378050,completed,completed,GoldHTFMomentumPullback,1h,1791222413.826498,1
cycle_1791222415055,completed,completed,GoldDonchianBOSMomentum,4h,1791222445.1958337,1
cycle_1791222446457,completed,completed,GoldLiquiditySweepTrend,1h,1791222464.897198,1
cycle_1791222466377,completed,completed,GoldRSIMomentumSessionTrend,1h,1791222661.0501447,1
cycle_1791222662208,completed,completed,GoldVWAPMeanReversionSession,1h,1791222685.025253,1
cycle_1791222686238,completed,completed,GoldSqueezeMomentumBreakout,1h,1791222717.778021,1
cycle_1791222719139,completed,completed,GoldPremiumDiscountTrendFlow,4h,1791222841.0525386,1
cycle_1791222842350,completed,completed,GoldSessionVolatilityExpansion,1h,1791222865.7616973,1
cycle_1791222866951,completed,completed,GoldZScoreVolRegime,1h,1791222899.950417,1
cycle_1791222901229,completed,completed,GoldROCAdxTrendContinuation,4h,1791222923.985793,1
cycle_1791222925161,completed,completed,GoldKeltnerADXRegimeTrend,4h,1791222946.2218711,1
cycle_1791222947441,completed,completed,GoldSupertrendRSIPullback,4h,1791223044.8278208,1
cycle_1791223046050,completed,completed,Strategy_trial-7e,1h,1791223089.1734607,1
cycle_1791229328801,completed,completed,GoldSessionMomentumBreakout,1h,1791229556.6178925,1
cycle_1791229557824,completed,completed,GoldVolatilitySqueezeTrend,4h,1791229691.3931403,1
cycle_1791229692635,completed,completed,GoldKeltnerTrendPullback,1h,1791229849.8090477,1
cycle_1791229851015,completed,completed,GoldHTFMomentumPullback,1h,1791230153.2646248,1
cycle_1791230154449,completed,completed,GoldDonchianRegimeBreakout,1h,1791230666.9138355,1
cycle_1791230668096,completed,completed,GoldLiquiditySweepReversal,1h,1791230793.3342245,1
cycle_1791230794476,completed,completed,GoldVWAPMeanReversionSession,1h,1791231028.4039707,1
cycle_1791231029608,completed,completed,GoldAdxMacdTrendContinuation,4h,1791231173.5328481,1
cycle_1791231174729,completed,completed,GoldBollingerZScoreMeanReversion,1h,1791231337.7967086,1
cycle_1791231338961,completed,completed,GoldSupertrendRsiContinuation,1h,1791231482.5496733,1
cycle_1791231483722,completed,completed,GoldEmaRocMomentumTrend,4h,1791231595.50645,1
cycle_1791231596704,completed,completed,GoldSessionOrderBlockBOS,1h,1791231793.130941,1
cycle_1791231794295,completed,completed,GoldSessionRangeVolatilityExpansion,1h,1791232269.0908952,1
cycle_1791232270259,completed,completed,GoldKeltnerRocMomentum,1h,1791232476.1772883,1
cycle_1791232477352,completed,completed,GoldStochTrendPullback,4h,1791232648.1056762,1
cycle_1791232649274,completed,completed,GoldPrevWeekLiquidityRun,4h,1791232821.6574233,1
cycle_1791232822825,completed,completed,Strategy_trial-fe,1h,1791232956.271035,1
cycle_1791232957456,completed,completed,GoldPrevDaySweepContinuation,4h,1791233114.3006873,1
cycle_1791233115463,completed,completed,GoldAdxKeltnerMomentumBreakout,4h,1791233314.722542,1
cycle_1791233315881,completed,completed,GoldZScoreSessionMomentum,4h,1791233647.80461,1
cycle_1791233648980,completed,completed,GoldHTFDonchianTrendPullback,1h,1791233846.1165156,1
cycle_1791233847280,completed,completed,GoldAdxDiDonchianBreakout,4h,1791233971.1638558,1
cycle_1791233972351,completed,completed,GoldSqueezeSessionBreakout,1h,1791234093.0125008,1
cycle_1791234094193,completed,completed,GoldHtfTrendFvgMomentum,1h,1791234403.4578238,1
cycle_1791234404611,completed,completed,GoldVolPercentileRsiTrend,1h,1791234650.701956,1
cycle_1791234651863,completed,completed,GoldWmaRsiRegimeTrend,4h,1791235111.0050716,1
cycle_1791235112173,completed,completed,GoldDonchianSessionSweep,1h,1791235255.026958,1
cycle_1791235256180,completed,completed,GoldVwapRegimeTrend,1h,1791235646.5387356,1
cycle_1791235647734,completed,completed,GoldMacdAdxTrendContinuation,4h,1791235833.761924,1
cycle_1791235834930,completed,completed,GoldBollingerRsiSessionReversion,1h,1791235964.3211613,1
cycle_1791235965493,completed,completed,GoldSupertrendBosMomentum,4h,1791236150.9914844,1
cycle_1791236152153,completed,completed,GoldRocSessionTrend,1h,1791236246.0699215,1
cycle_1791236247243,completed,completed,GoldAdxKeltnerRocContinuation,4h,1791236454.2320776,1
cycle_1791236455404,completed,completed,GoldBbWidthMomentumBreakout,4h,1791236581.2841625,1
cycle_1791236582660,completed,completed,GoldKeltnerRsiMomentumFlow,1h,1791236770.1089547,1
cycle_1791236771275,completed,completed,GoldChochPremiumDiscountTrend,4h,1791237027.0184746,1
cycle_1791237028173,completed,completed,GoldHtfEmaStochSessionMomentum,1h,1791237432.0818138,1
cycle_1791237433267,completed,completed,GoldLiqSweepEmaTrend,4h,1791237585.2899063,1
cycle_1791237586478,completed,completed,GoldStochEmaSessionPullback,1h,1791237744.9487689,1
cycle_1791237746115,completed,completed,GoldOrBosSessionTrend,1h,1791237928.1845293,1
cycle_1791237929381,completed,completed,GoldZscoreSwingSweep,4h,1791238161.7000413,1
cycle_1791238162863,completed,completed,GoldPrevDayLiqSweepSessionTrend,1h,1791238403.3190756,1
cycle_1791238404502,completed,completed,GoldSessionVwapRocMomentum,1h,1791238553.3514237,1
cycle_1791238554502,completed,completed,GoldSqueezeAdxMomentum,1h,1791238669.4482725,1
cycle_1791238670620,completed,completed,GoldHtfDonchianAdxTrend,1h,1791238960.6347198,1
cycle_1791238961861,completed,completed,GoldKeltnerRocSessionFlow,4h,1791239108.3109102,1
cycle_1791239109469,completed,completed,GoldVolRegimeWmaOrderBlock,4h,1791239952.136738,1
cycle_1791239953333,completed,completed,GoldDonchianAdxVolBreakout,4h,1791240076.3229175,1
cycle_1791240077552,completed,completed,GoldRsiTrendPullbackBreakout,4h,1791240249.381428,1
cycle_1791240250545,completed,completed,GoldMacdHtfTrendSessionFlow,1h,1791240492.4365666,1
cycle_1791240493621,completed,completed,GoldBollingerAdxTrendPullback,4h,1791240660.831122,1
cycle_1791240661989,completed,completed,GoldSupertrendFvgContinuation,4h,1791240808.841365,1
cycle_1791240810029,ideate,in_progress,,1h,1791240810.029035,1
